Baby Boy Names Registered in 1991,#,Baby Boy Names2,A.1,Aantyn1,Aarin147,Aaron1,Aaron-Dean1,AaronLee1,Aaron-Lee1,Aarron1,Aashish1,Aazan1,Abbass1,Abdallah1,Abdal-Rahman1,Abdel-Tawab1,Abdo-El-Muttaulib1,Abdu2,Abdul1,Abdulghani1,Abdulkadir1,Abdullah2,Abdul-Rahman1,Abdu-Rahman1,Abel1,Abey2,Abid1,Abiola2,Abraham3,Abram1,Aceah1,Ackle171,Adam1,Adan3,Addison1,Adeel2,Adel1,Adib1,Adil1,Adnaan1,Adnan1,Adonis1,Adreian22,Adrian2,Adriel4,Adrien1,Adyn1,Aerlan1,Afshin1,Aftab#,Baby Boy Names1,Agassi5,Ahmad3,Ahmed1,Ahren12,Aidan1,Aitash3,Ajay1,Ajaz1,Ajeet1,Akeem1,Akeem-Jamal1,Akshay4,Alain18,Alan1,Alasdair1,Alastair1,Alaxander11,Albert3,Alberto1,Alden1,Aldin2,Alec1,Aleem3,Alejandro1,Alek37,Alex200,Alexander1,Alexander-John2,Alexandre1,Alexendre1,Alexi1,Al-Fahd5,Alfred2,Alfredo10,Ali1,Alistair1,Alister2,Alix1,Allaa-Dean20,Allan1,Allan-Michael14,Allen1,Allias1,Allison1,Alois1,Alonso2,Alonzo1,Altaf#,Baby Boy Names1,Alvaro6,Alvin2,Aly1,Alykhan2,Amadeus2,Aman1,Amanbir1,Amar2,Amardeep2,Amarveer1,Ameer3,Amin2,Amir1,Amis2,Amit1,Amitoj2,Amitpal1,Amogh3,Amos1,Amos-Moses1,Amr1,Amrik1,Amrinder1,Amrit1,An3,Anders1,Anderson1,Andin11,Andre3,Andreas1,Andreaus3,Andrei1,Andres317,Andrew1,Andrew-James1,Andries2,Andrij12,Andy4,Angelo9,Angus1,Anil1,Anish1,Ankhit1,Ankur1,Anson1,Anthoney112,Anthony5,Anton#,Baby Boy Names9,Antonio6,Antony1,Anup1,Anwar1,Aodhan1,Apollo1,Aquilla1,Aral1,Arash1,Arashdeep1,Archie1,Ardel1,Arick2,Ariel1,Aries1,Arjun1,Arlan1,Arland1,Arlen1,Arlie2,Arlo2,Armando1,Armanjot1,Arnel6,Arnold6,Aron3,Arron1,Arshan1,Arta1,Arther10,Arthur1,Arvin1,Aryeh1,Asa1,Asaad1,Asad1,Asheesh1,Asher1,Ashley1,Ashneel1,Ashok13,Ashton2,Asif1,Asim1,Asnil1,Atinderpal1,Atomu1,Atul2,Aubrey#,Baby Boy Names1,Aubyii1,Audrius2,August1,Augustin1,Augustus1,Aurey2,Austen48,Austin3,Avery1,Avinesh2,Avneet1,Awebre2,Axel1,Axle1,Axyl1,Ayman1,Aymen1,Ayoub1,Ba25,Baby1,Bachan1,Bahi1,Bakshi1,Baldwin1,Baljinder1,Baljit1,Baljot1,Balmore1,Balram2,Baltej1,Barett1,Barnabas1,Barret6,Barrett1,Barron9,Barry1,Bart1,Bartek2,Bartholomew1,Bartosz1,Basem1,Bashar1,Basheer1,Basil1,Baston1,Batam1,Baxter1,Beatah9,Beau#,Baby Boy Names1,Beau-Justice1,Becker1,Beelal1,Behzad3,Belal1,Bellal9,Ben1,Benedict1,Benen3,Benjamen132,Benjamin4,Bennett2,Benny1,Benoit2,Benson2,Bentley2,Benton1,Berkley7,Bernard1,Bernhort2,Bevan2,Bilal5,Bill3,Billy1,Billyjoe1,Biong1,Bivash2,Blain14,Blaine20,Blair2,Blaire2,Blaise35,Blake1,Blandon1,Blane6,Blayne3,Blayze3,Blaze4,Bo6,Bobby1,Boleslaw1,Bond1,Borden1,Boris1,Borna1,Boston1,Bowdrie1,Boyvin4,Brad#,Baby Boy Names50,Braden1,Bradford1,Bradlee130,Bradley5,Bradly1,Bradon15,Brady1,Braedan9,Braeden4,Braedon2,Braiden1,Braidon2,Braidy5,Brandan14,Branden2,Brandin185,Brandon1,Brandt6,Brandyn1,Branigan5,Brant1,Brantin-James1,Brantley1,Braunt1,Braven1,Braxton29,Brayden5,Braydon1,Brayten1,Brecken88,Brendan11,Brenden1,Brendin21,Brendon25,Brennan6,Brennen4,Brennon1,Brenon52,Brent1,Brenton1,Brentt12,Bret135,Brett1,Bretten4,Bretton63,Brian1,Brian-Thang-Vo1,Brice1,Brien#,Baby Boy Names1,Brigham1,Brinder13,Brock1,Brockton1,Brodey13,Brodie17,Brody6,Bronson2,Brook1,Brooke10,Bruce1,Bruno32,Bryan3,Bryant53,Bryce1,Brycin3,Brydon7,Bryn1,Bryndin1,Bryndon2,Bryon1,Bryor1,Bryre1,Brysen4,Bryson5,Bryton1,Brytton1,Buchanan1,Buddy1,Burgess1,Burton16,Byron1,C.1,Cade2,Caden1,Cadmar2,Cael1,Cahl1,Caidan1,Cain2,Caine2,Cal1,Calan1,Calder7,Cale24,Caleb1,Calen1,Calin1,Callahan#,Baby Boy Names1,Callan2,Callen2,Callum4,Calum25,Calvin1,Cam1,Camden1,Camdyn112,Cameron1,Camil1,Camron1,Caoinleain6,Carey1,Carik18,Carl2,Carlin1,Carlisle1,Carlo5,Carlos1,Carlton1,Carlyle1,Carmelo1,Carmen1,Carmichael1,Carmine31,Carson14,Carter2,Cary21,Casey1,Cash1,Cashton1,Cason1,Caspian4,Cass4,Cassidy1,Catlen7,Catlin1,Caton1,Cayl2,Caylan1,Cayle1,Caylen3,Cecil1,Cein1,Centrone2,Cesar1,Chace79,Chad1,Chadd#,Baby Boy Names1,Chadi2,Chadwick1,Chadwin1,Chai1,Chaim1,Chaise26,Chance1,Chancelor1,Chandeep4,Chandler2,Chane1,Chaney1,Channce2,Channing1,Chanse1,Charan1,Charanjit1,Charbel24,Charles3,Charlie1,Charlo1,Chas59,Chase1,Chason2,Chayse1,Chaz1,Chee1,Chester1,Chett1,Chetwynn3,Chevy1,Chewynn1,Chirag3,Chris1,Christafer1,Christapher1,Christen38,Christian1,Christofer1,Christoffer1,Christon1,Christoper1,Christophe372,Christopher2,Christophor1,Chu2,Chuck1,Chun2,Cian#,Baby Boy Names2,Ciaran1,Cieran2,Clancy4,Clarence1,Clark2,Clarke2,Claude6,Clay1,Clayborne39,Clayton9,Clifford1,Clifton4,Clint21,Clinton1,Clive1,Clyde1,Clyson1,Coady3,Codi1,Codi-James245,Cody1,Cody-James1,Cody-Lee1,Cogan1,Cohen1,Colan1,Colben1,Colbey1,Colbie33,Colby72,Cole7,Coleman1,Coleton81,Colin9,Collin1,Colt1,Coltan14,Colten4,Colter2,Coltin58,Colton1,Colwyn1,Conan1,Conar1,Conlynn1,Connaire6,Conner83,Connor1,Connors#,Baby Boy Names9,Conor13,Conrad1,Conroy1,Conroyd1,Constandinos1,Constantine1,Conyn5,Cooper1,Corban1,Corbett10,Corbin2,Cord7,Cordell50,Corey1,Corim1,Corleone1,Corneleus1,Cornelis2,Cornelius1,Cornell1,Corson1,Cortlan1,Corwin62,Cory1,Cote2,Coty1,Cougar1,Coulee1,Courtland2,Courtney65,Craig1,Crawford1,Creedence2,Creighton1,Creseijner1,Cris1,Cristen2,Cristian1,Cristino1,Cristobal2,Cristopher1,Crosby1,Croydon1,Cruz1,Cullen1,Curran3,Curt96,Curtis1,Cy#,Baby Boy Names3,Cyle1,Cyril5,Cyrus1,D.1,Dacen2,Dacota2,Daelan1,Daemion1,Daerio1,Daimon2,Dain1,Dainen2,Dakoda40,Dakota1,Dakotah16,Dale3,Dalen1,Dallan40,Dallas3,Dallen8,Dallin1,Dallon22,Dalton1,Dalyce1,Dalyn1,Damain1,Daman1,Damein13,Damian6,Damien4,Damion5,Damon4,Dan5,Dana1,Danan1,Dancin15,Dane1,Danial278,Daniel1,Daniell1,Daniel-Paul1,Dannis14,Danny1,Dante1,Danten5,Danton1,Dara1,Dararasmey2,Darby#,Baby Boy Names1,Darcey25,Darcy2,D'Arcy1,Darek1,Daren4,Darian2,Darien2,Darin5,Dario2,Darion4,Darius1,Darnel1,Darnell5,Darrel2,Darrell41,Darren1,Darrian1,Darrick3,Darrin1,Darris9,Darryl2,Darwin4,Daryl1,Daryle1,Daryn1,Dashiel1,Dat1,Daton1,Daven294,David1,David-Iain6,Davin5,Davis1,Dawiane1,Dawood2,Dawson1,Dax2,Daxton1,Dayce5,Daylan1,Dayle1,Daylen1,Daylon1,Daymon1,Daymond2,Dayn1,Dayna6,Dayne1,Dayten#,Baby Boy Names10,Dayton31,Dean1,Decklin1,Deigan1,Deihl1,Deion1,Deiryk2,Deiter1,Dekoda1,Delain1,Delamar3,Delaney1,Delby1,Dellas1,Delman1,Deltin2,Delvin1,Delwyn1,Demerius2,Denis1,Denni19,Dennis1,Dennon2,Denny1,Densa2,Denton4,Denver1,Denzel1,Derec2,Dereck102,Derek1,Derence4,Derick1,Derik1,Derreck1,Derrian34,Derrick1,Derron1,Deryk1,Deshane9,Desmond1,Desmund1,Destin1,Detton7,Devan4,Deven1,Devery62,Devin1,Devinder#,Baby Boy Names2,Devlin74,Devon4,Dexter1,Deyved1,Dharminder1,Dick2,Dickson2,Diedrich1,Diego1,Dieter1,Dietmar1,Dilawar3,Dillan1,Dillian1,Dillin1,Dillion45,Dillon1,Dimitri2,Dimitrios3,Dion1,Dionne1,Dirk1,Dixon1,Dmetri2,Domenico19,Dominic1,Dominique4,Don25,Donald1,Donavin4,Donavon1,Donnelly11,Donovan1,Donovin1,Donovon3,Dorian1,Dorin31,Douglas1,Dragan7,Drake1,Draper1,Drayden1,Draytin1,Drayton26,Drew1,Dru1,Dryden1,Duall4,Duane#,Baby Boy Names1,Duc1,Dugald2,Dugan1,Duglas1,Duke1,Du-Khang17,Duncan1,Dunne1,Duran1,Durant1,Durrell1,Durrill1,Dushyant3,Dustan1,Dusten1,Dustie126,Dustin1,Dustine1,Dustin-Lee4,Dusty5,Dustyn1,Duy-Khiem6,Dwayne7,Dwight194,Dylan2,Dylon2,Dyson7,Earl1,Earnest1,Eassa1,Ebrahim1,Edai2,Eddie1,Eddy2,Edmond1,Edmund1,Edrihan1,Edrin1,Eduardo20,Edward8,Edwin2,Eirik1,Elden1,Eldon1,Eldrin2,Eli13,Elias1,Eliezer10,Elijah#,Baby Boy Names1,Eliot1,Eliott1,Elisha10,Elliot4,Elliott2,Ellis2,Elton2,Elvis1,Emad1,Emele1,Emerson4,Emil2,Emilio1,Emmanuel4,Emmett1,Emory1,Emri1,Enrico1,Enrique1,Ercole1,Erek144,Eric3,Erich6,Erick1,Eric-Kieth34,Erik4,Ernest1,Ernie4,Errol1,Ershad2,Erwin1,Eryn1,Ethain56,Ethan1,Ethan-Allan1,Ethen2,Etienne4,Eugene1,Eugenio130,Evan7,Everett1,Evyn3,Ezra1,Faddei1,Faisal1,Faiz-Ali1,Farren1,Farris1,Farzeen#,Baby Boy Names1,Farzin1,Fayiz5,Felix1,Feras2,Fergus4,Fernando1,Ferris1,Fidel1,Filmon1,Finn1,Fionn1,Flint1,Floyd2,Forest4,Forrest2,Foster2,Fouad2,Francesco7,Francis1,Francisco1,Franco2,Francois10,Frank2,Franklin1,Franklyn1,Franky3,Fraser1,Frazer1,Fred2,Freddie2,Frederic5,Frederick1,Fredric3,Fredrick1,Frisco1,Fuk1,Fulton1,Fung1,Futa16,Gabriel1,Gaelen1,Gagandeep5,Gage1,Gaian1,Galen1,Galvin1,Gared3,Gareth6,Garett#,Baby Boy Names1,Garin1,Garitt4,Garnet1,Garnett1,Garon12,Garret54,Garrett2,Garrick1,Garrin1,Garrit1,Garry8,Garth19,Gary1,Garyn1,Gates1,Gauge1,Gauhar1,Gaurav14,Gavin1,Gavyn1,Gearard1,Geesteranus1,Gene1,Genesis3,Geoff2,Geoffery19,Geoffrey2,Geordan1,Geordi1,Geordie23,George1,Georges-Jhon13,Gerald2,Gerard1,Gerardo1,Gergely1,Gerhard1,Gerrett1,Gerrin1,Gerrit1,Gerritt1,Gerrold1,Gerry1,Ghais2,Ghassan1,Gia1,Giacomo1,Gian1,Giancarlo#,Baby Boy Names1,Gianpiero1,Gibreal5,Gideon1,Gilbert1,Giles1,Gillian1,Gillis1,Gilmore1,Gino4,Giovanni1,Giuliano1,Giuseppe14,Glen12,Glenn1,Godwin1,Gorden18,Gordon1,Gradey4,Grady10,Graeme35,Graham26,Grant1,Graydon5,Grayson4,Greg1,Gregery4,Gregg1,Gregorie1,Gregorios82,Gregory1,Gryphon1,Gui1,Gunnar1,Gurbir1,Gurdeep1,Gurdev2,Gurinder1,Gurjot1,Gurman2,Gurpaul2,Gurpreet1,Gurprince1,Gurveer1,Gurvier1,Guy1,Hadi1,Hadley1,Hai-Y1,Halen#,Baby Boy Names1,Hall1,Halley1,Halvard1,Hamed1,Hamish1,Hamza3,Hans1,Harbir1,Hardeep2,Hardy1,Haris1,Harjot1,Harjup1,Harkaran4,Harlan1,Harlee2,Harlen14,Harley1,Harly2,Harman1,Harmanbir3,Harold1,Harpreet1,Harreson11,Harrison6,Harry1,Harsimran1,Hartley5,Harvey1,Hasaan1,Hashim4,Hassan1,Haven1,Havok1,Hawkin1,Hawkins18,Hayden1,Haydon1,Heath1,Hector1,Heesoo1,Heike1,Heinz1,Hendrik3,Henri19,Henry1,Herbert3,Herman1,Hermes#,Baby Boy Names1,Hersh1,Hidenori1,Hieth1,Hilary1,Hisam1,Hoang1,Holden2,Hong2,Horace1,Horus4,Houston3,Howard1,Howie3,Hubert1,Hudson2,Hugh1,Hugo2,Hunter4,Hussein3,Hussien2,Huu1,Huu-Tuan1,Huy1,Hyrum5,Iain70,Ian1,Ibraham1,Ibraheem1,Ibrahim1,Ignacy1,Ignazio1,Ihem1,Imran1,Imrandeep1,Inder1,Inderjot1,Inderpaul1,Iosip1,Iqbal2,Ira1,Irin1,Irvin1,Irwin13,Isaac1,Isaac-Victor1,Isaak1,Isaiah1,Ishrat1,Ismael#,Baby Boy Names1,Issa1,Istvan1,Itai8,Ivan1,Iveson1,J.7,Jace9,Jack1,Jackie8,Jackson2,Jacky87,Jacob2,Jacobus3,Jacques2,Jad2,Jade3,Jaden1,Jade-William1,Jaedan1,Jaffar2,Jagdeep1,Jagger1,Jagman1,Jagmohan1,Jagveer1,Jahimba1,Jahtra1,Jaiden2,Jaime1,Jaith34,Jake1,Jake-Amazariah2,Jakob1,Jakub1,Jamaal1,Jamael6,Jamal1,Jamall-Ciro1,Jaman1,Jamar2,Jameel1,Jamen266,James1,Jameson1,Jamey1,Jami51,Jamie1,Jamiel1,Jamie-Lee#,Baby Boy Names2,Jamieson2,Jamin1,Jamir3,Jan1,Jann1,Jantz1,Jarad92,Jared1,Jarek5,Jaret2,Jareth3,Jarett4,Jarid1,Jarmanjeet1,Jarod4,Jaron4,Jarred7,Jarret12,Jarrett3,Jarrod1,Jarron1,Jarryd5,Jarvis1,Jaryd1,Jaryn1,Jas1,Jasen1,Jasjeeven1,Jaskarn1,Jasman2,Jasmeet1,Jasminder152,Jason1,Jason-Leigh1,Jaspal1,Jaspaul3,Jasper1,Jaspreet1,Jasraj1,Jastinder1,Jasvinder1,Jatinder1,Javaid2,Javan1,Javer2,Javier12,Jay3,Jayce1,Jay-Cee#,Baby Boy Names2,Jayde8,Jayden1,Jaydi1,Jay-Die1,Jaydon3,Jaye1,Jaylin6,Jayme3,Jaymes1,Jaymeson1,Jaymond1,Jaynen2,Jayroy4,Jayson1,Jayton1,Jayvin3,Jazz4,Jean1,Jean-Emmanuel1,Jean-Francois2,Jean-Luc1,Jean-Lynn2,Jean-Paul1,Jean-Philippe1,Jean-Pierre1,Jed1,Jedidiah2,Jeff1,Jefferey2,Jefferson23,Jeffery1,Jeffory1,Jeffray1,Jeffree116,Jeffrey1,Jeigh1,Jenner1,Jens1,Jensen1,Jenson1,Jerad1,Jeramiah1,Jerard2,Jered1,Jerel1,Jeremi11,Jeremiah6,Jeremie94,Jeremy#,Baby Boy Names1,Jeremy-Mathieu2,Jerett1,Jerid2,Jerimiah3,Jermaine1,Jerome1,Jerraco1,Jerrad2,Jerred1,Jerret1,Jerrett6,Jerry1,Jersson1,Jesie2,Jess234,Jesse2,Jesse-Lee1,Jessey1,Jessi1,Jessiah32,Jessie1,Jessie-Rolf1,Jesson8,Jessy1,Jestin1,Jetson1,Jevin1,Jiancheng2,Jim14,Jimmy1,Joa1,Joachim1,Joaquin1,Joby2,Jodi1,Joe94,Joel3,Joeseph1,Joesph17,Joey5,Johan2,Johannes151,John1,Johnan47,Johnathan1,Johnathan-James1,Johnathen11,Johnathon8,Johnny#,Baby Boy Names1,John-Paul2,Johnson1,Johny1,Jolan1,Jomaa1,Jomar8,Jon13,Jonah2,Jonas165,Jonathan1,Jonathan-Vathana21,Jonathon1,Jondalar385,Jordan6,Jorden2,Jordi28,Jordon2,Jordy1,Jordyn1,Jorey1,Jorgan2,Jorge1,Jorgen1,Jori1,Jorrie8,Jory4,Jose3,Josef147,Joseph1,Joseph-Gilles4,Josh1,Joshaua3,Joshawa321,Joshua1,Joshua-John1,Joshuha1,Joshwa8,Josiah2,Josue1,Jourdain1,Jovan1,Jovon1,Jowdate1,Jozef1,Jozeph1,Juan2,Jules24,Julian3,Julien#,Baby Boy Names2,Julio1,July1,Junior4,Justen2,Justice318,Justin1,Justyn1,Jyi1,Ka2,Kacey1,Kacper1,Kadeem1,Kadeem-Jamal1,Kaden1,Kadin1,Kadyn1,Kael2,Kaelan1,Kage5,Kai1,Kai-Lee1,Kailen1,Kain1,Kainan1,Kaine1,Kalcey9,Kale7,Kaleb1,Kalem1,Kalen3,Kalin1,Kalle1,Kallon1,Kalpesh1,Kalten4,Kalvin1,Kalvin-Eugene1,Kam1,Kamal1,Kameron1,Kami1,Kamil1,Kammryn2,Kamron1,Kamson1,Kan4,Kane1,Kanwarajit1,Kar#,Baby Boy Names1,Karanveer2,Karim11,Karl1,Karl-Heinz1,Karmanjot1,Karndeep1,Karndip2,Karnveer1,Karnvir1,Karsen5,Karson3,Karsten2,Karter1,Karthik1,Kar-Wing1,Kase3,Kasey2,Kash1,Kasim1,Kassem1,Kassidy1,Kastriot3,Katlin1,Kavneet1,Kayden1,Kaylan6,Kayle1,Kayler1,Kaylor2,Kayne1,Kayo1,Kayton1,Kaz1,Kazuma2,Keagan1,Kean2,Keanan2,Keanu1,Keath14,Keaton1,Keddy1,Kedeem15,Keegan1,Keehan2,Keelan14,Keenan1,Keenen1,Keeven1,Kehgan#,Baby Boy Names4,Keifer2,Keir1,Keiran1,Keita37,Keith1,Kelby1,Kelcey1,Keldon1,Keldyn1,Kellan1,Kelland1,Kellen33,Kelly1,Kelly-J.13,Kelsey1,Kelson1,Kelsy3,Kelton10,Kelvin1,Kemal1,Ken1,Kenan2,Kendal8,Kendall1,Kendon3,Kendrick1,Kendron2,Kenji1,Kennan1,Kennedy1,Kennet48,Kenneth1,Kennith3,Kenny12,Kent1,Kenten11,Kenton2,Kerry1,Kersten1,Kesston4,Kevan1,Keven183,Kevin1,Keyanno1,Keyono1,Khai1,Khaled1,Khalen3,Khalil#,Baby Boy Names2,Khang9,Kiefer3,Kiel1,Kieland1,Kien8,Kieran2,Kiernan1,Kieron1,Kiet1,Kievan2,Killian1,Kim1,Kimalel1,Kimb2,Kipp8,Kirby10,Kirk1,Kirtis1,Kjell1,Kjellby1,Klais1,Klayton2,Klinton1,Klynt1,Kobie1,Koda1,Kodee2,Kodi22,Kody2,Kohl2,Kolby3,Kole1,Kolin3,Kolten5,Kolton1,Konlee1,Korbyn2,Korey11,Kory1,Kotee1,Kougar3,Kraig1,Krayvin3,Kris1,Krishaneel7,Kristian1,Kristin1,Kristipher1,Kristjan#,Baby Boy Names6,Kristofer1,Kristoffer1,Kriston38,Kristopher1,Kristophier1,Kronin1,Kruse1,Krzysztof1,Kulveer1,Kulwaran1,Kunal23,Kurt40,Kurtis1,Kush1,Kushal1,Kwandell1,Kwasi1,Kwok1,Kye423,Kyle7,Kyler1,Kynan1,Kyran1,Kyrillos1,Lachlan1,Lachlin2,Laine1,Laird1,Lairen1,Lakota1,Lakotah1,Lakshpaul1,Lamar17,Lance1,Landan4,Landen1,Landin1,Landis31,Landon2,Landyn13,Lane1,Lanie3,Lanny1,Lanson1,Laredo1,Larren6,Larry1,Lars1,Larson#,Baby Boy Names1,Lary1,Laryn1,Lauchlin1,Lawade1,Lawrenace17,Lawrence1,Lawton1,Laylin4,Layne2,Layton1,Lazarus1,Lcome1,Leagh1,Lealand1,Leander1,Leandrew1,Leask1,Leasure18,Lee1,Leevon1,Leif1,Leigh4,Leighton8,Leland1,Lemuel1,Lennie1,Lennox4,Leo1,Leodoro4,Leon9,Leonard1,Leonardo1,Leroy9,Leslie47,Levi2,Levon5,Lewis27,Liam1,Liben1,Lieberson2,Lief1,Lije1,Lincolin2,Linden2,Lindsey3,Lionel1,Liyanage1,Lliam8,Lloyd#,Baby Boy Names1,Loaay100,Logan1,Logan-William1,Lohan1,Lomere1,Lon3,Lonnie1,Lonny2,Loren1,Lorentz1,Lorenz3,Lorenzo1,Lorin1,Loring1,Lorn5,Lorne1,Loueye1,Loughlan5,Louis1,Love1,Lovepreet1,Lowen1,Loyaan1,Luan7,Luc1,Luca65,Lucas1,Lucky1,Luellan1,Luigi6,Luis2,Luka4,Lukas1,Lukasz44,Luke1,Luqman1,Lydon14,Lyle2,Lynden8,Lyndon1,Lynton1,M.1,Macaulay1,Mace1,Mackenzi43,Mackenzie1,Macmillan1,Madisen4,Madison#,Baby Boy Names1,Magellan1,Magnus5,Mahmoud1,Maitland1,Maitlind1,Majeed1,Majid1,Makenzie12,Malcolm1,Malee1,Malek1,Mandeep1,Maninder1,Manjinder1,Manjot1,Manmeet1,Manraj3,Manuel1,Manveet27,Marc1,Marc-Andre5,Marcel1,Marcel-Andre1,Marcelo10,Marco1,Marcos1,Marc-Robert29,Marcus1,Mariano6,Mario1,Marion156,Mark1,Markian3,Markus1,Marlen3,Marlon4,Marshal11,Marshall29,Martin1,Martti3,Marty7,Marvin1,Marwan1,Masato27,Mason1,Massimo1,Mataji2,Mateusz1,Matheau#,Baby Boy Names55,Mathew1,Mathews8,Mathieu4,Matt1,Matteo489,Matthew3,Matthieu1,Matthys1,Matti4,Maurice1,Mauricio10,Max1,Maxamillian1,Maxfield2,Maxim1,Maxime2,Maximilian2,Maximillian23,Maxwell1,Mazdak1,Mcallister1,Mcgachen1,Mckenzie1,Mcneil1,Mekko1,Meletis4,Melvin1,Menard1,Mercer1,Merle1,Merrick1,Merrill1,Merven1,Mervyn1,Metro7,Micah1,Micaiah505,Michael1,Michael-Joseph4,Michal47,Micheal1,Micheil1,Michel1,Michiel1,Mickey1,Miguel1,Mihail6,Mikael1,Mikal#,Baby Boy Names5,Mike2,Mikel1,Mikhail1,Milan1,Mile11,Miles2,Milo1,Mina3,Minh1,Misha2,Mitch1,Mitchall26,Mitchel128,Mitchell1,Mithilan1,Mitz3,Mohamad7,Mohamed3,Mohammad6,Mohammed1,Mohmmed1,Mohtashim1,Moisey1,Momeen1,Mond1,Montana1,Monte40,Morgan1,Morgin1,Moritz2,Morris2,Moses1,Moshe1,Mossa1,Motlee1,Mottasim1,Mouhamed1,Moukhoiber1,Mounir1,Moussa1,Moutiz1,Muaaz1,Muhammed1,Mujtaba1,Mukendi1,Muneeb1,Munish9,Murray1,Murtaza#,Baby Boy Names1,Musa2,Mustafa1,Mykenzie1,Mykola1,Mykyl16,Myles5,Myron1,Nabeal1,Nabhan1,Nabil2,Nadeem1,Nadir1,Naheer1,Nairn2,Nam1,Naofumi2,Nash1,Nashae1,Nasser1,Nate164,Nathan3,Nathanael4,Nathanial26,Nathaniel1,Nathan-John5,Nathen1,Nathon1,Nat-Tosi-Na1,Navada2,Navdeep1,Naveet1,Navin1,Navpratap1,Naythan1,Nazheef2,Neal1,Nebal1,Neepin2,Neeraj1,Nehemiah26,Neil1,Neils1,Neko6,Nelson1,Nereo1,Nestor1,Nethanel1,Nghiep1,Ngoc#,Baby Boy Names3,Niall1,Niceray1,Nichalos1,Nichika202,Nicholas2,Nick1,Nickalaus1,Nicklas1,Nicklaus1,Nickleaus1,Nickola11,Nickolas2,Nickolaus2,Nico1,Nicola1,Nicolaas28,Nicolas1,Nicolaus2,Niels13,Nigel1,Nii3,Nikki2,Niklas1,Niklaus1,Nikola4,Nikolai6,Nikolas2,Nikolaus1,Nimrod1,Niphon1,Nischay1,Nissan1,Nixon1,Nizar9,Noah2,Noel40,Nolan1,Nonda2,Norbert4,Norman1,Normand1,Norton1,Nour1,Nowaf1,Noy1,Nyal1,Obeydah1,Ole8,Oliver#,Baby Boy Names1,Olivier10,Omar1,Omid1,O'Neil1,Oren1,Orin2,Orion1,Orran2,Orrin1,Orry6,Oscar1,Osman1,Ote18,Owen1,P.1,Pablo1,Pace1,Padraig1,Paidon1,Palmer1,Pantelis1,Parbdeep1,Pardeep1,Paris9,Parker1,Parth2,Pascal1,Pat106,Patrick1,Patrick-Micheal88,Paul1,Paula1,Paulus1,Pavitar1,Pawek1,Pawel3,Payden2,Payton1,Peder1,Pendleton1,Penley1,Percy4,Perry1,Petar77,Peter1,Petros1,Peyton1,Phanno1,Pheonix#,Baby Boy Names1,Phi1,Phi-Hung1,Philaret26,Philip1,Philip-James1,Philipp3,Philippe26,Phillip2,Phillipe3,Pierce5,Pierre1,Pierus1,Pinto3,Piotr1,Prabhvir1,Prabjot1,Prambir1,Praneel1,Prasandeep1,Prateek1,Praveen1,Pravjoat1,Prescott12,Preston2,Puneet1,Punit1,Qaal1,Qamar1,Qonda1,Quaid1,Quan1,Quanah1,Quang7,Quentin2,Quincy1,Quinlan14,Quinn1,Quinten4,Quintin18,Quinton3,Quoc1,Rabieh1,Radford1,Radoslaw2,Rae1,Rafal1,Rafeeh1,Raheem2,Rahim#,Baby Boy Names1,Rahtha2,Rahul1,Rainbow1,Rainer1,Raja2,Rajbir1,Rajee1,Rajesh1,Rajinder2,Rajiv1,Rajkaran1,Rajnish1,Rajveer1,Rajvinder1,Rajvir5,Ralph1,Ramandeep1,Ramee1,Ramel1,Rameses1,Rami1,Ramin1,Ramjeet1,Ramon3,Ramsey1,Ramzi1,Ranbeer1,Rance3,Randal14,Randall1,Randell1,Randhir1,Randolph25,Randy1,Ranie1,Ranley2,Raphael1,Rasandeep1,Rashad1,Raven1,Ravinder1,Ravinderpaul1,Rawad1,Rawley2,Ray1,Raydon1,Rayhaan1,Rayman38,Raymond#,Baby Boy Names1,Rayne1,Rayson1,Redmond5,Reece3,Reed1,Reegan1,Reese3,Regan1,Reggie3,Reginald1,Reichel22,Reid1,Reilley2,Reilly1,Reison3,Remi1,Renan1,Renay4,Rene3,Reuben2,Rex1,Reynold1,Rheal1,Rhett1,Rhettger1,Rhodes12,Rhys1,Riad2,Riaz1,Ribal2,Ricardo1,Ricco83,Richard3,Richie1,Richmark6,Rick1,Ricki1,Rickneet10,Ricky3,Rico1,Riel1,Rielly1,Riese51,Riley2,Rio1,Riordan1,Rishi1,Ritson1,Riyaz#,Baby Boy Names2,Rob1,Robb1,Robbert3,Robbie4,Robby194,Robert1,Roberto13,Robin1,Robinson1,Robyn1,Rocco2,Rockford1,Rocky1,Roddy1,Roderick2,Rodger8,Rodney11,Roger1,Rohin1,Rohn1,Roland1,Rolland5,Roman1,Romaric1,Romauldo2,Rommel1,Ron21,Ronald2,Ronin6,Ronnie2,Ronny1,Rony9,Rory17,Ross2,Rowan1,Rowland7,Roy1,Royal3,Royce1,Royinder2,Ruben1,Rudi2,Rudy1,Rueben1,Rui2,Rupinder2,Russel33,Russell1,Ruthvik#,Baby Boy Names406,Ryan1,Rydell8,Rylan2,Ryland3,Rylee1,Ryleigh11,Ryley1,Ryly1,Ryotaro1,Sa1,Saad1,Sabastien1,Sabear1,Sacha1,Sade1,Sadeeq1,Sadiq1,Safa1,Safwan2,Sage2,Sahil1,Sajjadali1,Salah1,Salar1,Saleem1,Saleh2,Salim1,Salvador2,Salvatore11,Sam2,Sameer2,Samer2,Sami1,Samier3,Samir1,Sammer1,Sammy2,Samual85,Samuel1,Sanaa2,Sandeep1,Sandi1,Sandro2,Sandy1,Sanjay1,Sanjog1,Sanpreet2,Santino1,Sarawanan#,Baby Boy Names1,Sarey1,Sarik1,Sascha2,Sasha1,Satbir1,Satinder1,Saugat2,Sawan2,Sawyer2,Scot174,Scott1,Scout1,Seamus145,Sean1,Seanery1,Sean-Lucas13,Sebastian5,Sebastien1,Seiji1,Selby1,Selwyn2,Sepehr1,Serge20,Seth1,Sever1,Severn1,Severyn1,Shaan1,Shadi2,Shadow5,Shae1,Shahan1,Shahil1,Shahum1,Shaine1,Shajen2,Shakil1,Shale1,Shandon62,Shane2,Shanil2,Shaquille1,Sharif35,Shaun1,Shaune1,Shaw93,Shawn1,Shawnee2,Shay#,Baby Boy Names2,Shayan2,Shayde1,Shayden2,Shaylan18,Shayne8,Shea1,Sheadon11,Shelby1,Sheldan1,Shelden38,Sheldon1,Shelton1,Shem4,Sherman2,Sherwin1,Sheyd1,Sheyden1,Shilo1,Shiloh2,Shiva1,Shivan1,Shivinder2,Shon1,Shonald1,Shooter1,Shyam1,Shylo5,Sidney1,Silas1,Silvio1,Simarjit1,Simeon20,Simon2,Simran1,Sina1,Sirjackson1,Sjonny1,Skipton1,Skye8,Skylar9,Skyler1,Skylor2,Slade1,Slater1,Sofian1,Sohan1,Soheipp1,Sohrab1,Soloman#,Baby Boy Names2,Solomon2,Sonny1,Sophat1,Soren1,Sorren1,Sparrow75,Spencer1,Spenser1,Srdan2,Stacy1,Stafford1,Stan9,Stanley1,Stastny1,Steen25,Stefan3,Stefano1,Steffan4,Steffen1,Stefhan16,Stephan2,Stephane107,Stephen3,Sterling1,Stetson11,Steve232,Steven9,Stewart1,Stian1,Stirling21,Stuart1,Suet1,Suhail1,Sujinder1,Sukhchain1,Sukhinderpaul1,Sukhjiwan1,Sukhwinder1,Sulaiman1,Sulemon1,Sullivan6,Sumeet1,Sunbir1,Sunghwa1,Sunil1,Suraj1,Sveenie1,Sydney2,Sylvester#,Baby Boy Names3,T.2,Tad1,Taha1,Taharka1,Taher1,Tai1,Taite1,Talay1,Talin7,Talon1,Tam1,Tamataia79,Tanner1,Tannerjohn1,Tannor1,Tanveer1,Taran2,Tarandeep1,Taras5,Tarek1,Tarel1,Taren1,Tarick2,Tarik1,Tariku2,Tariq1,Tarl1,Taron1,Tarquain1,Tarquin1,Tarrek1,Tarren1,Tarrin2,Taryn1,Tasker3,Tate1,Tatem1,Taton1,Tavian1,Tavin4,Tavis1,Tayc4,Tayler160,Taylor1,Taz2,Teagan1,Teagen2,Teague1,Ted#,Baby Boy Names2,Teddy1,Tee1,Teegan1,Tee-Jaee1,Tee-Jay1,Teigan1,Tein1,Terance1,Terell9,Terence1,Terone1,Terrace8,Terrance1,Terrell4,Terrence1,Terrick1,Terril11,Terry1,Tesfaldet1,Tess1,Tethloach4,Tevin1,Tevya1,Tezlin1,Thai1,Thair1,Thanh1,Tharin3,Theo1,Theodor11,Theodore8,Theoren1,Thereon1,Theroen1,Theron1,Therrin169,Thomas1,Thompson1,Tighe1,Timmons2,Timmy2,Timo89,Timothy1,Tivon1,TJ3,Tobias1,Toby22,Todd1,Tohler#,Baby Boy Names1,Tololima3,Tom1,Tomas3,Tomasz5,Tommy14,Tony3,Torey1,Torin1,Tormod1,Torrance2,Torren2,Torrey2,Torrie1,Torvald2,Tory1,Toshio1,Toshiro3,Trace1,Tracey1,Trajan169,Travis1,Trayce1,Traze2,Tremayne29,Trent1,Trenten8,Trenton1,Trevan1,Treven2,Trever1,Trevin1,Trevon85,Trevor1,Trevor-James1,Treyvis1,Tri1,Triffin1,Trinh23,Tristan1,Tristian48,Troy1,True2,Trung1,Tryson1,Trystin1,Tsz5,Tucker1,Tumasino24,Ty#,Baby Boy Names7,Tye365,Tyler8,Tylor1,Tylyr1,Tynan1,Tynon1,Tyr1,Tyrane10,Tyrel18,Tyrell2,Tyron11,Tyrone3,Tyrrell1,Tyse1,Tyseer1,Tyshown66,Tyson1,Umber1,Urian1,Uzair1,Vachel1,Vagelis1,Valentino4,Vance1,Vane1,Vanson1,Varinder1,Vasilios1,Vasily1,Vaugh3,Vaughn1,Verdon5,Vernon1,Victon19,Victor1,Victorino1,Vidal1,Viet1,Vikas2,Vikramjit1,Vikrant2,Vimal1,Vinal2,Vince36,Vincent2,Vinh1,Vinicio1,Vinnara1,Vinson#,Baby Boy Names1,Viorel2,Virgil1,Vittorio1,Vivek3,Vu1,Vuong3,Wacey12,Wade1,Wah2,Wai1,Waldemar1,Waleed1,Walied2,Wallace1,Wally1,Walner5,Walter1,Wapunohtew1,Waqar16,Warren1,Wasey1,Wayde1,Waylen4,Waylon13,Wayne1,Wendal1,Wendall1,Wendel1,Wendell1,Wendle2,Wesam1,Weslee35,Wesley1,Weslie5,Weston1,Wilbur1,Wilf4,Wilfred1,Wilfredo1,Will2,Willard129,William1,Willie3,Willis1,Willium11,Wilson1,Wilton1,Wing6,Winston#,Baby Boy Names1,Wolfgang1,Wren21,Wyatt1,Wye-Hou1,Wyette1,Wynton1,Wyot1,Xavier1,Xie1,Yangyang1,Yanni2,Yannick1,Yaobe1,Yatlung1,Yemane1,Yiu-Kei1,Yonah1,Yonas1,York1,Yosef2,Youssef1,Yousseff1,Yousuf1,Yung-Hua1,Yusef1,Yvan2,Yves1,Zaahir1,Zachare1,Zacharey2,Zacharia7,Zachariah1,Zacharias2,Zacharie127,Zachary1,Zacheriah4,Zachery1,Zackariah4,Zackary5,Zackery1,Zackry1,Zahi1,Zahid3,Zain4,Zakary1,Zaki1,Zakk1,Zander9,Zane#,Baby Boy Names1,Zeb1,Zeeshan1,Zefann1,Zene1,Zeshan1,Zeyad2,Ziad1,Zoheb,Zoltan