Baby Boy Names Registered in 1992,#,Baby Boy Names1,Aakash156,Aaron1,Aarondeep1,Aaron-See1,Aazam1,Abdallah1,Abdul1,Abdul-Rahman1,Abe7,Abraham2,Abram1,Acquilla1,Adair193,Adam11,Addison1,Adel2,Aden1,Adetayo1,Adewale1,Adib1,Adil1,Adolf31,Adrian1,Adrian-Kwame1,Adriel4,Adrien1,Adrine1,Adryn1,Aedon1,Aeron1,Afanasy1,Afshar1,Ahkash4,Ahmad7,Ahmed1,Ahmed-Jamal1,Ahsan15,Aidan1,Aiden1,Airon2,Ajay1,Ajaypal1,Ajayveer1,Akaash1,Akashveer2,Akeem1,Akram5,Alain#,Baby Boy Names18,Alan1,Alaric1,Alastair18,Albert1,Albin3,Alden1,Aldo6,Alec1,Alecs1,Aleem1,Alejandro1,Alek1,Aleksandar1,Aleksander1,Aleksandr1,Alesdair1,Alessandro42,Alex239,Alexander7,Alexandre1,Alexandros1,Alexei1,Alexi1,Alexis1,Alexsandr1,Alfons1,Alford5,Alfred16,Ali1,Alias1,Alikhan1,Alim1,Alinar2,Alistair2,Alister1,Alixandra19,Allan1,Allan-Andreas12,Allen1,Almar1,Al-Moatasim1,Al-Mothana1,Alonso2,Alonzo1,Alveen4,Alvin1,Alwi1,Aly#,Baby Boy Names1,Alykhan1,Alyxandar1,Amadea1,Amadeo1,Amal2,Aman1,Amanallah3,Amandeep1,Amanjot1,Amanveer1,Amanvir2,Amar1,Amardeep1,Amarjot1,Amarveer1,Amean1,Amer2,Amiel1,Amilcar1,Aminne2,Amir3,Amit1,Amjodh1,Ammar1,Ammen1,Ammer2,Ammon1,Amon1,Amos1,Amrinder1,Amrit1,Anais1,Anas1,Anders1,Andras15,Andre4,Andreas1,Andreo5,Andres234,Andrew1,Andrey15,Andy1,Aneesh1,Angel3,Angelo7,Angus1,Anitesh1,Ankush#,Baby Boy Names1,Ansaoneil108,Anthony1,Anthony-Gaspare3,Antoine2,Anton1,Antoni4,Antonio1,Antonis3,Antony1,Antoon1,Anup1,Anupam1,Anurag1,Aqeeb1,Aqil1,Arashdeep1,Araz1,Aref2,Aren1,Ari3,Aric1,Arie1,Arien3,Arjun1,Arland1,Arlett1,Arlie4,Arman1,Armancio1,Armando1,Arne1,Arnie1,Arnold1,Arsene1,Arshad11,Arthur2,Arun1,Asad3,Ashley1,Ashneel1,Ashraf1,Ashten6,Ashton1,Ashwant1,Ashwin1,Aslam1,Aslan1,Assad1,Athanasios#,Baby Boy Names1,Atilla1,Atli1,Attilio1,Aubrey1,Aubrie2,Augustine1,Augustus1,Aussim2,Austen62,Austin2,Auston1,Austyn1,Avan1,Avedis9,Avery1,Avinash1,Avishai1,Avjot1,Awet1,Awstin2,Axel1,Axl2,Aydan2,Ayden1,Ayron1,Azeem1,Azfer1,Azhar1,Azren2,Ba30,Baby1,Bahige2,Bailey2,Balal1,Baley1,Balpreet1,Bang1,Banjo2,Bao1,Baraa-Omar2,Barento1,Barney1,Baron1,Barret4,Barrett7,Barry1,Bartholomew1,Bartimaeus2,Basil#,Baby Boy Names3,Beau1,Behn2,Belal14,Ben3,Benedict1,Benhard1,Benhord1,Benjamen120,Benjamin1,Benjimen6,Bennett1,Benny2,Benson1,Berion6,Bernard1,Bernhard1,Bernie1,Berwin1,Bevan1,Bhavsagar1,Bhojraj1,Bikram1,Bikramjeet1,Bill5,Billy1,Billy-Ray1,Billyroy1,Bipinjeet1,Bjorn1,Blaid2,Blain14,Blaine27,Blair1,Blaise41,Blake1,Blakely2,Blayne1,Blaze3,Bo1,Bobak3,Bobby1,Boe-Jeremy1,Boris1,Boun1,Bowen1,Boy2,Boyce1,Boycus1,Boyd#,Baby Boy Names7,Brad1,Bradagen1,Bradee47,Braden1,Bradey3,Bradford115,Bradley6,Bradly2,Bradon39,Brady1,Bradyn5,Braedan16,Braeden9,Braedon1,Braiden1,Braidon2,Braidy6,Brandan17,Branden4,Brandin306,Brandon1,Brandon-Lee4,Brandt9,Brandyn2,Brant3,Branton27,Brayden11,Braydon1,Braylon1,Brayton1,Brece1,Breimen80,Brendan13,Brenden2,Brendin30,Brendon1,Brendyn1,Brenford2,Brenn14,Brennan5,Brennen49,Brent5,Brenton6,Bret1,Breton176,Brett1,Brette1,Bretten6,Bretton#,Baby Boy Names1,Breydon66,Brian1,Brian-Patrick1,Briant1,Briar1,Brice1,Brijesh1,Brittyn1,Broc11,Brock1,Brockton2,Broden1,Broderick13,Brodie10,Brody1,Broley5,Bronson3,Brook2,Brooks10,Bruce1,Bruno31,Bryan2,Bryant3,Bryar54,Bryce1,Brydon2,Bryer1,Bryn1,Bryndon2,Brynn5,Bryon1,Bryon-Allen1,Bryscn1,Bryson6,Bryton1,Buddy1,Bugra1,Burke1,Bussam15,Byron2,Cade1,Cadrin2,Cael1,Caelan1,Caige2,Cailean2,Cain1,Caine1,Caitlyn#,Baby Boy Names1,Calby7,Cale18,Caleb2,Calen1,Calin1,Call1,Callahan1,Callan2,Calum1,Calvenn1,Calvert25,Calvin1,Cameran1,Camereon87,Cameron1,Cameron-Blaze1,Camille1,Camillo1,Camilo1,Canon1,Cao1,Caolan1,Carey10,Carl1,Carlen1,Carleton7,Carlin1,Carlitos2,Carlo8,Carlos1,Carlyle1,Carmen1,Carmine26,Carson1,Carston15,Carter1,Cary1,Cas1,Casetin20,Casey1,Cash1,Cashman1,Cashtyn6,Cassidy5,Catlin1,Catlynn1,Caulin1,Caven1,Cayle#,Baby Boy Names1,Cecil1,Cedric2,Cee3,Chace81,Chad1,Chadd1,Chade1,Chaffen1,Chager1,Chais1,Chaise24,Chance1,Chancellor1,Chandler1,Channpreet1,Chanseler1,Chansler1,Chappen1,Charan1,Charanveer27,Charles1,Charlie1,Charlton1,Charnel1,Chas46,Chase1,Chason1,Chasse1,Chauncey1,Chavez2,Chay1,Chayd1,Chayse4,Chaz1,Che1,Chei-Tsung1,Chesney1,Chevor1,Chevy1,Cheyenne1,Chi1,Chibuzo1,Chicago1,Chisholm4,Chris3,Christen2,Christiaan50,Christian1,Christien#,Baby Boy Names1,Christoffer2,Christon1,Christoph362,Christopher1,CHRISTOPHER1,Christopher-Lee2,Christos1,Chun2,Chung1,Ciaran5,Clarence4,Clark4,Clarke1,Claude4,Clay1,Claydon42,Clayton1,Clement1,Cliff2,Clifford1,Clifton3,Clint1,Clintin26,Clinton1,Coalton1,Cobin3,Codey2,Codi1,Codie268,Cody1,Cody-Jean1,Cody-Lee3,Cohen1,Colbe1,Colbey1,Colbin29,Colby65,Cole3,Coleman2,Coleton77,Colin15,Collin1,Collins1,Collyn1,Colmon1,Colt3,Coltan12,Colten4,Colter#,Baby Boy Names6,Coltin70,Colton2,Coltyn1,Conan1,Conlan1,Conley1,Connar1,Connel10,Conner1,Connlaoi101,Connor17,Conor16,Conrad1,Conrey1,Constantinos1,Conway4,Cooper1,Corben17,Corbin1,Cord1,Cordel2,Cordell38,Corey1,Corie3,Cornelis4,Cornelius1,Cornellius1,Cornie1,Corwin54,Cory2,Coty1,Coulten1,Courtland2,Courtney1,Covy52,Craig1,Crawford1,Cregg1,Creighton1,Crisandro1,Crosby1,Crossland1,Cruz1,Cryton1,Cullen1,Cullyn2,Curran1,Curt77,Curtis#,Baby Boy Names1,Cuyler1,Cy1,Cyi1,Cyle1,Cyler2,Cyrus1,Dackota1,Daeton1,Dahlin1,Daikota3,Dain4,Daine1,Dakhota47,Dakota1,Dakotah1,Dakoyta1,Dalainey15,Dale3,Dalen42,Dallas3,Dallin1,Dallon1,Dalminder2,Dalten27,Dalton1,Dalveer1,Dalvinder1,Daly1,Daman1,Damanjeet1,Damein1,Damen1,Dameon15,Damian13,Damien2,Damion1,Damione16,Damon6,Dana13,Dane1,Danh3,Danial296,Daniel1,Daniell1,Danneil18,Danny2,Dante2,Danton2,Danzel#,Baby Boy Names1,Daravichhaiy1,Darcey23,Darcy1,D'Arcy1,Darek3,Daren7,Darian2,Darien1,Daril5,Darin3,Darius1,Darnel3,Darnell1,Daron1,Darragh4,Darrel2,Darrell39,Darren2,Darrin1,Darris11,Darryl1,Darshan4,Darwin1,Daryan9,Daryl1,Daryn1,Dat1,Dathan1,Dave1,Daved1,Daven219,David1,Davide1,David-Nemanja9,Davin1,Davinder8,Davis1,Davison6,Dawson2,Daylan1,Dayle2,Daylen1,Daylin1,Daylon1,Daymon1,Dayna3,Dayne1,Daynon5,Dayton#,Baby Boy Names1,Daytona19,Dean1,Decklan2,Declan1,Deepak1,Deland3,Delbert2,Deleted1,Delford1,Delsyn1,Delton1,Delyn1,Demetres1,Demetri1,Demetrios1,Dene1,Denim1,Denin5,Denis1,Denning22,Dennis1,Dennon2,Denny1,Denon1,Densel1,Denton3,Denver1,Denvor1,Denzel1,Deon2,Depinder2,Dereck101,Derek1,Deria1,Deric2,Derick1,Derk1,Dermot17,Derrick1,Derrik1,Deryk1,Desai1,Deshane1,Desmon8,Desmond7,Devan1,Devean2,Deven49,Devin#,Baby Boy Names1,Devlin58,Devon1,Devonne2,Devyn5,Dexter1,Deyong1,Diaro1,Diego2,Dilan1,Diljot1,Dilkarn4,Dillan1,Dillen1,Dillinger2,Dillion68,Dillon1,Dillyn1,Dillyon1,Dilon1,Dilyad1,Dimitri3,Dimitrios1,Dimitrius1,Dinh4,Dion1,Dixon1,D-Jay1,Dmitri1,Dolan1,Dolton1,Domenico17,Dominic3,Dominick2,Dominik4,Dominique1,Domnic1,Don20,Donald2,Donavan3,Donavin1,Donnavin1,Donnelly1,Donnie12,Donovan1,Dontay1,Dorean4,Dorian1,Dorne1,Doryn#,Baby Boy Names45,Douglas1,Douglass1,Doyle2,Drake1,Drayden2,Drayton1,Dream26,Drew1,Drey2,Dryden1,Drydn1,Du4,Duane1,Duj'On1,Dulaa15,Duncan1,Duong1,Duran1,Dustan1,Dusten124,Dustin2,Dusty5,Dustyn1,Duy1,Dwayn6,Dwayne6,Dwight259,Dylan1,Dyland1,Dylan-Wayne4,Dyllan1,Dyllen3,Dyllon7,Dylon1,Dylyn1,Dyrrin1,Eamon1,Eamonn2,Earl1,Ebraheem1,Edan5,Eddie1,Eddy1,Edgar1,Edison1,Edmond1,Edmund1,Edrick2,Eduardo#,Baby Boy Names24,Edward1,Edwin1,Egidio1,Eldon6,Eli11,Elias1,Elie6,Elijah1,Elijah-Joel1,Eliot1,Elisha1,Ellery8,Elliot2,Elliott2,Ellis2,Elvin1,Elvis1,Emanuel5,Emerson1,Emery1,Emile2,Emilio2,Emmanuel1,Emmett1,Enoch1,Erasmo1,Erasmus186,Eric3,Erich8,Erick40,Erik1,Erikur1,Erin2,Ernest1,Ernie1,Erroll2,Ervin3,Esa1,Esper1,Essam47,Ethan1,Euen2,Eugene114,Evan1,Evander2,Everest6,Everett2,Everette1,Everly#,Baby Boy Names1,Evrett1,Evyn1,Ewen1,Ezequiel3,Ezra1,Fabian1,Fabien1,Fabio1,Fadi1,Fahid1,Faisal1,Faizal1,Farayi1,Faread2,Farhan1,Farouk1,Farron1,Favian1,Fawaz1,Felipe1,Felix1,Fender1,Fenton1,Fergus1,Finbarr1,Fionn2,Floyd1,Flynn1,Fok-Wai2,Forest3,Forrest3,Foster1,Fouzi2,Francesco12,Francis1,Francis.Joseph1,Francisco2,Francois11,Frank2,Franklin1,Franky1,Frantisck3,Franz1,Franz-Joseph6,Fraser1,Frazer1,Frazier2,Fred1,Frederic#,Baby Boy Names9,Frederick1,Frederik1,Fredrick1,Freedom2,Freeman1,Gaberiel17,Gabriel1,Gaelen2,Gagan1,Gagandeep10,Gage1,Gaggandeep1,Gaige1,Galasa1,Galen1,Garatt1,Gared5,Gareth7,Garett1,Garion1,Garnet1,Garnett13,Garret58,Garrett1,Garrick1,Garrid3,Garry6,Garth1,Garvin1,Garwin14,Gary1,Gary-Andrew1,Garydean1,Gaston1,Gaven14,Gavin1,Gaylen1,Gedion1,Gehad1,Gelio1,Gene1,Genghis22,Geoffrey1,Geordan1,Geordi5,Geordie1,Geordon17,George1,Georges-Henri#,Baby Boy Names1,Gerad13,Gerald4,Gerard2,Gerardo1,Gerardus1,Gered1,Gerry3,Gideon1,Gidieon2,Gilbert1,Giles1,Gilferd1,Gilmore1,Gio1,Giordano3,Giovanni1,Giuseppe7,Glen1,Glendon8,Glenn1,Godric1,Goodluck1,Gorav2,Gorden1,Gordie28,Gordon1,Gorman1,Graden3,Grady1,Gradyn20,Graeme35,Graham1,Graig10,Grant1,Gray10,Grayson1,Greer5,Greg1,Gregary4,Greggory63,Gregory1,Griffin1,Gthyan1,Gugandeep1,Gula1,Gunnar1,Gunner3,Gurinder1,Gurjot#,Baby Boy Names2,Gurminder1,Gurmukh5,Gurpreet1,Gursajan1,Gursevak1,Gursharan2,Gursimran2,Gurveer1,Gurvinder1,Gustavo2,Guy1,Ha1,Habeeb1,Habib1,Habibulla1,Haden1,Hadyn1,Hafez1,Hagan1,Haiden1,Haig1,Haigen1,Hakim1,Haliare1,Hamed2,Hamish1,Hammad2,Hamza1,Hamzah1,Hanad1,Hank1,Hanoke2,Hans1,Hao1,Harbir1,Hardeep4,Harjot2,Harlan1,Harlen10,Harley3,Harman1,Harmeet1,Harminder3,Harold2,Harpreet1,Harraman1,Harris19,Harrison3,Harry#,Baby Boy Names1,Harsimran1,Harun1,Harveer3,Harvey1,Haskel3,Hassan1,Hatim1,Haxton23,Hayden1,Haydon1,Hayes1,Haylen1,Hazen1,Hebert1,Hecham1,Hector1,Heinz1,Henderson2,Hendrik21,Henry1,Herbert1,Herman1,Hermon1,Herschel2,Hilton1,Himanshu1,Hirsi2,Hisham1,Ho3,Hoang1,Hok-Tin1,Housam1,Housien3,Houston1,Howard2,Hubert4,Hudson5,Hugh1,Humberto2,Hunter1,Hurshawn2,Hussain5,Hussein1,Hussein-Doualeh1,Huu1,Huy1,Huynh4,Iain82,Ian#,Baby Boy Names4,Ibrahim1,Ibsa1,Iftikhar1,Ignatius1,Ihab1,Ike1,Ilyaz1,Immanuel2,Imran1,Inderjit1,Ioan1,Iohane1,Iqbal1,Iqubal2,Ira2,Irvin9,Isaac3,Isaak6,Isaiah1,Isawm1,Ismail1,Israel2,Issac2,Issam1,Issiah4,Ivan1,Ivor1,J1,J.1,Jaal7,Jace1,Jacek2,Jacey16,Jack1,Jacke1,Jackie18,Jackson1,Jacky98,Jacob1,Jacques9,Jade6,Jaden1,Jadin1,Jadon1,Jaeger2,Jagdeep1,Jager1,Jagger1,Jagur#,Baby Boy Names1,Jahangir1,Jahkeen1,Jahrin1,Jaiden2,Jaime1,Jaimeson29,Jake1,Jakota2,Jakub3,Jalal1,Jamaiz4,Jamal1,Jamayne1,Jameel230,James1,Jameschris1,James-Dean1,Jameson35,Jamie4,Jamieson2,Jamil1,Jamin1,Jamis1,Jamison1,Jammie1,Jamon4,Jan1,J'Arami1,Jaramie89,Jared3,Jarek2,Jaren3,Jaret4,Jarett1,Jari1,Jarid1,Jarmaine2,Jarod2,Jaron1,Jarrad1,Jarratt10,Jarred2,Jarren6,Jarret15,Jarrett1,Jarrid3,Jarrod1,Jarron1,Jarvin#,Baby Boy Names4,Jarvis1,Jascha4,Jasdeep2,Jase2,Jasen1,Jasjeet3,Jaskaran1,Jaskarn1,Jasmeet1,Jasmit122,Jason1,Jasondeep1,Jason-Salim2,Jaspal3,Jaspreet1,Jatinder1,Javier22,Jay6,Jayce1,Jaycee1,Jay-Cee1,Jaydan1,Jay-De1,Jaydee1,Jay-Dee7,Jayden2,Jaydn3,Jaydon1,Jaymeet1,Jaymes1,Jayms1,Jaypaul1,Jay-Ryan7,Jayson1,Jayvin7,Jean2,Jean-Francois4,Jean-Luc1,Jean-Michel1,Jean-Mickel1,Jean-Mitchell1,Jean-Norman1,Jean-Pascal1,Jean-Paul1,Jebadiah1,Jed1,Jedaiel4,Jeff1,Jefferson#,Baby Boy Names9,Jeffery1,Jeffery-Robert101,Jeffrey1,Jeffry2,Jehad2,Jens2,Jerad1,Jerahmeel1,Jerahmiah1,Jerald1,Jeramiah1,Jeramie1,Jerard1,Jeratt1,Jerecy1,Jered1,Jeremey1,Jeremi7,Jeremiah1,Jeremias1,Jeremie106,Jeremy2,Jerett2,Jerid1,Jerimiah2,Jermaine1,Jermall1,Jerold5,Jerome3,Jeromy1,Jerot1,Jerrad1,Jerrett1,Jerrick1,Jerrid1,Jerrod8,Jerry2,Jess1,Jessdeep245,Jesse1,Jessey2,Jessi14,Jessie8,Jessy1,Jett1,Jevan1,Jevon1,Jian1,Jiaqiao#,Baby Boy Names1,Jibran1,Jihad1,Ji-Hoon1,Jim1,Jimmie11,Jimmy1,Jimmy-Lee1,Jjarred1,Joab1,Jock3,Joe100,Joel1,Joeseph3,Joesph15,Joey1,Joffre3,Johan1,Johann2,Johannes1,Johkahn130,John25,Johnathan7,Johnathon6,Johnny2,Johnson1,Johnston1,Johny1,Jolie7,Jon7,Jonah155,Jonathan1,Jonathan-Lucas19,Jonathon1,Jonhansel1,Jonn341,Jordan1,Jordan-David1,Jordano1,Jordelle5,Jorden3,Jordi1,Jordice1,Jordie4,Jordin25,Jordon6,Jordy3,Jordyn1,Joren1,Jorge#,Baby Boy Names1,Jori9,Jory1,Josclen4,Jose4,Josef121,Joseph1,Josey9,Josh330,Joshua1,Joshua-Dane1,Joshuah1,Joshua-Lee1,Joshuwa6,Josiah1,Josip1,Josue1,Jourdain1,Jourdan1,Jovanjeet1,Jovi1,Jovian2,Joy1,J'Ralt1,Juan1,Juha2,Jules19,Julian1,Juliano3,Julien1,Julio6,Julius1,Jullian2,Junaid1,Jusman1,Justice276,Justin3,Justis1,Juston1,Justyce3,Justyn1,K.1,Ka2,Kabir1,Kadde3,Kade1,Kadeem1,Kaden1,Kaed1,Kaeden#,Baby Boy Names1,Kaelan1,Kaelinn1,Kaenann-Aime1,Kaetyn8,Kai1,Kailer2,Kailin1,Kaiman2,Kain2,Kaine1,Kaiz1,Kal1,Kalbir1,Kalder13,Kale1,Kalil1,Kalin1,Kallen1,Kallum1,Kalmin2,Kalon1,Kalven2,Kalvin1,Kalwyn1,Kamal1,Kaman1,Kameren4,Kameron2,Kamil1,Kamron5,Kane1,Kansas1,Kaos1,Kaper4,Karan1,Karandeep1,Karanpreet3,Karanveer1,Kareem1,Karim14,Karl1,Karo1,Karri1,Karry1,Karson4,Karsten1,Karthik1,Kas1,Kashish#,Baby Boy Names4,Kashtin1,Kassim1,Katlin1,Katlind1,Katlyne2,Kavan1,Kayden1,Kayl1,Kaylan2,Kayle2,Kaylin1,Kaz1,Kazemer1,Kazim4,Keagan1,Keal1,Kean1,Keane1,Keanen10,Keaton1,Keauna1,Keefe17,Keegan6,Keelan11,Keenan1,Keenen1,Keestin1,Kegan1,Kehew8,Keifer1,Kein1,Keir1,Keiron33,Keith1,Keith-Joe1,Keiver4,Kelby1,Kelin4,Kellen1,Kelley24,Kelly10,Kelsey2,Kelson7,Kelton8,Kelvin3,Ken2,Kendal4,Kendall2,Kendell#,Baby Boy Names1,Kendrick1,Keneth1,Kenji2,Kennedy37,Kenneth1,Kennieth6,Kenny1,Kenson9,Kent9,Kenton1,Kenzie1,Kerman1,Kerri4,Kerry1,Kervin1,Keston1,Ketan4,Kevan1,Keven185,Kevin1,Kevin-Yi1,Kevyn2,Keylan1,Keyler1,Keynan1,Khaled1,Khaleel4,Khalid4,Khalil1,Khalin1,Khamen1,Khenan1,Khodor1,Khris1,Khristian2,Kian4,Kiefer1,Kiegan11,Kieran2,Kieren1,Kieron1,Kierran1,Kieryn1,Kiesik1,Kieven2,Killian2,Kim1,Kimball1,Kimlee#,Baby Boy Names1,King2,Kingsley1,Kinnar1,Kinsey1,Kipp6,Kirby14,Kirk1,Kirklin1,Kirtpal1,Kishen1,Kit-Tai1,Kland1,Klarence1,Klay3,Klayton1,Klement1,Knielberg1,Koal1,Koby1,Koda1,Kode4,Kodi1,Kodie18,Kody1,Kohei1,Kohen2,Kohl1,Kohlby1,Kohlman1,Kohner1,Koichi1,Kolbe1,Kolbi5,Kolby5,Kole1,Koleton2,Kolten1,Koltin7,Kolton1,Konnor4,Konrad1,Kooper1,Kord1,Korey1,Korwyn3,Kory1,Kosol1,Kostner1,Kota#,Baby Boy Names1,Kougar1,Koulton2,Kraig1,Kreedence1,Krieg1,Kris1,Krisstofer13,Kristian5,Kristofer3,Kristoffer26,Kristopher1,Kroy1,Krstien1,Krystian1,Krystopher1,Krzysztof1,Kueth1,Kuljit1,Kulveer1,Kurin13,Kurt29,Kurtis1,Kute1,Kwade1,Kwok1,Kyal1,Kydd2,Kye1,Kyffer2,Kylar350,Kyle7,Kyler1,Kynan1,Kyne1,Kyran1,Kyriakos1,Kyrie3,Kyron1,Lachlin1,Lael1,Laige1,Lain5,Laine1,Lakhdeep1,Lamar1,Lamont7,Lance1,Landan2,Landen#,Baby Boy Names47,Landon1,Landry1,Landy2,Landyn15,Lane1,Lanny4,Larry3,Lars1,Lathan1,Laurier1,Lawerance14,Lawrence1,Lawson2,Layne1,Lealand1,Lective23,Lee1,Lee-Roy1,Leevi1,Leevon3,Leif1,Leigh5,Leighton1,Leiland1,Leith3,Leland2,Lemuel1,Lenard1,Lennie5,Lenny12,Leo1,Leo-Alain3,Leon7,Leonard1,Leonty1,Leroy1,Lesley4,Leslie2,Lester1,Lev1,Levan1,Levander54,Levi1,Levie6,Lewis1,Lex1,Lexis25,Liam2,Liban#,Baby Boy Names4,Lincoln1,Linc-Wen7,Linden1,Lindon3,Lindsay2,Lindsey1,Linh3,Lionel1,Lliam2,Lloyd1,Lockewood1,Locksley105,Logan1,London1,Long1,Lorenzo1,Lorin5,Lorne1,Lorrie1,Louie4,Louis1,Lowaye3,Lowell1,Lowen15,Luc57,Lucas1,Luciano1,Lucien1,Lucius3,Lucus1,Luis12,Lukas1,Lukasz71,Luke1,Lukus1,Lun1,Lunden1,Lyall11,Lyle4,Lynden1,Lyndin14,Lyndon1,Lyon1,Mac1,Macarthur2,Maciej1,Mackay1,Mackenze1,Mackenzee#,Baby Boy Names49,Mackenzie1,Mackenzy1,Maclane1,Maclean1,Macnaughton1,Macx1,Maddick4,Madison4,Mahmoud1,Maison2,Makenzie1,Maksim1,Maksym10,Malcolm2,Malcom1,Maliik3,Malik1,Malley1,Malven1,Malvin2,Manbir1,Mandeep1,Manjot1,Manmeet1,Manny4,Manpreet1,Mansoor1,Manthew3,Manuel36,Marc6,Marcel1,Marcelino1,Marcello1,Marcelo2,Marcin1,Marcius11,Marco1,Marcos23,Marcus1,Mardie1,Marek3,Mario1,Marissa122,Mark1,Markiyan6,Marko1,Mark-Rudolf3,Markus1,Marlin#,Baby Boy Names2,Marshal20,Marshall1,Marten19,Martin1,Martinus7,Marvin1,Marwan1,Maslin28,Mason1,Massimiliano2,Mateo1,Matheu58,Mathew1,Mathias10,Mathieu1,Matias2,Matt1,Matteau2,Matteo1,Matteson1,Matthaeus440,Matthew2,Matthieu1,Matthyou2,Mattias1,Maverick11,Max3,Maxime1,Maximilian2,Maximilien1,Maximillan1,Maxson21,Maxwell1,Mccall1,Mccaul1,Mccauley1,Mccrae1,Mckenzie1,Mehtab1,Mekenzie1,Mel1,Melance1,Melven3,Melvin1,Merle1,Merlin1,Mervin1,Methal3,Micah#,Baby Boy Names1,Micaiah417,Michael4,Michal1,Miche38,Micheal1,Michel2,Mick3,Mickey1,Micky3,Miguel1,Mikael1,Mikale7,Mike2,Mikel2,Mikhail1,Mikko2,Miklos1,Milad1,Milan1,Milandeep7,Miles1,Miller1,Milo1,Milos1,Mina3,Minh1,Mir1,Mischa1,Mitch1,Mitchal17,Mitchel131,Mitchell1,Mitchelle1,Mitra-Louis1,Moatasm5,Mohamad14,Mohamed4,Mohammad1,Mohammad-Ali10,Mohammed1,Mohaned1,Mohsin2,Montana1,Monte1,Montgomery1,Montte2,Monty37,Morgan1,Morgen#,Baby Boy Names1,Morley4,Moses1,Mostafa1,Mouhamad1,Mousa1,Moussa1,Mridul1,Muhamad1,Muhamed3,Muhammad1,Muhammed1,Muizz1,Mulraj2,Muneet1,Muni1,Muraso2,Murphy7,Murray1,Mustafa1,Mustapha1,Muzill1,Mykail1,Mykel-Jay1,Mykhl20,Myles1,Myrin2,Myron2,Nabil1,Nahr1,Nai1,Naithen1,Nam1,Nandish1,Narayan1,Narek1,Narinder1,Nash1,Nate144,Nathan4,Nathanael5,Nathanial27,Nathaniel1,Nathan-Lee1,Nathon1,Naukiran1,Navdeep1,Naveed1,Navi1,Navjot#,Baby Boy Names1,Navroop1,Neal1,Neale2,Nealon1,Ned1,Neikko25,Neil1,Neill12,Nelson2,Nevada2,Nevan3,Nevin1,Ngo1,Nguyen1,Nhuong1,Nhut2,Niall1,Nibal1,Nichlous1,Nichol196,Nicholas1,Nicholaus1,Nichollas1,Nichollaus1,Nichollis1,Nicholos2,Nick1,Nicklas1,Nicklaus8,Nickolas1,Nickoles1,Nickolus5,Nico1,Nicolaas1,Nicolaos28,Nicolas1,Nicolei20,Nigel1,Nikesh2,Nikhil1,Nikita1,Nikki1,Niko1,Nikola5,Nikolas1,Nikolaus1,Nimsi2,Niraj1,Nischay#,Baby Boy Names1,Nizar9,Noah5,Noel1,Noelito35,Nolan1,Noor6,Norman1,Nunthranade1,Nygel1,Oba1,Ocean1,Oje1,Olin6,Oliver1,Olivier1,Oluwatimilehin9,Omar1,Ontonio1,Ori1,Orion2,Orlando3,Orrin1,Ortal1,Orton1,Osama2,Oscar2,Osman1,Osmond1,Otmaro1,Otto1,Owain23,Owen1,Ozzy1,P.1,Paden1,Padon3,Paolo1,Parabjit1,Parampal14,Parker1,Parmveer1,Parry1,Pasquale2,Patric93,Patrick1,Patrick-Michael47,Paul1,Pawel1,Paxton#,Baby Boy Names1,Payden2,Payton1,Pearce1,Peder1,Pedro1,Peightin1,Pelham1,Per1,Percy77,Peter1,Petrus1,Peytlen29,Philip4,Philippe19,Phillip1,Phillips1,Phong6,Pierce2,Pierre1,Piers1,Piet2,Pieter1,Polo1,Polydefkis1,Porfirio1,Prabal1,Prabhdeep3,Prabhjot1,Prbhpreet1,Prentiss1,Prescott1,Presley15,Preston2,Pritesh1,Prixit1,Prosper1,Pryce1,Pui-Hin1,Qaseem1,Quade3,Quaid1,Quan1,Quarthon7,Quentin1,Quillan2,Quincy1,Quinlan16,Quinn1,Quinnton#,Baby Boy Names1,Quinten4,Quintin1,Quinto9,Quinton1,Quyen1,R.Kyle1,Ra1,Raafy1,Rabi1,Raed1,Raemen1,Rafael2,Rahim4,Rahul1,Raissen2,Rajan2,Rajdeep3,Rajiv1,Rajpavit1,Rajpreet1,Rajwinder1,Ralph1,Ramadan3,Raman1,Ramanpreet2,Rami1,Raminder1,Ramsey1,Rana1,Rance4,Randal9,Randall1,Randolf35,Randy1,Ranek1,Ranidel1,Ranin1,Ranjeet1,Ranjit1,Ranjot1,Raphael1,Rashpal1,Ravel1,Ravi1,Ravninder1,Ravyn1,Rawad1,Rawson2,Ray#,Baby Boy Names1,Rayan1,Rayes35,Raymond1,Raymun1,Rayne1,Raynil1,Real-Marc8,Reece5,Reed1,Reese5,Regan5,Reginald1,Rehoboam17,Reid1,Reilly1,Reise1,Reiss1,Remi1,Remie3,Remington1,Renard3,Rene1,Renn4,Reno1,Repindeep2,Reuben2,Reynard1,Reynold1,Rezerio1,Rhyan10,Rhys1,Ric5,Ricardo1,Ricco92,Richard2,Richie5,Rick3,Ricky1,Rico1,Ridge2,Riel1,Riese1,Rigil1,Rihesh1,Rikkie71,Riley1,Ringo1,Rinzi1,Ripan#,Baby Boy Names3,Ritchie1,Roarke1,Robby177,Robert2,Roberto10,Robin1,Robson3,Robyn1,Rocan1,Rochelle3,Rocky3,Roddy2,Roderick1,Rodger7,Rodney1,Rodrigo7,Roger1,Rohid1,Rohil2,Rohit1,Rolan4,Roland1,Rolando1,Rollend1,Romaine10,Roman1,Ron13,Ronald1,Ronan1,Roniel1,Ronit1,Ronn1,Ronnie1,Ronny1,Rooshil14,Rory17,Ross1,Roswin1,Rowan6,Roy2,Royce1,Roydon1,Rubdeep1,Ruben1,Rudolph5,Rudy2,Rueben1,Runpal1,Russ#,Baby Boy Names1,Russel18,Russell1,Rustin1,Rusty395,Ryan1,Rydell1,Ryden3,Ryder2,Rye1,Ryeli1,Ryker1,Ryl12,Rylan2,Ryland3,Rylee1,Rylend15,Ryley1,Rylie1,Rylin1,Ryline2,Ryon1,Ryuhei1,Ryun1,Saba1,Saeed1,Saeid4,Sage1,Sahand1,Sahib1,Sahil3,Said2,Saif3,Sajid2,Salim2,Salvatore3,Sam3,Sameer1,Sami2,Samir1,Samitpal6,Sammy1,Samone1,Samreet3,Samson2,Samual69,Samuel1,Samvit1,Samy3,Sandeep#,Baby Boy Names1,Sandy1,Sang1,Sanjay1,Sanjesh1,Sanumpreet3,Sasha2,Saul1,Saverio6,Sawyer1,Sayed1,Schelby1,Schuyler150,Scott2,Seamus148,Sean1,Sean-Alek16,Sebastian4,Sebastien1,Seger1,Senate1,Serbnoor1,Sergei1,Sergio9,Seth1,Severen1,Shadaab1,Shadi1,Shadow1,Shadrach1,Shady2,Shae1,Shael1,Shafi-Ur1,Shahbaaz3,Shaheed1,Shaheen1,Shahir1,Shakiyl1,Shalvin1,Shanawaz2,Shandon69,Shane1,Shaneet1,Shanil1,Shar1,Sharanjeet1,Shareef28,Shaun1,Shaundon#,Baby Boy Names1,Shaunessy59,Shawn1,Shawn-Douglas1,Shawn-Ee1,Shawnodese1,Shay1,Shaylan14,Shayne4,Shea1,Sheamus1,Sheila9,Shelby40,Sheldon1,Shellbee1,Shelton1,Sherman1,Shevin1,Shilo1,Shiva1,Shivraj1,Shogo1,Shon1,Shony1,Shriranga1,Shubhneet1,Shylo6,Sidney1,Sietse3,Silas1,Silvan1,Silverius1,Simar2,Simeon27,Simon2,Simranjit1,Simson1,Sinbad1,Sinith1,Skialen1,Skye10,Skylar1,Skylar-John11,Skyler1,Slaiman1,Smeet1,Snowy1,Sobhi1,Soliman2,Solomon#,Baby Boy Names5,Sonny1,Souheil1,Souksanh1,Sounding1,Soutthiphong1,Spence92,Spencer3,Spenser1,Spensor2,Stacey1,Stan1,Stang7,Stanley1,Stavros1,Steaven1,Sted1,Steel1,Steele18,Stefan1,Stefan-Anthony1,Stefane4,Stefano1,Steffan1,Steffen1,Steihl7,Stephan94,Stephen1,Stephon3,Sterling5,Steve184,Steven2,Stevie1,Stevie-Ray1,Stevyn7,Stewart1,Stillman3,Storm1,Streater21,Stuart2,Styles1,Sukhdev1,Sukhman1,Sukhmanveer-Singh1,Sukhpal1,Sukhraj1,Sullivan1,Sumare1,Sumeet1,Sunjit#,Baby Boy Names3,Sunny1,Sunvir1,Suraj1,Surinder1,Surindra1,Syavash2,Sydney2,Syed1,Sylvester1,Syngen2,T.1,Tadeusz1,Taelor1,Taggart1,Tahner1,Tai1,Taily1,Taiten1,Tajh1,Tajinder1,Takeshi1,Takota1,Talal2,Talen1,Talha1,Tallan1,Tallin2,Talon1,Talveer1,Talyn1,Tamem2,Taner1,Tanin109,Tanner1,Tannon10,Taran1,Taranjot3,Tarek1,Taren1,Tarence3,Tarik3,Tariq1,Tarl1,Tarraf1,Tarren1,Taryk1,Taryl1,Taryne1,Tashion#,Baby Boy Names4,Tate1,Taufiq1,Taurell2,Tavis1,Tavneet1,Tawny1,Taylan1,Taylar7,Tayler161,Taylor2,Tayte2,Teagan1,Teague4,Ted1,Tee-Jay1,Teerayout1,Teig1,Teiganne1,Teigen1,Tejinder2,Tejpal1,Telford1,Tenkai1,Teran9,Terence1,Terik1,Terin1,Terran11,Terrance8,Terrence1,Terrill10,Terry1,Tevan2,Tevin1,Tevyn1,Thai1,Thane1,Thanh1,Tharon2,Thayne2,Theo10,Theodore1,Theophanes1,Theoran6,Theoren2,Theron1,Thidause1,Thien1,Thinh#,Baby Boy Names137,Thomas1,Thomas-James1,Thorne1,Thyler1,Tiegh2,Tien1,Tieulong1,Tiffan1,Tighe1,Tim1,Timmothy1,Timmy1,Timotheus74,Timothy1,Tin1,Ting1,Tishawn1,Tito-David1,Titus1,Tiz1,Tjipke2,Tobias1,Tobie1,Tobin1,Toby19,Todd1,Tofic3,Tom5,Tomas1,Tomasz1,Tomislav1,Tommas3,Tommy1,Tomy1,Tona1,Tonmoy1,Tonny9,Tony1,Torbin1,Torie3,Torin1,Torrance1,Torregh1,Torry1,Torsten3,Tory1,Toryn1,Totoytos1,Trace#,Baby Boy Names1,Tracy1,Trae1,Traftan1,Tran1,Trask1,Travin162,Travis4,Tre2,Tremaine28,Trent6,Trenton1,Trever1,Trevino80,Trevor2,Trey1,Trinity21,Tristan1,Tristen1,Triston35,Troy1,Trung1,Tryggvi1,Trymer1,Trystan1,Trysten1,T-Shawn1,Tsun2,Tucker1,Tukasz1,Tung1,Turner34,Ty1,Tyan1,Tyde8,Tye1,Tyke1,Tylane1,Tylen402,Tyler2,Tyler-James1,Tylice1,Tylin10,Tylor1,Tymour1,Tynan1,Tyral1,Tyran1,Tyree7,Tyrel#,Baby Boy Names22,Tyrell1,Tyrelle2,Tyrin1,Tyron9,Tyrone1,Tyrrel1,Tyshawn55,Tyson1,Tyvin1,Ulises1,Umair1,Umer1,Urwa1,Usama1,Vachan1,Valere1,Valerio1,Vallen1,Van2,Vance1,Vanion1,Vannary1,Vasili1,Vaughan4,Vaughn1,Veenesh1,Vergil3,Vernon22,Victor1,Viet1,Vietson1,Vikash2,Vikram1,Vikrum1,Vilay2,Vinay5,Vince33,Vincent1,Vincenzo1,Vinson1,Viroth1,Visakha1,Vishaldeep1,Vishavdeep1,Vishavjit2,Vittorio1,Vivek1,Vladimir2,Wacey#,Baby Boy Names1,Wacy13,Wade1,Wai1,Wajdy2,Waleed1,Walid2,Walker2,Wallace8,Walter1,Wambliwiyaka-Aku1,Warner16,Warren1,Waseem1,Wasyl1,Wayde3,Waylon12,Wayne1,Wendell27,Wesley1,Wesly1,Westin1,Westley1,Weston1,Whitecloud1,Wick1,Wilber1,Wilfred1,Wilfredo2,Wilfrid1,Will1,Willard1,Willhelm130,William1,Williams4,Willie1,Williem3,Willis1,Willson1,Willy9,Wilson1,Windy1,Winson5,Winston1,Wirth1,Wisdom1,Wolff1,Woodrow1,Woody1,Wrayne#,Baby Boy Names1,Wren22,Wyatt1,Wylie1,Wynn1,Xan4,Xavier1,Xuan1,Yahya1,Yanick1,Yanni1,Yaroslav1,Yasin1,Yaw1,Yazan2,Yiu1,Yonas1,Yonatan1,Younatan4,Youssef1,Yu1,Yuan1,Yubo1,Yugmel1,Yukihiro1,Yuneeb1,Yuri1,Yussef1,Yves1,Zabih1,Zacary1,Zacharey6,Zachariah1,Zacharias2,Zacharie142,Zachary13,Zachery3,Zack2,Zackariah1,Zackarius4,Zackary3,Zackery1,Zackrey1,Zafeer2,Zaid1,Zain3,Zak2,Zakary1,Zakir1,Zander#,Baby Boy Names9,Zane1,Zebbadiah1,Zedekiah1,Zennan1,Zennon1,Zenon1,Zeshan1,Zevan1,Zia4,Ziad1,Zianel1,Zishan1,Zola2,Zsolt1,Zubayr1,Zulfikaraly