Baby Boy Names Registered in 1993,#,Baby Boy Names1,A.1,Aadarsh1,Aakash1,Aaqil1,Aaren1,Aarohan142,Aaron1,Abdallah1,Abdelhakim1,Abdimalik1,Abdon1,Abdul1,Abdul-Karim1,Abdulkhalak2,Abdullah1,Abdullah-Abdelfatah1,Abdulsalam1,Abdusaed1,Abe2,Abel1,Abhay2,Abhijeet1,Abir5,Abraham1,Abram1,Accom161,Adam1,Adamo5,Addison1,Adil1,Adilio1,Adithya1,Admir2,Adnan1,Adon1,Adonis1,Adrain20,Adrian1,Adriano1,Adriean2,Adriel5,Adrien5,Ahmad13,Ahmed1,Ahmedmahir18,Aidan5,Aiden1,Aiman#,Baby Boy Names1,Ainslie1,Ajay1,Akaash1,Akbar1,Akeam1,Akram1,Al13,Alan1,Alasdair17,Albert3,Alberto1,Alden1,Aldis9,Alec1,Alekander1,Aleksandar32,Alex247,Alexander11,Alexandre2,Alexandros1,Alexie1,Alfred18,Ali1,Ali-Ahmed1,Alick1,Alie2,Alim1,Alison1,Alla13,Allan11,Allen1,Allex1,Allistair1,Allister1,Ally1,Almahdi2,Alphonse1,Al-Qaim1,Alriguez1,Altaf1,Alton4,Alvin1,Alvis2,Aly1,Alykhan1,Amaan1,Amadeus1,Amanda#,Baby Boy Names1,Amandeep1,Amanpal1,Amardeep1,Amarprett1,Ambroise1,Ambrose1,Ambry1,Amgad1,Amil1,Amillio1,Amindeep1,Amit1,Amole2,Amos1,Amulpreet1,Amyn1,Anand1,Anant2,Anas1,Anden2,Anders1,Anderson1,Andras10,Andre4,Andreas1,Andrej1,Andre-Phillipe1,Andres216,Andrew1,Andrew-William1,Andrtew1,Andrzej10,Andy1,Aneil1,Anes1,Angelo3,Angus1,Anh1,Anil1,Anmol1,Anshul94,Anthony1,Anthony-Lee1,Antoine5,Anton9,Antonio4,Antony1,Anwar#,Baby Boy Names1,Apneet1,Apostolos1,Araien3,Archie1,Arden2,Aren3,Aric3,Arie1,Ariel1,Arik1,Arin2,Arion2,Arjun1,Arken2,Arlen1,Arley1,Arlyn2,Arman1,Armun1,Arnold2,Aron1,Arounyadade5,Arron2,Arshdeep1,Art11,Arthur1,Artur3,Arvin1,Aryson1,Asa1,Ashir1,Ashish1,Ashkerin1,Ashleigh2,Ashley1,Ashneel1,Ashneil1,Ashten19,Ashton1,Ashton-Lee1,Asif1,Assmar2,Aubrey1,Audulio1,Augustus1,Aurangzeb1,Auriel1,Aurthur1,Ausim#,Baby Boy Names7,Austen153,Austin1,Austn1,Auston2,Austyn1,Austynn1,Avereigh11,Avery1,Avin2,Avinash1,Awasis2,Axel1,Axsivier1,Axton1,Ayden1,Aydon1,Ayodeji1,Ayoub1,Ayyub1,Azad1,Azhar1,Ba36,Baby2,Bailey1,Balkar1,Balraj1,Banjamin1,Bao1,Bao-Nguyen1,Barjinder6,Barrett3,Barry1,Bartosz1,Basam1,Basil1,Bassam1,Bassem1,Baxter1,Bayan1,Bazler8,Beau1,Beaudry1,Beay1,Becker1,Belal1,Belall1,Bellal8,Ben1,Benjaman#,Baby Boy Names118,Benjamin1,Benjamin-Ephraim1,Benjemin1,Benjerman4,Bennett4,Benny3,Benson1,Benton1,Bernard1,Bernhard1,Berton2,Bevan1,Bevyn1,Beyar1,Bhavjot1,Bhrair1,Bhupender1,Bhuphinder1,Biancci1,Bijaan1,Bilal1,Bill1,Billal6,Billy1,Billy-Jack1,Binh1,Bipanjot1,Bird1,Bishal1,Bishop2,Bjorn2,Blade1,Bladyn1,Blain11,Blaine21,Blair1,Blaise43,Blake1,Blane1,Blayd2,Blaze4,Bo1,Bobbi2,Bobby2,Boden1,Bodey2,Bodie1,Bohdan1,Bohdi#,Baby Boy Names1,Booker1,Bo-Rham1,Boru1,Bosten1,Boston1,Bourne1,Bowdrie2,Boyd6,Brad55,Braden2,Bradey1,Bradford2,Bradie1,Bradin1,Bradlee90,Bradley4,Bradly1,Bradon55,Brady2,Bradyn6,Braedan24,Braeden1,Braedin7,Braedon1,Braedy1,Braedyn1,Braetel1,Braidan8,Braiden1,Brakkas1,Bram6,Brandan34,Branden5,Brandin1,Brandin-Lee411,Brandon7,Brandt5,Brandyn1,Brannon1,Branson3,Brant1,Branton1,Brantt1,Brantyn1,Braxt0n1,Braxton38,Brayden13,Braydon1,Braydyn#,Baby Boy Names1,Braylon2,Brayton1,Brenan1,Brenard93,Brendan17,Brenden1,Brendin18,Brendon1,Brendy2,Brendyn1,Brenen18,Brennan8,Brennen28,Brent1,Brenten2,Brenton1,Brenyn1,Breon6,Bret1,Breton137,Brett1,Brettan1,Bretten1,Bretton56,Brian3,Briar4,Brice1,Brighton1,Brillian1,Brin1,Brittan12,Brock1,Brodan1,Brodey14,Brodie1,Brodric15,Brody1,Brogan3,Bronson3,Brook1,Brooke1,Brooker1,Brooks1,Browdy8,Bruce34,Bryan1,Bryan-Paul51,Bryce2,Brycen#,Baby Boy Names2,Brydan3,Bryden3,Bryn1,Brynndan2,Bryson1,Bryten6,Bryton1,Buck1,Bud1,Buldavith2,Burke1,Burton9,Byron2,Cabe1,Cache4,Cade1,Caden1,Caelan1,Caiden1,Cailean1,Cajun1,Cal3,Cale37,Caleb1,Calen1,Cali5,Callum1,Calson3,Calum31,Calvin1,Calvyn1,Cam1,Camaron101,Cameron1,Campbell1,Camron1,Canseco2,Carey8,Carl1,Carl-Christian1,Carlin1,Carlo5,Carlos1,Carlynn1,Carmello1,Carsen21,Carson1,Carsten24,Carter#,Baby Boy Names2,Cary1,Case11,Casey2,Cash1,Cashman1,Cashton1,Casper1,Cassian7,Cassidy1,Cassius1,Caston2,Catlen1,Catlin1,Catlyn2,Cayden1,Cayle1,Cayson1,Cedrid1,Cees1,Cesar66,Chad1,Chadd1,Chadwick1,Chady2,Chaise1,Chaisson1,Chak-Heng22,Chance1,Chancery3,Chandler1,Chandrashekar1,Chanin1,Channce3,Chanse1,Chantz30,Charles1,Charlie1,Charnjot56,Chase1,Chaunte1,Chavez1,Chaveze1,Chavves1,Chay1,Chayse6,Chaz1,Che1,Chess5,Chester#,Baby Boy Names1,Cheyenne1,Cheyenno1,Chhaya1,Chi1,Chih1,Chinmay1,Chirstopher1,Chivez1,Chon-ji9,Chris1,Christefur49,Christian1,Christian-James1,Christifer2,Christofer1,Christoph1,Christophe281,Christopher1,Christos1,Chrystyan1,Chung1,Chuol1,Ciaran1,Clancy3,Clarence3,Clark1,Clarke1,Claudio10,Clay1,Clayborne39,Clayton1,Cleighton3,Clement1,Cleve3,Clifford1,Clinson6,Clint1,Clinten18,Clinton2,Clyde1,Coale1,Coben2,Codey4,Codi3,Codie232,Cody1,Cody-Lee3,Cohen1,Colbey#,Baby Boy Names1,Colbin34,Colby121,Cole7,Coleman1,Coletin5,Coleton74,Colin12,Collin1,Collington1,Colm1,Colman1,Colson2,Colt4,Coltan19,Colten6,Coltin113,Colton3,Coltyn1,Colyn1,Conlin1,Connal12,Conner1,Connie148,Connor13,Conor13,Conrad1,Conroy9,Cooper1,Corban1,Corben13,Corbin1,Corbin-James1,Corbyn7,Cordell33,Corey1,Cornelis4,Cornelius1,Corny1,Cortlon2,Corwin38,Cory1,Coryden1,Coryell1,Cotey1,Coty1,Coulter1,Coulton1,Court1,Courtney#,Baby Boy Names1,Covy1,Coy1,Cozmo40,Craig1,Craige1,Creighton1,Cristan2,Cristian1,Cristo1,Cristofer1,Cruz3,Cullen2,Curran76,Curtis2,Cyle6,Cyrus1,Dace1,Dacs1,Daeman1,Daemon2,Dagan1,Dailyn1,Dakoda33,Dakota1,Dalas17,Dale1,Dalen1,Daley1,Dalin47,Dallas1,Dallen7,Dallin1,Dallion1,Dallon2,Dalon1,Dalraj1,Dalten30,Dalton1,Dalvir1,Damek2,Damen9,Damian9,Damien1,Damion18,Damon6,Dan4,Dana1,Danan12,Dane#,Baby Boy Names1,Dani8,Danial258,Daniel1,Daniel-Oscar10,Danny1,Danson1,Dante1,Danton1,Danyal2,Dara2,Darby1,Darcey31,Darcy2,D'Arcy1,Dardin1,Darek7,Darian1,Dariane1,Daric3,Darien1,Darin1,Dario1,Darion1,Daris5,Darius2,Darnell2,Darrel4,Darrell29,Darren3,Darrian1,Darrien1,Darrieun3,Darrin1,Darrio1,Darris4,Darryl1,Darryn2,Darshan2,Darton3,Darwin1,Darwyn1,Daryan4,Daryl2,Dat1,Dathan3,Daulton1,Daur-Jehiah1,Dausen1,Davey#,Baby Boy Names230,David1,Davien3,Davin15,Davis9,Dawson1,Dax6,Daylan1,Dayle2,Daylen2,Daylon1,Daymond2,Dayne1,Daynen12,Dayton1,Daytona1,Dazzmin1,De17,Dean1,Deane1,Declan1,Deedar1,Deion1,Dekker1,Delali1,Delane2,Delaney2,Delbert1,Deleted1,Delorna1,Delroy1,Delsin1,Delston1,Demetrio1,Demetrius1,Demien2,Denis1,Denner15,Dennis2,Denny1,Dentin4,Denton1,Denver1,Denys1,Denzel3,Deon1,Deondre2,Dereck88,Derek3,Derian#,Baby Boy Names2,Derik1,Derin1,Derrek15,Derrick1,Derrick-Lyle1,Derriston1,Derry6,Desmond1,Destin1,Detrick1,Deval9,Devan2,Deven1,Deveon1,Devereaux47,Devin59,Devon1,Devontae3,Devyn1,Dex5,Dexter1,Dhanial1,Dhanvant2,Diamond1,Diason4,Diego1,Dieter.Holger2,Dilan4,Dillan2,Dillion49,Dillon1,Dilon1,Dimitri1,Dimitrios2,Dinh1,Dino2,Dion1,Dionysios2,Dixon2,Dolan1,Dolphus11,Dominic2,Dominik3,Dominique5,Don1,Donal12,Donald1,Donaldson2,Donavan#,Baby Boy Names1,Donaven6,Donavin1,Donavon2,Donivan1,Donnelly1,Donnie1,Donny6,Donovan1,Donovon1,Dorian28,Douglas1,Douglas-Gordon1,Dow1,Dow-Ching1,Doyle9,Drake1,Dray2,Drayton15,Drew2,Dryden3,Duane1,Duchesne20,Duncan1,Durwin101,Dustin1,Duston3,Dusty1,Dutton1,Dwaine3,Dwayne1,Dwier7,Dwight1,Dwyght1,Dyce254,Dylan6,Dyllan1,Dyllinn1,Dyllon3,Dylon1,Dymar1,Dyson1,Dyvon2,Earl2,Easton1,Edan3,Eden1,Edgerton1,Edmond3,Edmund#,Baby Boy Names1,Edneil1,Edric1,Eduard1,Eduardo29,Edward7,Edwin1,Ehab1,Ehron1,Ejazz1,Elan2,Eldon8,Eli5,Elias1,Elias-Ghassan1,Eliezer8,Elijah1,Elijha1,Eliot7,Elliot7,Elliott1,Elmer1,Elohim1,Elton1,Elvin1,Elyaas1,Emad2,Emanuel7,Emerson2,Emery3,Emil1,Emile3,Emilio3,Emmanuel1,Emmerson1,Emmet3,Emmett1,Enes1,Enoc1,Enzo1,Eosif3,Ephraim159,Eric1,Erich2,Erick1,Eric-Karlan1,Erickson43,Erik2,Erin9,Ernest#,Baby Boy Names3,Ernie1,Erol1,Erwin1,Estrie44,Ethan2,Ethen1,Etienne1,Ettiene2,Eugene101,Evan1,Evenor6,Everett1,Everton-Avry1,Evrett1,Ewen1,Ezequiel1,Ezera1,Ezra1,Fabian2,Fabio1,Fadi1,Faisal1,Faraaz2,Faraz1,Farhan2,Faron2,Farron1,Fayad1,Feliciano8,Felix2,Fernando1,Filipe1,Firas1,Firmien1,Flamur1,Fletcher2,Floyd1,Ford3,Forrest2,Foster5,Francesco7,Francis2,Francisco4,Frank2,Franklin4,Franz6,Fraser2,Fred1,Fredderick#,Baby Boy Names6,Frederick1,Frisco1,Gabral19,Gabriel1,Gagandeep1,Gaganjote1,Gaganpreet8,Gage2,Galen1,Gamtesa1,Gare3,Gareth12,Garett1,Garit4,Garnet1,Garred9,Garret45,Garrett1,Garrick1,Garrison1,Garrit5,Garry1,Garryt7,Garth14,Gary1,Gautam1,Gavean2,Gaven17,Gavin1,Geoffery1,Geoffory16,Geoffrey3,Geoffry1,Geordi2,Geordy22,George2,Georges1,Georgious10,Gerald1,Gerrit1,Ghanem1,Ghassan2,Gian1,Gianfranco1,Gianmarco1,Gianni1,Gibran1,Gideon1,Gilbert#,Baby Boy Names3,Gilles2,Gino1,Gino-Vittorio1,Gio5,Giovanni1,Git1,Gleb9,Glen2,Glendon5,Glenn1,Glyndwr1,Godfrey12,Gordon1,Gordy1,Govind1,Gowan1,Gradin1,Grae1,Graedon12,Graeme33,Graham1,Grahamjason18,Grant1,Granville1,Graydan2,Grayson1,Greg3,Gregg1,Greggory2,Gregoire1,Gregor57,Gregory1,Greigory3,Griffin1,Guido1,Guillaume1,Guiseppe1,Gurbir1,Gurdin1,Gurinder2,Gurjeet1,Gurjit1,Gurjodh1,Gurjot1,Gurkaran2,Gurman1,Gurmanjot1,Gurmeet1,Gurrett#,Baby Boy Names1,Gursevak1,Gurshan1,Gursimer1,Gurteaj1,Gurveen1,Gurveer1,Gurvir1,Guuto1,Guy1,Gyllen1,H.1,Ha1,Haddow2,Haden1,Haiden1,Haithem1,Hal1,Hamid1,Hamoon1,Hamza1,Hamzah2,Hamzi1,Hanad1,Hani1,Hanisi1,Hank1,Hanson1,Hardy1,Hari1,Haris2,Harjas1,Harjit1,Harjot1,Harkamal1,Harkamalpreet1,Harkirat11,Harley1,Harmanjeet2,Harmeet1,Harmol1,Harold2,Haroon1,Harpinder1,Harpreet3,Harris22,Harrison5,Harry1,Harsharn1,Harsimran#,Baby Boy Names1,Hartly3,Harvey1,Harvir2,Hasan3,Hassan1,Hassen1,Hau1,Hauner1,Hawadi-Abubaker20,Hayden1,Haydn1,Hayes1,Hazem1,Hazen1,Hazim1,Heber2,Hector1,Heffner3,Heinrich1,Helal10,Henry1,Herbert3,Herman1,Hermon2,Hesham1,Heston1,Hevyan1,Hew1,Heyden1,Hilton1,Himmat4,Ho2,Holden1,Holland1,Hon1,Hounain2,Houston2,Howard1,Ho-Yan1,Hubert1,Hubrecht2,Hugh1,Hughie1,Hung14,Hunter1,Huri1,Husein1,Hussain2,Hussein#,Baby Boy Names1,Huy1,Huynh2,Iain63,Ian1,Ibraheem1,Ibrahem3,Ibrahim1,Ideen1,Ihab1,Immaculate-Frostbite5,Imran1,Inderdeep1,Ioannis1,Iokim2,Irfan1,Irven2,Irvin13,Isaac1,Isaak1,Isadore6,Isaiah1,Ishaan1,Isiah1,Iskander1,Ismael1,Ismail1,Issac1,Issak1,Issam4,Ivan1,Ivan-Tome1,Ivar1,Ivar-Dani1,Iver1,Izaak1,Izal1,Izian2,J.10,Jace1,Jachin18,Jack2,Jackie23,Jackson1,Jacky113,Jacob1,Jacobsen3,Jacques1,Jacy11,Jade#,Baby Boy Names10,Jaden2,Jadon1,Jady1,Jae1,Jaeden1,Jaeger1,Jaem1,Jagdeep2,Jager4,Jagger1,Jagmeet1,Jagroop1,Jahnel1,Jaidan1,Jaideep1,Jaiden2,Jaidyn2,Jaime1,Jainesh1,Jaisimran1,Jaize34,Jake6,Jakob1,Jakub3,Jalen1,Jaliyl2,Jamaal5,Jamal1,Jameel1,Jameil186,James1,James-Dakota6,Jameson2,Jamey30,Jamie2,Jamieson1,Jamin1,Jamine1,Jammie1,Jamus1,Jan1,Jannies1,Janzen1,Japheth1,Jarad80,Jared2,Jaren3,Jaret1,Jareth#,Baby Boy Names7,Jarett5,Jarid1,Jariullah1,Jaron1,Jaroslaw1,Jarrad4,Jarred1,Jarren10,Jarret10,Jarrett2,Jarrid1,Jarron3,Jarvis2,Jaryd1,Jasdeep1,Jashandeep1,Jasjit1,Jasjot2,Jaskamal1,Jaskirat1,Jasmin1,Jasmit1,Jasneet107,Jason1,Jason-Emanuel1,Jasonvir2,Jaspaul4,Jasper1,Jaspinder1,Jaspreet1,Jastin1,Jatinder1,Jauvard1,Javier1,Javinder1,Javon1,Jaxon14,Jay2,Jayce1,Jaycen1,Jayde22,Jayden2,Jaydon1,Jayeson1,Jaylin1,Jayman1,Jayme1,Jaymen1,Jaymeson#,Baby Boy Names1,Jaymus2,Jaynen3,Jayson1,Jayton5,Jean2,Jean-Francois2,Jean-Luc2,Jean-Paul2,Jean-Pierre1,Jean-Sebastien1,Jed2,Jedidiah1,Jeevan1,Jeevanjeet2,Jeff1,Jeffersen1,Jefferson16,Jeffery78,Jeffrey1,Jeffry1,Jemell1,Jemson1,Jennen1,Jeramie1,Jerard1,Jered1,Jeremey1,Jeremia7,Jeremiah5,Jeremie76,Jeremy1,Jericho3,Jerico1,Jerit1,Jeritt2,Jermaine8,Jerome1,Jeromie1,Jerremy1,Jerrico1,Jerrod9,Jerry1,Jerry-Lee1,Jesaiah2,Jess191,Jesse1,Jessey2,Jessi23,Jessie#,Baby Boy Names1,Jessie-Ray6,Jessy1,Jestan1,Jesus1,Jet1,Jett1,Jeurdi2,Jevan2,Jevon1,Jhalen1,Jhonel1,Jiam1,Jibril2,Jim1,Jimmie7,Jimmy1,Jimmy-Huy1,Jobin1,Joby1,Jock1,Jodi3,Jody3,Joe92,Joel1,Joel-Peter2,Joesph10,Joey1,Joffre3,Johan1,Johann129,John1,Johnason23,Johnathan7,Johnathon2,John-Mark5,Johnny1,Johnpaul1,John-Paul1,Johsua1,Jojo1,Jolan1,Jolon3,Jon11,Jonah1,Jonas1,Jonatan135,Jonathan14,Jonathon1,Jonhny#,Baby Boy Names395,Jordan1,Jordan-James1,Jordan-Thanh-Thuc1,Jorddan7,Jorden1,Jordi1,Jordin13,Jordon1,Jordy2,Jordyn1,Jordynn4,Jorge1,Jorgen1,Jorrden1,Jory2,Jose1,Jose-Andres3,Josef124,Joseph1,Joseph-Gregory5,Josh1,Joshau300,Joshua9,Josiah1,Josua3,Josue1,Jothowin3,Juan1,Jubal1,Judah1,Judah-Ben1,Judd1,Jude1,Judge1,Jule18,Julian3,Julien1,Julio2,Julius1,Jullian1,Jun2,Junaid1,Juneid1,Jusalo6,Justice279,Justin1,Justin-Je1,Justis2,Justus#,Baby Boy Names2,Justyn1,Juvant1,Juvon2,Ka1,Kacper7,Kade2,Kaden1,Kaedan1,Kaede1,Kaegan1,Kaelym1,Kaeman1,Kage1,Kahled8,Kai2,Kaiden1,Kail1,Kailan1,Kaile1,Kailin2,Kain1,Kainan1,Kaine1,Kainen1,Kaj1,Kajan9,Kale5,Kaleb6,Kalen1,Kalied1,Kalin1,Kalob1,Kalum2,Kalvin1,Kam2,Kamaldeep1,Kamen5,Kameron1,Kamil1,Kamron8,Kane1,Kaneil1,Kangning1,Kansas1,Karamveer1,Karanjit1,Karanvir1,Kareem1,Karel#,Baby Boy Names1,Karim12,Karl1,Karlan1,Karleton1,Karl-Gustav1,Karmbir1,Karmen1,Karn1,Karnjot2,Karol1,Karsen2,Karson2,Karsten3,Kash1,Kashten1,Kashton2,Kasper2,Kassem2,Kassidy1,Katlan1,Kaven1,Kayden2,Kayle1,Kayler2,Kaylin1,Kaylon1,Kaylor1,Kayman4,Kayne1,Kayo1,Kaysen1,Kaz1,Kazimir1,Kazuki2,Keagan1,Keal1,Kealan1,Keanan6,Keane1,Keano4,Keanu10,Keaton22,Keegan1,Keeghan2,Keelan1,Keelen13,Keenan1,Keenen2,Keeton#,Baby Boy Names1,Keevin1,Kegan1,Kehl3,Keifer1,Keigan1,Keil1,Keiran30,Keith1,Keiton1,Keiver1,Kelan2,Kelby2,Kellan1,Kellby1,Kelle13,Kelly7,Kelsey3,Kelton12,Kelvin1,Kelynrhys1,Kemal1,Kemper5,Ken1,Kendal5,Kendall1,Kendy1,Kenith35,Kenneth5,Kenny10,Kent1,Kenta8,Kenton1,Kenyon1,Keon1,Kerek1,Keri1,Kerrade3,Kerry1,Kes1,Kesar3,Kevan3,Keven178,Kevin1,Kevon2,Kevyn1,Keyfer2,Khaled5,Khalid1,Khalifeh#,Baby Boy Names5,Khalil1,Khang1,Khason1,Khristopher2,Kian1,Kibb3,Kiefer2,Kiel17,Kieran2,Kieron2,Kilian1,Killick1,Kin1,Kindly2,Kingston1,Kipp1,Kiran4,Kirby14,Kirk1,Kish1,Kiterrick1,Klaine3,Klayton1,Klinton-Walid1,Koale1,Koalton1,Koby2,Kodi1,Kodie19,Kody1,Kok1,Kol3,Kolby9,Kole1,Kolia4,Kolten1,Kolter2,Koltin9,Kolton4,Konrad1,Konstantine1,Konway1,Korbin3,Korey1,Korsyn8,Kory1,Kousuke1,Kran1,Kraven#,Baby Boy Names1,Kreelin1,Krimson2,Kris1,Krishan1,Krishneel1,Kristen12,Kristian7,Kristofer1,Kristoff3,Kristoffer1,Kristofor28,Kristopher1,Krystoff1,Kubrom1,Kueth1,Kultar1,Kulwinder1,Kurri16,Kurt36,Kurtis1,Kwade1,Kwinten1,Kwok1,Kyall1,Kylan323,Kyle13,Kyler1,Kyley1,Kylle1,Kylor3,Lachlan2,Laine1,Laith1,Lakhjit1,Lakota1,Lambert14,Lance1,Lancelot2,Landan4,Landen1,Landin20,Landon2,Landyn14,Lane1,Lane-Brooke1,Langdon1,Langis1,Laredo1,Larone#,Baby Boy Names5,Larry2,Lars1,Laurence1,Lavpreet4,Lawrence3,Layne3,Layton1,Lazare1,Le1,Leavon21,Lee1,Legion1,Leiban2,Leighton1,Leith7,Leland1,Lennard1,Lennie6,Leo5,Leon8,Leonard1,Leonel1,Leo-Ray2,Leroy1,Lesley4,Leslie2,Lester1,Levan46,Levi1,Levin5,Lewis25,Liam1,Liard1,Libaan1,Liban1,Libin1,Liem3,Lincoln1,Linda4,Linden3,Lindon3,Lindsay3,Lindsey1,Ling-Phoon1,Lionel3,Lloyd1,Loc2,Lochlan1,Lochlyn#,Baby Boy Names3,Locke97,Logan1,Logen1,Long3,Lonnie1,Lonny3,Loren1,Lorenzo4,Lorne11,Louis1,Lovejeet1,Lovejot1,Lovjyot2,Lowell2,Lowen3,Luc1,Luca68,Lucas1,Lucian1,Lucien1,Luigi6,Luis19,Lukas60,Luke5,Lyle1,Lynden12,Lyndon1,Macallister1,Macauley1,Maciej1,Macintyre48,Mackenzie1,Maclean1,Macnaughton2,Madison1,Mahad1,Mahdi3,Maher1,Mahir1,Mahmed2,Mahmoud1,Maier1,Maison1,Majed1,Maken1,Makoto11,Malcolm1,Malin1,Mamoon#,Baby Boy Names2,Mandeep1,Manfred1,Maninder1,Manjeet2,Manjot1,Mankaido1,Mankaran1,Manpreet1,Manraja1,Mansoor1,Mantaj1,Manveer22,Marc13,Marcel1,Marcello1,Marcellus1,Marcelo1,Marcin10,Marco1,Marcos36,Marcus1,Marek1,Marin4,Mario1,Mariyon117,Mark1,Markell2,Marko9,Markus2,Marlin5,Marlon1,Marquis1,Marsden5,Marshal12,Marshall19,Martin3,Marty7,Marvin1,Marwan1,Marynek1,Masen33,Mason1,MASON1,Massyullah1,Mateusz44,Mathew8,Mathieu1,Mathieu-Joseph2,Matt#,Baby Boy Names6,Matteo1,Matthan432,Matthew1,Matthew-James1,Matthieu1,Matti2,Mattias1,Maurice1,Maurizio1,Maverick6,Max1,Maxim4,Maxime1,Maximilian1,Maximiliano2,Maximillian1,Maximilon21,Maxwell1,Mccrae1,Mckale1,Mckay7,Mckenzie3,Mckinley1,Megaen1,Mehdi1,Mel1,Meldon1,Meldrick1,Melvie1,Melvin1,Melvinder2,Menno1,Merlon2,Merrick1,Merritt4,Micah350,Michael1,Michael-Edward2,Michal42,Micheal3,Michel1,Michele1,Michelo1,Mickey3,Miguel3,Mikael3,Mike1,Mikeal3,Mikel#,Baby Boy Names3,Mikhail1,Mikhil1,Mikkel1,Mikko1,Mikyle1,Milad1,Milan6,Miles1,Miller1,Milo2,Milton1,Minesh1,Minh1,Minh-Tuan1,Mirai1,Miroslav1,Miroslaw21,Mitchel134,Mitchell1,Mladen6,Mohamad17,Mohamed4,Mohammad13,Mohammed1,Mohammed-Ali1,Mohamoud1,Mohd1,Moises1,Momahad1,Monte1,Montgomery2,Monty28,Morgan1,Morgen1,Morin1,Morrison1,Moses1,Mozz1,Muhab2,Muhammad1,Muhammadkhizer1,Mujtaba1,Mukesh1,Muntazir1,Murdock1,Murphy4,Murray1,Musatafa1,Mychal#,Baby Boy Names1,Mykael1,Mykel1,Mykhie1,Mykola23,Myles2,Myron1,Nabaa1,Nabeel1,Nabil2,Nadeem1,Nadir1,Naftali1,Nahome1,Najib1,Nakoda2,Nam1,Napoleon1,Narcisse1,Naru1,Nasri1,Nasser1,Nathain1,Nathal133,Nathan6,Nathanael6,Nathanial44,Nathaniel1,Nathanyal1,Nauman1,Navdeep1,Naveen1,Naveneet1,Navid1,Navin1,Navjee1,Navjeet1,Navjot1,Navraj1,Navrone1,Naweid1,Naythan1,Neale1,Nefi19,Neil1,Neilson1,Neima13,Nelson1,Nevada1,Nevan#,Baby Boy Names3,Nevin2,Newton1,Ngoc2,Nguyen1,Nha1,Nhat1,Nial1,Niall201,Nicholas1,Nicholas-George1,Nicholes1,Nicholls2,Nicholos1,Nickelaus5,Nickolas1,Nico2,Nicola1,Nicolaas1,Nicolai22,Nicolas2,Nicolaus1,Nicoleas11,Nigel1,Nikhil2,Nikki1,Nikko1,Niklaas3,Niklas4,Niko1,Nikolai7,Nikolas1,Nikora1,Nilay1,Nima1,Nimit1,Ninos1,Nishad1,Nithipan1,Nitish1,Niven5,Noah4,Noel42,Nolan2,Nolin1,Nordan1,Norika9,Norman1,Nour1,Nuno#,Baby Boy Names2,Nyall1,Nyle1,Nylen1,Obada1,Ocean-Jacob1,Odin1,Ole1,Oleksa1,Oles1,Olgierd4,Oliver1,Olushina1,Oluwatimilehin1,Omaar10,Omar1,Omid1,Onan1,Onee1,Onkar1,Orest1,Orin1,Orion1,Orren1,Orrey2,Orrie2,Orrin1,Orrsam1,Ory2,Osama1,Osiris3,Osman1,Ossie1,Otanga1,Otto17,Owen1,Ozzy3,Pablo2,Padraic1,Paisley1,Palwinder1,Pancho1,Paneet1,Papinder1,Parambir1,Paris19,Parker1,Parman1,Parry1,Partik#,Baby Boy Names1,Pascal73,Patrick1,Patrick-Olivier61,Paul1,Paul-Stanley1,Pavanjot1,Pavel1,Pawanbir2,Payton1,Paz1,Pearce1,Pearson1,Percy1,Permvir6,Perry73,Peter1,Petro6,Peyton20,Philip5,Philippe15,Phillip1,Phillipe1,Phillippe2,Phong1,Phyllip1,Piacentino3,Pierce6,Pierre1,Pieter1,Praneel1,Praneil1,Prashanth1,Pratik18,Preston1,Prince1,Prisneel1,Prit1,Pritpal1,Prubjot1,Pui-Yan1,Qaasim2,Quade2,Quaid1,Quan7,Quentin1,Quenton1,Quest2,Quin1,Quince#,Baby Boy Names1,Quincy15,Quinn1,Quinten3,Quintin6,Quinton1,Quoc1,Quyen1,Qyinn1,Raad1,Rabe1,Rabia1,Race1,Racey1,Rada1,Radford1,Rae4,Rafael1,Rafferty1,Ragnar1,Rahat1,Raheem-Tyronne1,Rahil2,Rahul1,Raiden1,Raied1,Rainer1,Raistlin1,Raja1,Rajan1,Rajandeep1,Rajdeep1,Rajinesh1,Rajneel1,Raleigh1,Ralph1,Ramandeep1,Rameez1,Rami2,Ramzi1,Randal8,Randall1,Randall-Lee1,Rande1,Randeep1,Randel1,Randle2,Randolph1,Randon24,Randy#,Baby Boy Names1,Ranjanpreet1,Ranon1,Ranson1,Raphael2,Rapheal1,Rashaad1,Rashad1,Rasheed1,Rashpal1,Rattandeep1,Raven1,Ravi1,Ravneet1,Ray1,Rayaan1,Rayden25,Raymond1,Raymond-Mahmoud1,Raynol1,Raziq1,Reagan1,Reaghan1,Real1,Rease1,Reaz1,Redear1,Redford1,Reeaz12,Reece8,Reed1,Rees6,Reese2,Regan1,Reggie4,Reginald1,Regis-James30,Reid1,Reiden3,Reilly3,Reis1,Reise1,Remi1,Renard2,Rene1,Rennox1,Reno1,Rens8,Reuben1,Reyd#,Baby Boy Names1,Reyhan1,Rhease2,Rhett1,Rhyan1,Rhyce14,Rhys1,Rhyse1,Rian1,Ricardo1,Ricci58,Richard1,Richie2,Richmond2,Rick1,Rickinder1,Rickneal5,Ricky1,Ricquelle1,Ried1,Riel2,Rielly1,Riely1,Riki1,Rikky89,Riley1,Rion1,Rishi1,Rishwant1,River1,Rizwanali1,Robben1,Robbie157,Robert1,Robert-Matthew2,Roberto8,Robin1,Robinson1,Robrt1,Rock5,Rocky2,Roderick1,Rodger3,Rodney2,Rodrigo1,Roel7,Roger3,Rohan2,Rohit1,Rolan#,Baby Boy Names4,Roland1,Rolande1,Rolf1,Rolland1,Romain1,Roman1,Romeo1,Romyn2,Ron1,Ronak22,Ronald1,Ronatty1,Roneel1,Ronell1,Roneo1,Ronitra1,Ronnie13,Rory10,Ross5,Rowan1,Rowdy4,Roy2,Royce1,Ruben1,Rubin1,Rudey1,Ruot1,Russel22,Russell1,Russelle1,Russill352,Ryan1,Ryann1,Ryan-Nicky1,Ryan-Wade1,Ryeker1,Ryen3,Ryker14,Rylan5,Ryland1,Ryle2,Rylen19,Ryley1,Rylund2,Ryne1,Ryne-Erik1,Ryohei1,Ryon1,Saad#,Baby Boy Names1,Sabastean1,Sabin1,Sabri1,Sadele2,Sadiq1,Saed1,Safeel2,Sage1,Sahib1,Sahibjit2,Sahil1,Sahyad1,Said1,Sajeel1,Sajid1,Salah-Eldeen2,Saleem3,Salim1,Salman2,Salvatore5,Sam1,Samandrew1,Samantha1,Sambath1,Sameer1,Samer1,Sami1,Samir1,Sammimwasim2,Samson2,Samual83,Samuel1,Samuele1,Samy1,Sancho3,Sandeep1,Sandy1,Sanpreet1,Sarrdar1,Sasa1,Satchyl1,Satpaul1,Satveer1,Savio9,Sawyer1,Sayeed1,Sayer1,Scot132,Scott#,Baby Boy Names1,Seamus128,Sean1,Sean-Michael1,Sebasbian19,Sebastian4,Sebastien1,Seeraj1,Selvin2,Serafino1,Seskwun9,Seth4,Shad2,Shaddy2,Shadi1,Shadoe1,Shadow1,Shadyn1,Shae2,Shael1,Shafraz1,Shah1,Shahan1,Shaheem1,Shahir1,Shahzeen1,Shalvin1,Shami1,Shamus54,Shane1,Shaneal1,Shann1,Shannon1,Shaquil6,Shaquille1,Sharrue1,Sharvtar1,Sharwyn34,Shaun1,Shaw1,Shawanee50,Shawn1,Shawne1,Shawn-Ken3,Shay1,Shaydon1,Shayel1,Shayn24,Shayne5,Shea#,Baby Boy Names7,Shelby1,Sheldan23,Sheldon1,Shelten2,Sheridan1,Sherwin1,Sherwyn1,Shevlyn1,Shey1,Shezadali1,Shilo1,Shiloe1,Shiloh1,Shiv1,Shoaib1,Shyler1,Sidaq1,Sidarth3,Sidney2,Silas1,Silver1,Silviano28,Simon1,Simpson1,Simranjeet1,Sina1,Sirach1,Siraj1,Sivan4,Sky2,Skye6,Skylar17,Skyler1,Skylin1,Sloan1,Sloane1,Solan2,Solomon2,Sonny1,Soren1,Sovannara1,Spence83,Spencer1,Spenser1,Spirit1,Srijan1,Stacey10,Stanley1,Stavros#,Baby Boy Names1,Steele1,Steenan18,Stefan1,Stefan-Jon1,Stefano1,Stefen1,Steffan1,Stein12,Stephan10,Stephane70,Stephen7,Sterling1,Stetson2,Steve148,Steven1,Steventer1,Stevie7,Stewart1,Stpehen1,Stratton17,Stuart1,Stylar1,Sufyan1,Suglo1,Sukdeep1,Sukhdeep1,Sukhjot1,Sukhpal1,Sukhpaul1,Suliman1,Sultan1,Sumeet2,Sundance1,Sundara1,Suneet1,Sunny1,Sunpreet1,Surya1,Sutherland1,Sveinn1,Sven-Eric1,Swade1,Sydney1,Sylvin1,Syr1,Szymon2,T.1,Tad1,Taede#,Baby Boy Names1,Tairyne2,Tait1,Taite1,Tajh1,Takoda1,Taku2,Talal1,Talen1,Taliesin1,Talin1,Tallan1,Tallen5,Talon1,Taltson1,Tamas1,Tamer1,Tammany99,Tanner1,Tannon1,Tan-Tan1,Tanveer2,Tanvir1,Tao4,Taran1,Taranveer1,Taras1,Taren1,Tariq1,Tarlin1,Taro1,Tarrell1,Tarren1,Tarron2,Taryn1,Tassie2,Tate1,Tavis1,Taylan7,Tayler163,Taylor1,Taylor-Jay1,Tayt1,Taze3,Teagan1,Teagen1,Teague1,Teal1,Tecee1,Ted#,Baby Boy Names1,Teddy1,Tegan1,Teghan2,Teigan1,Teighe1,Tejinder1,Tejinpal1,Tell1,Tenvir2,Terance1,Terell6,Terence1,Tergeon1,Terin1,Terran8,Terrance1,Terrell1,Terren5,Terrence1,Terricc1,Terrin1,Terron15,Terry1,Teryn1,Teshoma1,Testi1,Tevin1,Tevita1,Thaddaeus1,Thaddeus3,Thane1,Thang3,Thanh1,Tharee1,Thayne4,Theodore5,Theoren120,Thomas1,Thompson1,Thong1,Thorly1,Thyson1,Tiegan3,Tien1,Tigan1,Tiger1,Tim1,Timmy74,Timothy#,Baby Boy Names1,Timothy-Jay1,Tin1,Tino1,Tirell1,Titus3,Tobias1,Tobiasz1,Tobin1,Toby17,Todd1,Toluwalope8,Tom1,Tomas7,Tommy23,Tony4,Torin1,Torren1,Torrie1,Torrington3,Tory1,Tracy1,Trae1,Trafford1,Trampus1,Tran1,Trandon129,Travis1,Travor1,Travus1,Trax1,Trayel1,Trekk21,Trent2,Trenten5,Trenton1,Treston1,Treu63,Trevor1,Trexton5,Trey1,Triatan3,Trieu1,Trinity1,Tristain22,Tristan2,Tristen2,Tristin1,Triston1,Tritt#,Baby Boy Names1,Trond28,Troy3,True1,Trueman1,Truman1,Trung1,Trystan1,Trystin2,Tuan1,Tucker1,Tullio1,Turner28,Ty1,Tyberias1,Tyce9,Tye1,Tyerel2,Tylan2,Tylar1,Tylen374,Tyler1,Tyler-Dean1,Tyler-Jake2,Tyler-James1,Tyler-Michael1,Tylin10,Tylor1,Tymen1,Tymoteusz1,Tymour1,Tynan1,Tyr1,Tyree11,Tyrel10,Tyrell3,Tyren1,Tyres1,Tyric1,Tyrin1,Tyron13,Tyrone1,Tyrrell1,Tyrus2,Tysen60,Tyson1,Tyvan1,Umran1,Urbane2,Usman#,Baby Boy Names1,Uyrell1,Vallas6,Vance3,Varun1,Vathasin1,Vaughan2,Vaughn1,Veaon1,Vedur1,Venceslav1,Venzie1,Verne3,Vernon1,Vickram20,Victor2,Viet1,Vijay1,Vikaas1,Vikas2,Vikram1,Vikramdeep1,Viktor2,Vinay1,Vince30,Vincent1,Vinncent1,Vinny1,Vinson1,Viper1,Vishaal1,Vishal1,Vittorio2,Vivek1,Vlady1,Vu-Anthony5,Wacey19,Wade1,Waheeb1,Wahib1,Wai-Yin1,Wajiw1,Waldo1,Waleed3,Walid1,Walied4,Walker1,Wallace2,Wally5,Walter#,Baby Boy Names13,Warren1,Wasim1,Wassim1,Wassime1,Wayce1,Waylan5,Waylon8,Wayne1,Weijie1,Wen2,Wendel2,Wendell1,Wendle20,Wesley1,West1,Westin1,Westley1,Weston1,Weylan1,Wheslay1,Whitecloud1,Whitman1,Wilbur1,Wilco1,Wilfie3,Wilfred2,Wilhelm1,Wilkin2,Will2,Willem131,William1,Williamwalker1,Willie1,Willis1,Willson6,Wilson1,Windwalker1,Wing7,Winston1,Witten1,Wolf1,Woodrow1,Wren1,Wyat27,Wyatt1,Wyatt-Bo1,Wylee1,Wylie1,Wyndelle#,Baby Boy Names1,Xarius5,Xavier1,Xian1,Yaakov1,Yanir2,Yannick1,Yaroslav1,Yash1,Yasir1,Yehuda1,Yin1,Ylli1,Yoji1,Yosaf3,Yousef4,Youssef1,Zaccaria1,Zaccery1,Zacharey6,Zachariah1,Zacharias1,Zacharie155,Zachary1,Zacherie11,Zachery8,Zackary2,Zackery1,Zaed1,Zafeer1,Zahe2,Zaher1,Zahoor2,Zaid1,Zain3,Zak5,Zakary1,Zakery1,Zakkary1,Zaman1,Zana6,Zane2,Zarley1,Zebulon2,Zechariah1,Zheng1,Zishaan1,Ziyad1,Zoltan1,Zubair