Baby Boy Names Registered in 1994,#,Baby Boy Names1,Aadl1,Aadle1,Aalim1,Aaric1,Aarin122,Aaron1,Aarondeep1,Aaryn1,Abdallah1,Abdel1,Abdelrhman1,Abdi-Raheem1,Abdo3,Abdul1,Abdul-Hakim2,Abdullah1,Abdulrahman1,Abdul-Rahman1,Abed2,Abel1,Abid1,Abner1,Abobacker7,Abraham2,Abram1,Abramo1,Absalom2,Ace1,Acheon159,Adam1,Adamo7,Addison3,Aden1,Adham1,Adiane1,Adil1,Adison1,Adley1,Adnan2,Adonay1,Adrew2,Adriaan27,Adrian2,Adriano2,Adriel2,Adrien1,Adwin#,Baby Boy Names3,Aedan1,Aeryk10,Ahmad11,Ahmed1,Ahmed-Mohamed20,Aidan2,Aiden1,Ajai2,Ajay1,Ajaypaul1,Ajeetpal1,Ajmeet1,Akaljot2,Akash1,Akeem1,Akhilesh1,Akila1,Akimo1,Akshay1,Alain17,Alan1,Alan-Van1,Alarac1,Alaric1,Alastair10,Albert1,Alberto1,Albert-Won1,Alden2,Aldo12,Alec1,Alejandro2,Alek2,Aleksander1,Alekzander42,Alex263,Alexander5,Alexandre1,Alexei1,Alexie1,Alexyz1,Alfons1,Alfred1,Alfredo11,Ali1,Alistair2,Alix16,Allan#,Baby Boy Names1,Allec3,Allen1,Allijah1,Allister2,Alonzo1,Aloyuisius1,Altan1,Althon1,Alton1,Alva1,Alvan8,Alvin1,Alvis1,Alwyn1,Aly1,Alykhan1,Amaar4,Aman1,Amanbir2,Amandeep1,Amanjeet1,Amanpal2,Amanpreet1,Amanuel1,Amar1,Amardeep1,Amarpaul1,Amarpreet1,Amber3,Ambrose1,Amear1,Ameen2,Amer2,Amir1,Amit1,Amninder1,Amol3,Amos1,Amraj2,Amritpal1,Amritpaul1,Anand2,Anant1,Anantbir1,Anatoly4,Anders1,Anderson8,Andre#,Baby Boy Names3,Andreas1,Andrei2,Andres198,Andrew1,Andrian1,Andrija8,Andy1,Aneal1,Aneesh1,Anekusa1,Angelo1,Angus1,Anh1,Anibal1,Anil2,Anish1,Anmol1,Anmoldeep1,Ansel2,Anson1,Anthonny84,Anthony1,Anthony-Daniel1,Antip.3,Antoine4,Anton11,Antonio1,Antonius1,Antony1,Anuj1,Anuraj2,Anwar1,Aqeel1,Aqil1,Aquella-Arno1,Aram1,Aran1,Arash1,Arbin1,Archer1,Archibald1,Arden1,Arend1,Arette3,Aric1,Aristotle1,Arjan1,Arjay1,Arjun#,Baby Boy Names2,Arlen1,Armaan3,Arman1,Armando1,Arnett2,Arnold6,Aron1,Arrigo2,Arron1,Arsenije1,Arsh1,Arshan1,Arther7,Arthur1,Artur1,Arun1,Arundeep1,Arvind1,Arvindu1,Asad1,Asher1,Ashley2,Ashraf22,Ashton1,Ashtyn2,Ashwin1,Asiff1,Aslan1,Aston1,Athannael1,Atiba1,Atinder1,Atlal1,Atosh3,Aubrey1,Augustin1,Aundre1,Aundrey1,Aurie6,Austen213,Austin2,Auston4,Austyn24,Avery1,Avinash1,Awande1,Axl1,Ayden1,Ayrton#,Baby Boy Names1,Azfar1,Azur26,Baby3,Bailey1,Baldeep1,Baldwin1,Banjo1,Barmeet1,Barret3,Barrett6,Barry1,Barton1,Bashir2,Basil1,Bassam1,Bassel1,Bayan1,Bayron5,Beau3,Belal4,Ben3,Benedict1,Benjahmin2,Benjamen147,Benjamin1,Benjamynn1,Benjenmin1,Benjerman4,Bennett1,Bennjamin2,Benson1,Bently3,Bernard2,Bernardus1,Bernhard1,Bernie1,Bevan1,Bhavraj1,Bigoa1,Bijan2,Bilal2,Bill1,Bill-Vasilis6,Billy1,Billy-Jack1,Billy-Ray1,Bishop1,Bj1,Bjorn#,Baby Boy Names3,Blade9,Blaine9,Blair1,Blaise1,Blaize50,Blake1,Blane1,Blayden4,Blayne1,Blaze3,Bo1,Bob6,Bobby1,Bobijot1,Bodean1,Boland1,Bolton1,Bonney1,Borg1,Boston1,Bowdrie2,Bowen1,Bowie1,Bowin1,Boyan1,Boyd1,Braaden3,Brad63,Braden1,Bradford2,Bradie1,Bradlen94,Bradley9,Bradly2,Bradon1,Bradshaw46,Brady5,Bradyn3,Braedan24,Braeden6,Braedon1,Braedy3,Braedyn1,Brahamjit9,Braiden2,Braidon6,Brandan25,Branden4,Brandin#,Baby Boy Names409,Brandon1,Brandon-Gerardo2,Brandon-Lee1,Brandy9,Brandyn3,Brant2,Brantly1,Branton1,Braunagh1,Braxton48,Brayden18,Braydon2,Braylon1,Brayton1,Breck1,Breht1,Brenan1,Brenda87,Brendan17,Brenden1,Brendin29,Brendon15,Brennan7,Brennen1,Brennin4,Brennon31,Brent1,Brenten2,Brenton1,Brenwyn10,Bret1,Breten1,Breton132,Brett1,Brette1,Bretten1,Brettin4,Bretton1,Breyden57,Brian1,Brice2,Brien2,Briggs1,Brigham1,Briley1,Brin1,Brisbin1,Brisco14,Brock#,Baby Boy Names2,Broden2,Broderick2,Brodey2,Brodi9,Brodie24,Brody1,Broek2,Bronson4,Brook1,Brooke1,Brooker1,Brooklin4,Brooks7,Bruce1,Bruce-Van1,Bruin33,Bryan1,Bryant54,Bryce2,Brycen3,Brydan1,Bryden1,Brydon1,Bryhton5,Bryn5,Bryson9,Bryton1,Buay1,Buffeno1,Bungo1,Burdette1,Burke1,Burkely1,Butch10,Byron1,Byrton1,Cacey1,Cadan1,Cadance1,Caddison6,Cade2,Caden1,Cadrin2,Caelan1,Caelhan1,Cai1,Cailean1,Caitlin1,Calahan#,Baby Boy Names1,Calby2,Calder1,Cale37,Caleb1,Calen1,Calhoun1,Calle1,Callen1,Callin10,Callum3,Calum28,Calvin1,Cam1,Cambell1,Camden89,Cameron3,Camille2,Campbell1,Camron1,Carey5,Carl2,Carlin2,Carlo8,Carlos3,Carlton1,Carman2,Carmen1,Carneil33,Carson33,Carter1,Cary18,Casey9,Cassidy1,Castin1,Cayce1,Cayden1,Cazimir1,Cedar2,Cedric1,Cedrick2,Chace49,Chad2,Chadd2,Chadwick1,Chae1,Chakib1,Chak-Man24,Chance2,Chancellor#,Baby Boy Names1,Chancey1,Chandeep3,Chandler1,Chanjot1,Chanse1,Chantry22,Charles6,Charlie1,Charlton4,Chas55,Chase1,Chasen1,Chasetin1,Chatwin1,Chauncey2,Chayce1,Chayse2,Chaz1,Chaze1,Chazmin1,Cheney2,Chester1,Chet1,Chetan1,Chetlan1,Chetwyn1,Chevy3,Chi1,Chiiming1,Chiranjeev4,Chris1,Chrisna1,Chriss1,Christ0pher2,Christain1,Christapher1,Christerpher60,Christian1,Christien1,Christoforos1,Christoher246,Christopher1,Chunshou1,Chyles2,Cian1,Ciaran1,Ciran1,Ciro1,Clancy#,Baby Boy Names2,Clarence2,Clark1,Claude1,Claudio9,Clay39,Clayton1,Clear1,Clement3,Clifford1,Cliffton3,Clint16,Clinton1,Clyde1,Coady1,Coalton1,Cobain2,Coby1,Coda1,Coden2,Codey183,Cody1,Cody-Jerrod1,Cody-Lee1,Coel2,Cohen1,Cola1,Colbey48,Colby152,Cole2,Coleby7,Coleman2,Colemen2,Coleten8,Coleton55,Colin13,Collin9,Colt3,Coltan16,Colten1,Colter4,Coltin95,Colton5,Coltyn3,Colyn1,Conan3,Conlan1,Conley1,Connar2,Connell#,Baby Boy Names15,Conner131,Connor6,Conor13,Conrad4,Cooper11,Corbin1,Corbyn5,Cordell2,Cordelle37,Corey3,Cornelius1,Cornell1,Cornielius1,Cort1,Cortland1,Cortney51,Cory1,Costas2,Coty3,Coulton1,Courtland3,Courtney2,Coy27,Craig1,Craighton1,Cray1,Creedon1,Creelen1,Creeson1,Cres1,Cristapher2,Cristian1,Cristopher1,Cruz1,Cuade4,Cullen68,Curtis1,Curtiss1,Cyle1,Cyro4,Cyrus1,Cyruss1,D.1,Dache1,Dacyan1,Daegan1,Daelen1,Dagan1,Dailen#,Baby Boy Names1,Daine1,Daiten5,Dakoda59,Dakota2,Dakotah1,Dalan9,Dale4,Dalen1,Dalin3,Dallan46,Dallas1,Dallen4,Dallin2,Dallon37,Dalton1,Dalven2,Dalyn1,Damen14,Damian7,Damien4,Damion17,Damon1,Damyon1,Dan2,Dana1,Dancy10,Dane1,Daner1,Danh5,Danial1,Danick282,Daniel1,Daniele1,Daniel-Jade1,Daniel-Mark1,Daniels1,Danien7,Danny1,Dante1,Dante'2,Danton1,Danyal1,Darcin25,Darcy1,D'Arcy1,Darem10,Darian14,Darien2,Darin#,Baby Boy Names2,Dario7,Darion4,Darius1,Darnall2,Darnel9,Darnell3,Darrell44,Darren1,Darrian1,Darriel1,Darrien4,Darrin2,Darryl1,Darryle1,Darryll1,Darryn1,Darvin4,Darwin1,Darwyn1,Daryc4,Daryl1,Daryon1,Dasan1,Dashaun1,Daspinder1,Dat1,Daulton1,Dausen1,Davante1,Dave1,Daven191,David1,David-Erik1,David-James1,David-Kazimierz6,Davin10,Davis1,Davon1,Davyn1,Dawood13,Dawson2,Dax1,Dayavir1,Dayl4,Daylan2,Daylen2,Daylin2,Daylon1,Daymon#,Baby Boy Names4,Dayne8,Dayton23,Dean1,Deangelo6,Declan1,Dedar1,Deiter1,Deker1,Dekota2,Delaney1,Delano1,Delany1,Delbert1,Delno1,Delore1,Delray2,Delroy1,Delton1,Delvin1,Delwyn1,Demen1,Demetre1,Demetrius1,Dempsey1,Den1,Denerio1,Denim4,Denis1,Denni13,Dennis4,Denny2,Denton1,Denuim8,Denver1,Denym2,Denzel1,Denzil4,Deon1,Dereck60,Derek1,Deren1,Deric3,Derick1,Deron1,Derrek15,Derrick1,Derris1,Derry1,Derwyn#,Baby Boy Names1,Deryck1,Des1,Desmand7,Desmond9,Devan2,Devante1,Devaughn1,Deven32,Devin1,Devind1,Devlin71,Devon1,Devonte1,Devorie4,Devyn6,Dexter1,Dexther1,Dezmond1,Dharijan1,Dheeraj1,Dhillon1,Diamond1,Diedrich1,Diego2,Dilan1,Dildar1,Diljot1,Diljyoth6,Dillan1,Dillin6,Dillion43,Dillon2,Dimitri5,Dion1,Dionn4,Dixon1,Djustice1,Dmitri1,Dmyetre1,Doane1,Dolan1,Dollinger1,Dolph1,Dolton1,Domanick26,Dominic3,Dominick7,Dominik2,Dominique#,Baby Boy Names6,Don9,Donald3,Donavan3,Donavon1,Donnavan3,Donny1,Donoin16,Donovan1,Doran5,Dorian1,Doron23,Douglas1,Doulton8,Drake2,Draven1,Dravjot1,Drayden1,Draydon1,Drayke1,Drayton1,Drayvin1,Dre23,Drew1,Dreysen1,Dru1,Drue3,Dryden1,Duaine3,Duane1,Duc1,Ducati21,Duncan2,Dusan1,Dustan1,Dusten109,Dustin2,Duston4,Dusty6,Dustyn1,Duy1,Duy-Tam1,Dvon5,Dwayne8,Dwight229,Dylan1,Dylan-Austin2,Dylaney1,Dylan-Joeseph1,Dylan-Joseph#,Baby Boy Names1,Dylann1,Dylen4,Dyllan1,Dyllin1,Dyllon5,Dylon1,Dyrin1,Dyson1,E.1,Eagle1,Earl6,Easton1,Ebenezer1,Edeen1,Eden1,Eder1,Edison2,Edmond1,Edmund29,Edward4,Edwin1,Effrem1,Efrem1,Egan1,Egidio2,Ehab1,Elder1,Eldin2,Eldon1,Eldwin3,Eli1,Elian5,Elias1,Elie10,Elijah1,Elim1,Eliott1,Elisha1,Ellert1,Elli7,Elliot9,Elliott4,Ellis1,Ellwood1,Elmer1,Elvis1,Emad2,Emanuel6,Emerson#,Baby Boy Names1,Emery3,Emile4,Emilio1,Emillo1,Emilo4,Emmanuel1,Emmet4,Emmett3,Emmitt1,Emrys1,Enmanuel2,Enoch1,Enrico1,Eren137,Eric4,Erich3,Erick39,Erik2,Erin1,Erllin1,Ernest3,Ernie1,Erwin1,Eryk1,Esteban1,Estevan1,Etai58,Ethan1,Ethos2,Etienne4,Eugene108,Evan1,Evander1,Evann4,Everett1,Evin1,Ewan1,Eyuiael1,Ezekiel2,Ezra2,Fabian1,Fabio1,Fabricio1,Faden1,Fadey1,Fadi1,Fahim1,Faizaan1,Faraaz#,Baby Boy Names1,Faraz1,Farjot3,Faron1,Faroz1,Farrell2,Farron5,Felix1,Feodul1,Ferdan3,Fernando1,Fernard1,Ferris1,Ferryn1,Fielding1,Finlay1,Finnegan1,Fletcher2,Floyd1,Ford1,Foreest9,Forrest10,Francis9,Frank1,Frankie1,Franklin3,Franz3,Fraser1,Freddie4,Frederic1,Frederick4,Fredrick1,Friedrich1,Fritz1,Fylan23,Gabriel1,Gabryel1,Gaelen1,Gaetano1,Gagandeep9,Gage1,Gaige1,Galen1,Galvin1,Garen1,Garet2,Gareth1,Garetn6,Garett1,Garion#,Baby Boy Names1,Garison1,Garland1,Garner1,Garnet3,Garon13,Garret1,Garreth35,Garrett2,Garrick3,Garrit1,Garry3,Garth15,Gary1,Gatine1,Gatlyn1,Gautham17,Gavin1,Gaylerd1,Gee1,Gemis1,Gene1,Genesis1,Geno1,Gentry1,Geoff1,Geofferson1,Geoffery18,Geoffrey1,Geordon25,George1,Geovany9,Gerald1,Geraldo2,Gerard1,Gerhard1,Gerhardt2,Gerrit1,Gerry1,Gershom1,Gheys1,Giacomo1,Giancarlo1,Gianni1,Gibran2,Gibson1,Gideon3,Gilbert3,Gino1,Giorgio#,Baby Boy Names4,Giovanni1,Giulio7,Glen1,Glendon10,Glenn1,Glyn1,Godfrey1,Godwin1,Gopal1,Gorden9,Gordon1,Gradey3,Grady1,Graeden15,Graeme29,Graham1,Graison17,Grant1,Grantland1,Gray2,Grayden4,Graydon1,Graysen7,Grayson1,Gregg1,Gregorey47,Gregory4,Greyson1,Griffyn1,Grover2,Gunnar1,Gunner1,Gunvir2,Gurbir1,Gurdeep3,Gurjot2,Gurkamal1,Gurkaran1,Gurkeet1,Gurneale1,Gurpreet1,Gurshane1,Gursimran3,Guy1,Haben1,Haden1,Haedan1,Haele1,Hafeez#,Baby Boy Names1,Hagen1,Hai1,Haiden2,Hale2,Haley1,Halston2,Hamish1,Hamza2,Hamzah1,Hamze1,Hamzee1,Hamzeh1,Hamzey1,Han1,Hanan1,Hany1,Hardeep1,Hardy1,Haris1,Harjaap1,Harjit1,Harjot1,Harkaran2,Harkeerat1,Harlee16,Harley6,Harman1,Harmandip1,Harmanjeet1,Harmen1,Harrisen14,Harrison4,Harry1,Harsandeep1,Harsimer1,Hart3,Harvey1,Harvishal2,Hasan1,Hasman1,Hassan1,Hatim1,Haussein1,Haven34,Hayden1,Haydn1,Haydon1,Haylen2,Heath#,Baby Boy Names1,Hendrik1,Henrick1,Henricus1,Henrik12,Henry1,Herdaman3,Herman1,Hesham1,Hessam1,Heston1,Hilton1,Hiroshi3,Hoang2,Holden1,Hollis1,Horace1,Ho-Tung1,Houston2,Howard1,Howie1,Hristo1,Hubert1,Hudsen3,Hudson2,Hugh2,Hugo13,Hunter1,Husam3,Hussein2,Hussien1,Husson1,Huu1,Huxley1,Hyland2,Hyrum5,Iain47,Ian1,Ibrahim1,Idris1,Igor1,Ihor1,Iikatsa1,Imad1,Impreet1,Inderjot1,Inderpaul1,Inderpreet1,Indra1,Innocenzo#,Baby Boy Names1,Iqbal2,Irfaan1,Irfan1,Irfan-Karim1,Irven1,Irvin1,Irwin15,Isaac2,Isaak2,Isaiah1,Ishmeet1,Isley3,Ismail1,Issam1,Issiah1,Isslam1,Italo9,Ivan1,Izzac1,J.1,Jabari3,Jace26,Jack1,Jackey3,Jackie1,Jackrit25,Jackson4,Jacky132,Jacob1,Jacobus1,Jacques1,Jacques-Luc1,Jacy2,Jad6,Jade1,Jade-Diamond12,Jaden2,Jadon1,Jadyn1,Jaeden2,Jaeger1,Jagdeep2,Jager1,Jaggar3,Jagger1,Jagger-Ray1,Jaideep3,Jaiden1,Jair#,Baby Boy Names2,Jairus36,Jake6,Jakob1,Jakson1,Jakub1,Jalel4,Jalen5,Jamal1,Jamar142,James2,Jameson1,Jamey26,Jamie1,Jamie-Joe1,Jamieson1,Jamil2,Jamison1,Jamond4,Jan1,Jang1,Jani1,Janminder1,Japheth1,Japjee103,Jared2,Jarek2,Jaren2,Jaret4,Jarett1,Jarid3,Jarin2,Jarod5,Jaron1,Jarrad9,Jarred4,Jarret13,Jarrett1,Jarrette1,Jarrid1,Jarrid-Bryce1,Jarrith1,Jarritt6,Jarrod1,Jarryd1,Jarub4,Jarvis1,Jaryd1,Jasdeep1,Jase#,Baby Boy Names1,Jasen1,Jasey1,Jasgeet1,Jasjot3,Jaskaran1,Jaskarn1,Jaskirat1,Jaskirt126,Jason5,Jasper1,Jaspinder1,Jasspreet1,Jasvinder1,Jatinder1,Javier1,Jax1,Jaxan17,Jay1,Jayce1,Jaydan2,Jayde1,Jaydee26,Jayden5,Jaydon1,Jaylen2,Jayme1,Jaymes1,Jaymeson4,Jayson4,Jean2,Jean-Claude1,Jean-Francois6,Jean-Luc2,Jean-Marc1,Jean-Paul1,Jebbsen3,Jed1,Jedithun2,Jeff2,Jefferson9,Jeffery80,Jeffrey1,Jeffry1,Jehad1,Jenner1,Jens1,Jensen1,Jephson2,Jerald#,Baby Boy Names1,Jeramy1,Jered1,Jeremi5,Jeremiah2,Jeremie83,Jeremy1,Jerez1,Jeriah1,Jeric1,Jericho1,Jerimiah1,Jermaine3,Jerod3,Jerome2,Jeron2,Jerran2,Jerred1,Jerrid1,Jerrin1,Jerrison3,Jerrod5,Jerry1,Jerry-Lee1,Jervis1,Jerzon1,Jeshua1,Jeshween1,Jesiah2,Jess1,Jessal182,Jesse1,Jesse-Lee1,Jessey15,Jessie6,Jessy1,Jestault1,Jestin1,Jesus1,Jetlan1,Jevan1,Jevin4,Jevon1,Jeydon1,Jezeiha-Rene1,Jhasua1,Jibran1,Jigar1,Jim1,Jimi#,Baby Boy Names8,Jimmy1,Jirah1,Jiunn1,Joao3,Jody2,Joe1,Joedy1,Joefel95,Joel1,Joen1,Joeseph1,Joesph8,Joey1,Jogish3,Johan3,Johann1,Johannes114,John23,Johnathan9,Johnathon6,Johnny1,Johnothan1,Jojhan4,Jon22,Jonah2,Jonas114,Jonathan1,Jonathen19,Jonathon1,Jon-Call1,Jonna1,Jonus1,Jonye313,Jordan5,Jorden3,Jordie1,Jordin20,Jordon3,Jordy2,Jordyn2,Joren4,Jorge1,Jorgen1,Jorgio1,Jorid1,Jorrey2,Jory4,Jose3,Josef#,Baby Boy Names106,Joseph1,Joseph-Robert7,Josh1,Joshkaran285,Joshua1,Joshua.Tarren1,Joshuah13,Josiah1,Josie1,Josip1,Joss2,Jourdan2,Jovan1,Jowell1,Joyale1,Jozef1,Jozsef1,Juan-Pablo1,Judah2,Jude1,Juergen1,Juggy1,Jugraj2,Jules1,Julexis13,Julian3,Julien1,Julius1,Juliusz1,Juri1,Jurvis2,Justan1,Justen10,Justice256,Justin1,Justinder1,Justin-Lee2,Justis2,Justyn1,Juwan1,K.1,Ka3,Kade1,Kadeem1,Kadell8,Kaden2,Kadin1,Kadmoos1,Kadon#,Baby Boy Names1,Kaeden5,Kaelan1,Kaelin1,Kaeman1,Kaevin1,Kahir1,Kahleel1,Kahn2,Kai1,Kaidan1,Kaidon1,Kain1,Kaine1,Kais1,Kaiz1,Kaj1,Kalab-E-Hassan2,Kalam1,Kalan1,Kalana1,Kaldoon7,Kale3,Kaleb1,Kaleem4,Kalen1,Kalend1,Kalib2,Kalid1,Kallen2,Kalon1,Kalten5,Kalvin2,Kamal1,Kamil1,Kamin8,Kane1,Kani1,Kaol1,Karac1,Karam2,Karan1,Karanveer1,Karanvir2,Kareem1,Karim8,Karl1,Karlen1,Karlin1,Karlton#,Baby Boy Names2,Karn3,Karson3,Karsten1,Kasey1,Kash1,Kashif1,Kashtin1,Kashton1,Kasjan1,Kason1,Kasper1,Kass2,Kassem1,Kaston1,Katlun1,Kaushik1,Kayden1,Kaylan2,Kayle1,Kayleb2,Kaylem1,Kaylen1,Kayll1,Kayln1,Kayne2,Kaynen1,Kaynyn1,Kazmier3,Keagan1,Keagen2,Keanan1,Keanen2,Keanu1,Kearn1,Keath17,Keaton28,Keegan1,Keeghan14,Keenan3,Keenen1,Keerit1,Keestin2,Keeton1,Kehew5,Keifer1,Keiffer1,Keilan4,Keiran1,Keishiro#,Baby Boy Names2,Keisuke20,Keith1,Keithen1,Kelda2,Kellan4,Kellen1,Keller15,Kelly1,Kellyn5,Kelsey1,Kelson4,Kelton11,Kelvin4,Ken5,Kendall3,Kendrick1,Kenin2,Kennedy1,Kenneith31,Kenneth4,Kenny9,Kent2,Kentaro8,Kenton2,Kenzie1,Kerey2,Kerry1,Kershaw1,Kerwin1,Keshav1,Keshen1,Kesler1,Kesley2,Keven141,Kevin1,Kevindeep1,Kevn1,Kevyn1,Keyano1,Keynon1,Keyrillos1,Keyton2,Keyvan5,Khaled4,Khalid1,Khalil1,Khristian1,Khristopher1,Kianosh#,Baby Boy Names4,Kiefer1,Kielin1,Kienan21,Kieran1,Kier-Christer1,Kierin1,Kieron1,Kieth1,Kiley1,Killian1,Kim1,Kimo1,Kingsley1,Kinnley2,Kip1,Kiran2,Kirby1,Kirill7,Kirk1,Kirkland1,Kirklin1,Kishan1,Kit1,Kit-Chun1,Kitt1,Kiwane1,Kjartan1,Kjell1,Klay2,Koby1,Kodey21,Kody1,Kofi3,Kohl1,Kojo1,Kol5,Kolby9,Kole1,Koleton1,Koletyn1,Kolin2,Kolt1,Koltan3,Kolten6,Kolton1,Kolyn3,Konner4,Konnor3,Konrad#,Baby Boy Names1,Koray1,Korbinian1,Korby1,Korbyn1,Kord3,Korey2,Kori1,Korre1,Korson3,Kory1,Kourt1,Kowa1,Krayess1,Kreeshal1,Kreg3,Kris1,Krishneel1,Kristapher1,Kristen9,Kristian1,Kristiane1,Kristien5,Kristofer1,Kristoff23,Kristopher1,Krystopher1,Kulwinder2,Kunal12,Kurt24,Kurtis1,Kurtlind1,Kwesi1,Kwin1,Kyall1,Kyeler1,Kyen1,Kylar1,Kylash261,Kyle1,Kyle-Curtis11,Kyler1,Kyle-Walter1,Kylor1,Kynan1,Kyran1,Kyrill1,Kyron1,Kyte1,Lac#,Baby Boy Names4,Lachlan1,Lain2,Laine1,Laird1,Lairis1,Lakhwinder1,Lambert1,Lamont15,Lance1,LANCE1,Lancelot2,Landen41,Landon2,Landyn24,Lane1,Langford1,Langston1,Lanny1,Lansen1,Larone6,Larry1,Lars1,Larson1,Lathan1,Lauren1,Laurence1,Laurent4,Lawrence8,Layne4,Layton1,Lazslo1,Leander1,Leandro15,Lee1,Leeander1,Leeland1,Leewa2,Leif1,Leigh3,Leighton2,Leland1,Lemar1,Lemuel1,Lenard1,Lenford4,Leo7,Leon7,Leonard1,Leonardo#,Baby Boy Names2,Leonidas1,Leor2,Leroy1,Leshon6,Leslie1,Lester61,Levi1,Levin1,Levis1,Levon1,Levy5,Lewis48,Liam1,Liang1,Lief3,Lincoln4,Linden1,Lindon1,Lindros1,Lindsay1,Lionel1,Lisle1,Lochlan83,Logan1,Lomude1,London1,Lordi1,Lorenzo5,Lorne1,Lou1,Louaie-Tyler1,Louie7,Louis1,Lovljot1,Lowell2,Lowen14,Luc1,Luca83,Lucas1,Luciano2,Lucien1,Luckey1,Lucus1,Luigi3,Luis15,Lukas70,Luke1,Lydon8,Lyle#,Baby Boy Names4,Lynden5,Lyndon1,Lyon1,Maankaranjeet1,MacCartny1,Maceio1,Maciej1,MacIntrye1,Mack75,Mackenzie1,Mackeznie1,Maclane2,Maclean1,Macrae1,Maddison1,Maddix1,Madieson3,Madison1,Maeson1,Mahad1,Mahdi1,Maher2,Mahmoud1,Maitland1,Makafui1,Makhan8,Malcolm2,Malek1,Malen1,Malik1,Malvin1,Man1,Mandeep1,Manfred1,Manjit3,Manjot1,Manjyot3,Manpreet1,Manraj1,Mansur3,Manuel23,Marc1,Marc-Andre1,Marc-Antoine11,Marcel1,Marcelo1,Marcio11,Marco1,Marc-Olivier#,Baby Boy Names2,Marcos28,Marcus2,Marin1,Marino5,Mario92,Mark1,Markham1,Markian3,Marko9,Markus1,Marlo2,Marlon1,Marshal8,Marshall1,Marten20,Martin1,Marttin4,Marty7,Marvin1,Marvin-Ross1,Marwan29,Mason1,Massimiliano1,Matchell1,Mate1,Mateusz43,Mathew11,Mathieu1,Matt3,Matteo1,Matthaus1,Mattheo381,Matthew1,Matthias2,Matthieu1,Mattia4,Maurice1,Maveric1,Maverick12,Max1,Maxem3,Maxime3,Maximilian29,Maxwell1,Maxx1,Mayson5,Mckenzie1,Mckinley1,Meako#,Baby Boy Names1,Mehakdeep1,Mehde1,Melvin1,Menno1,Merhi1,Merik1,Merle1,Meron1,Merrick1,Mervin1,Metawee10,Micah1,Micaiah342,Michael4,Michal1,Michall23,Micheal1,Micheil3,Michel1,Mickey6,Miguel1,Mihskakwan1,Miinahgiizis2,Mikael1,Mikail1,Mikal2,Mike1,Mikeal1,Mikel1,Mikell2,Mikhael1,Mikkel1,Mikolas1,Milan8,Miles1,Miller3,Milos1,Milton1,Ming1,Ming-Jia3,Minh1,Misha2,Mitch12,Mitchel136,Mitchell1,Mitchelle1,Moayed6,Mohamad24,Mohamed#,Baby Boy Names1,Mohamed-Ahmad5,Mohammad1,Mohammad-Jamal10,Mohammed1,Mohamoud1,Mohamud1,Mohanad1,Mohit1,Mohneet1,Mohsen1,Monish1,Montana1,Montgomery1,Montiel40,Morgan1,Morgen-Lee1,Mos-Ab1,Moses1,Mostafa1,Motaz1,Mouhammad1,Mouleddeen1,Mounir1,Moussa1,Moustafa1,Moustfa1,Mozammil1,Mozes1,Muayad1,Muhammad1,Mukhujjal1,Mumui1,Munavar1,Munir1,Munir-Sirage1,Munthir1,Murnic1,Murphy5,Murray1,Musavir1,Muskosis1,Mustafa1,Mychal11,Myles1,Myron1,Myrone1,Nabil2,Nadeem3,Nader#,Baby Boy Names1,Nadir1,Naeem1,Nagib1,Nahmmy1,Naim1,Naime1,Naji3,Nam1,Namir2,Nash2,Nasser1,Natan1,Nataniel137,Nathan5,Nathanael1,Nathaneil2,Nathanial33,Nathaniel1,Nathann2,Nathon1,Natnael1,Nauman1,Navaneet1,Navarone1,Naveenjyote1,Navjeet1,Navjit1,Navjit-Singh1,Navjot1,Navneel1,Navraj1,Navtej1,Nawaz1,Neal1,Neddre1,Nehemiah1,Neiko23,Neil1,Nels8,Nelson1,Nepin1,Nepthali1,Nevada2,Nevin1,Newlee1,Ngoc1,Nhat1,Nial2,Niall#,Baby Boy Names242,Nicholas2,Nicholaus2,Nick2,Nickalas1,Nickalaus1,Nickey1,Nickilas12,Nickolas1,Nickoli1,Nickolson1,Nicky1,Nico1,Nicola1,Nicolaas1,Nicolai24,Nicolas1,Nicollas1,Nicson12,Nigel1,Nikel1,Nikesh2,Nikhil1,Nikita1,Nikko1,Nikkolas1,Niko1,Nikodemos1,Nikola1,Nikolaos5,Nikolas1,Nikolaus1,Nile1,Nima1,Ninep1,Nino2,Nishant1,Nitaish1,Nitesh1,Nitin1,Nitish1,Nixon14,Noah2,Noble4,Noel35,Nolan1,Nolin1,Nolyn1,Norlan5,Norman#,Baby Boy Names1,North1,Numan1,Nykola1,Nykolai1,Obyda1,Ocean1,Odai1,Okie1,Okpoti1,Oladejo6,Oliver2,Olivier11,Omar1,Omron1,Ondra1,Onkar1,Orion2,Orrin2,Osama6,Oscar1,Osman1,Oswaldo-Jose1,Otis23,Owen1,Ozgur3,Palmer2,Paolo1,Parakhone23,Parker1,Parmeet1,Parminder-Pal2,Parmveer1,Parnell3,Pascal1,Pasqualino1,Pataric1,Patenaude1,Patric91,Patrick1,Patrik1,Patryc1,Patryk63,Paul1,Paul-Andre1,Paulus1,Pavale2,Paxton1,Payce4,Payden#,Baby Boy Names4,Payton2,Pearce1,Pederben1,Pedro1,Perrin3,Perry76,Peter3,Peyton1,Phelim16,Philip1,Philipae2,Philippe18,Phillip1,Phoenix1,Phong1,Phuoc1,Pierce1,Prabhchaten1,Prabhdeep1,Prabhjot1,Prabjot2,Pranav1,Praneet1,Pranil1,Prasertsak1,Prasheel1,Pravin17,Preston1,Prince1,Pui1,Punit1,Q1,Quaid1,Qualan1,Quan2,Quang10,Quentin2,Quenton1,Quero1,Quincy2,Quinlan2,Quinlin13,Quinn1,Quinnlan7,Quinten6,Quintin15,Quinton1,Quoc1,Rabih#,Baby Boy Names1,Raegan2,Rafael2,Raghav1,Rahil3,Rahul1,Raichle1,Raine1,Rajan1,Rajdeep1,Rajinder2,Ralph3,Ramandeep1,Rameshpaul2,Rami1,Ramiro1,Ramndeep1,Ramneek2,Ramon1,Ramsey1,Ramsin1,Ramy2,Rance1,Rand4,Randal9,Randall1,Randeep1,Randen1,Randle1,Randolf2,Randolph23,Randy1,Ranjit1,Ranjot1,Ranno1,Ranodlph2,Raphael1,Rapheal1,Rashaun1,Rashid2,Raven2,Ravinder1,Ravineel1,Ravinesh1,Rawad3,Ray1,Raymon26,Raymond1,RAYMOND2,Raynesh#,Baby Boy Names1,Red11,Reece3,Reed1,Reegan1,Rees2,Reese8,Regan1,Regen2,Reginald2,Rehman22,Reid1,Reideer2,Reilly1,Reinhold1,Reino1,Reis1,Remington1,Ren6,Rene1,Renee3,Reno1,Reuben2,Rex1,Rey1,Reysan1,Reza1,Rheal3,Rhett1,Rhiley1,Rhory1,Rhykel13,Rhys1,Riad-Nam1,Riaz1,Ric5,Ricardo58,Richard2,Richie1,Richmond2,Rick1,Rickesh6,Ricky2,Rico1,Rider1,Ridley2,Riel2,Rielly1,Riely1,Riey#,Baby Boy Names1,Rifahie93,Riley1,Rio1,Riordan2,Rishi1,Ritchard2,River3,Rizwan1,Rob2,Robbie132,Robert5,Roberto8,Robin1,Robinson2,Robyn1,Roche1,Rock1,Rocky1,Rocky-Gabriel1,Roddy3,Roderick1,Rodgerick8,Rodney1,Rody1,Roelf1,Roger1,Rohan2,Roland5,Roman1,Romeo1,Romile1,Ron13,Ronald2,Ronan1,Ronell1,Ronik4,Ronnie1,Ronny1,Roozbeh7,Rory13,Ross1,Rowaid1,Rowan1,Rowaun1,Rowdy5,Roy1,Royce1,Royden3,Rudy#,Baby Boy Names2,Rueben1,Rulon1,Running1,Rupert1,Rushton1,Ruskin3,Russel28,Russell1,Rusty1,Rwot323,Ryan1,Ryandeep1,Ryane3,Ryden4,Ryder2,Ryen1,Ryerson3,Ryker20,Rylan1,Ryland2,Rylea3,Rylee1,Rylee-Jay27,Ryley1,Rylie1,Rylin1,Rylun1,Ryn2,Saad1,Saagar1,Saager2,Sabastian1,Sabastin1,Sabre1,Sabrina2,Safeer2,Sage2,Sahil1,Saie1,Saif1,Sajan1,Saleem2,Salman1,Salvador1,Salvatore10,Sam1,Sama1,Sameer2,Samer#,Baby Boy Names3,Samir1,Samiwallah1,Samm2,Sammy1,Sampson2,Samson2,Samual85,Samuel1,Sandon2,Sanjay1,Santiago1,Santino1,Santo1,Sarbpreet1,Sartaj1,Sascha2,Sasha1,Satbir1,Satvinder1,Saul1,Saunders1,Saverio1,Savin8,Sawyer1,Sayer1,Schuylar1,Schyler1,Scot106,Scott1,Scyler2,Seamus89,Sean2,Sean-Michael1,Sean-Patrick12,Sebastian6,Sebastien1,Selby1,Sepp1,Serge1,Sergio22,Seth1,Seville1,Shaakir2,Shaan1,Shad1,Shady4,Shae1,Shael1,Shafat#,Baby Boy Names1,Shaffer1,Shafir1,Shah1,Shahid-Shahidul1,Shahzad1,Shajer1,Shakeel1,Shamal1,Shameen1,Shamez1,Shamus1,Shan50,Shane1,Shaniel1,Shanish1,Shaquelle8,Shaquille1,Sharook1,Shau21,Shaun1,Shaunovan51,Shawn4,Shay1,Shaydon2,Shaye1,Shay-Ed1,Shayenne1,Shaylyn13,Shayne4,Shea1,Shean1,Sheen7,Shelby2,Shelden34,Sheldon1,Sheldons1,Sheltin2,Shelton1,Sheridan1,Sherman1,Shirdi1,Shivam1,Shivdeep1,Shjon1,Shooter1,Shun1,Shyelo1,Shylo1,Si#,Baby Boy Names1,Sible1,Siddharth1,Siddhartha2,Sidney1,Sierra1,Siew1,Silas1,Simeon11,Simon1,Simran1,Simrit1,Sina1,Skiler2,Sky1,Skye10,Skylar14,Skyler1,Skylin1,Slade1,Sloane1,Sohbat4,Solomon1,Somerled1,Sonam1,Soorajdeep78,Spencer1,Spenser1,Stacey6,Stanley1,Starchild2,Steele1,Steen16,Stefan1,Stefane5,Stefano1,Steffan1,Steffen1,Stepan6,Stephan3,Stephane76,Stephen1,Stephon6,Sterling1,Sterlyng1,Stevan3,Steve122,Steven1,Steven-Anton1,Stevie#,Baby Boy Names4,Stewart1,Stiel2,Storm1,Stoyan1,Straten1,Stryder14,Stuart1,Subeg3,Suede1,Suhail1,Sujan1,Sukhdeep1,Sukhjit1,Sukhman1,Sukhpaul1,Sukhraj1,Sukhvir1,Sullivan1,Suminderpal1,Sun1,Sundeen1,Suneet2,Sunil1,Sunjit4,Sunny1,Sunveer1,Surafeil1,Surinder1,Surjeet1,Sydney1,Syed1,Sylvano1,Symon4,T.1,Taaron1,Tabor1,Taher1,Tai1,Taison1,Tait1,Tajinder1,Taketo1,Talal1,Talan1,Talbryn1,Tallon4,Talon1,Talor1,Tamaze#,Baby Boy Names1,Tamer1,Tannar1,Tannen103,Tanner1,Tannon6,Taran1,Taranjot1,Taras1,Tarek-Ali2,Taren1,Tarik2,Tariq1,Taro3,Taron1,Tarrant3,Tarren1,Tarrin1,Tarunveer1,Taryn1,Tashawn3,Tate1,Taton1,Taven1,Tavon2,Taylen3,Tayler1,Taylon132,Taylor1,Tayo-Samuel-Antonio1,Tayte2,Taz1,Teagan2,Teague2,Ted3,Teegan1,Tegan1,Teiler1,Tejvir1,Teke1,Tenderson1,Teng1,Tenzin1,Teodros1,Terance1,Teren2,Terence1,Terenty1,Tero1,Terrace#,Baby Boy Names9,Terrance1,Terrek1,Terrel1,Terren4,Terrence1,Terrick1,Terrince1,Terris1,Territ9,Terry1,Terry-James1,Tethloach1,Teven1,Tevin1,Tevon1,Thaddeus1,Thaine1,Thaison1,Thanhan1,Thayne1,Theo14,Theodore2,Theoren1,Theoron1,Theothoros1,Theren3,Theron1,Thi2,Thien123,Thomas1,Thomas-Jordan1,Thong2,Thor1,Thorn1,Thoucan1,Thunder1,Thurman1,Tibor1,Tieg1,Tieran1,Tiernan1,Tighearnan3,Tim1,Timber2,Timon1,Timotheus64,Timothy1,Ting-Fung5,Titus#,Baby Boy Names1,Tiyam1,Tj1,Toan6,Tobias1,Tobin2,Toby12,Todd1,Tolga1,Tom3,Tomas1,Tomasz4,Tommy1,Tommy.Nelson9,Tony1,Toran1,Tori1,Torie2,Torin1,Torran1,Torrance1,Torrell1,Torrie1,Torrin4,Tory1,Tosh1,Toshinori1,Toshiya1,Towson2,Trace1,Tracen1,Tracy2,Trae1,Trai-Dean1,Traiton1,Tramaine1,Traven127,Travis1,Trayce1,Trayvon4,Tre1,Trea1,Treiva1,Tremaine1,Tremayne1,Trendon27,Trent1,Trenten8,Trenton1,Tre-Shawn#,Baby Boy Names1,Treston72,Trevor10,Trey1,Treygen1,Treyton1,Treytun1,Trez1,Triffon23,Tristan1,Tristen1,Triston1,Trofim26,Troy1,Truan1,Truman1,Trung1,Tuan2,Tucker1,Tulsen1,Tumaini4,Turner51,Ty1,Tyan7,Tye1,Tygan1,Tylar2,Tylen343,Tyler1,Tyler.Robert1,Tylon9,Tylor1,Tylr1,Tynan1,Tyr2,Tyran8,Tyrel19,Tyrell2,Tyren1,Tyried7,Tyrone1,Tyrrell1,Tyshawn65,Tyson1,Tyson-Lee1,Tze1,Ulysses1,UNKNOWN2,Uriah1,Usama#,Baby Boy Names1,Uzay1,Vallardade1,Vallas2,Van1,Vance3,Vaughn1,Venedict1,Vern2,Vernon1,Vi1,Vickren1,Victal16,Victor1,Vijay1,Vikes2,Vikram1,Vikrant1,Vilius2,Vince35,Vincent1,Vincenzo1,Vinny1,Virgil1,Vitaliano1,Vittorio1,Vodin1,Volodimir1,Wacey13,Wade1,Wa-Ell1,Wahbi1,Walat1,Waleed1,Waley1,Walfred5,Walker2,Wally9,Walter2,Ward1,Warner16,Warren1,Waseskwan1,Wau1,Waycee1,Waylan6,Waylon9,Wayne1,Wei2,Wendel#,Baby Boy Names4,Wendell1,Wesam18,Wesley1,Wesley-Scott1,Wesson3,Westley1,Weston1,Wezen1,Whalen1,Whilow1,Wihkes1,Wiktor1,Wil3,Wiley1,Wilfred4,Wilhelm2,Will1,Willard2,Willem151,William1,Williams3,Willis2,Willy1,Willy-K.6,Wilson1,Wing2,Winston1,Winter1,Winthrop1,Wm.1,Woody1,Wriley51,Wyatt1,Wylan1,Wyle4,Wylie1,Wyndall4,Xavier1,Yahya1,Yannis1,Yany1,Yared1,Yaw1,Yin1,Yoab1,Yonathan1,Yousef3,Youssef1,Youssf#,Baby Boy Names1,Yusuf1,Yuta1,Zac1,Zacary1,Zach1,Zacharia9,Zachariah1,Zacharie185,Zachary1,Zachary-Joseph21,Zachery1,Zachuary1,Zack5,Zackary4,Zackery1,Zackery-Ty1,Zahi1,Zahoor-Ul-Haq1,Zakariah6,Zakary1,ZaKary1,Zakery1,Zakhary1,Zakir1,Zakry1,Zameer1,Zamir7,Zane1,Zayde1,Ze1,Zeb1,Zebediah3,Zechariah1,Zeenan1,Zeke1,Zellazny1,Zeman1,Zenon1,Zev1,Zeyad1,Zhang-Ming1,Zhengbo3,Ziad1,Zicky1,Zoe1,Uzay1,Vallardade1,Vallas1,Van#,Baby Boy Names1,Vance1,Vaughn122,Venedict1,Vern1,Vernon1,Vi1,Vickren1,Victal1,Victor1,Vijay3,Vikes1,Vikram2,Vikrant1,Vilius1,Vince1,Vincent2,Vincenzo1,Vinny1,Virgil1,Vitaliano7,Vittorio2,Vodin1,Volodimir1,Wacey2,Wade1,Wa-Ell159,Wahbi1,Walat7,Waleed3,Waley1,Walfred1,Walker1,Wally1,Walter1,Ward1,Warner2,Warren1,Waseskwan2,Wau27,Waycee2,Waylan2,Waylon2,Wayne1,Wei3,Wendel1,Wendell10,Wesam11,Wesley1,Wesley-Scott#,Baby Boy Names20,Wesson2,Westley1,Weston2,Wezen1,Whalen1,Whilow1,Wihkes1,Wiktor2,Wil1,Wiley1,Wilfred1,Wilhelm1,Will1,Willard1,Willem17,William1,Williams1,Willis1,Willy1,Willy-K.10,Wilson1,Wing1,Winston1,Winter2,Winthrop12,Wm.1,Woody2,Wriley2,Wyatt1,Wylan42,Wyle263,Wylie5,Wyndall1,Xavier1,Yahya1,Yannis1,Yany1,Yared1,Yaw11,Yin1,Yoab2,Yonathan16,Yousef1,Youssef3,Youssf1,Yusuf1,Yuta2,Zac1,Zacary#,Baby Boy Names1,Zach1,Zacharia1,Zachariah1,Zacharie1,Zachary8,Zachary-Joseph1,Zachery1,Zachuary1,Zack1,Zackary1,Zackery4,Zackery-Ty1,Zahi2,Zahoor-Ul-Haq1,Zakariah1,Zakary2,ZaKary1,Zakery1,Zakhary1,Zakir1,Zakry1,Zameer1,Zamir3,Zane1,Zayde1,Ze2,Zeb2,Zebediah1,Zechariah1,Zeenan1,Zeke3,Zellazny1,Zeman2,Zenon1,Zev1,Zeyad2,Zhang-Ming1,Zhengbo1,Ziad4,Zicky1,Zoe