Baby Boy Names Registered in 1998,#,Baby Boy Names2,Aamir1,Aaren90,Aaron1,Aaronjeet1,Aaronjit2,Aasim1,Abdel1,Abdirahman1,Abdol1,Abdualallah1,Abduallah3,Abdul1,Abdul-Azeez1,Abdulkadir5,Abdullah1,Abdul-Mumin1,Abdulwahab4,Abel1,Abhinav8,Abraham1,Abrahim4,Abram1,Ace1,Adalin125,Adam1,Adamu1,Adarsh2,Addison1,Adeeb1,Adel1,Adelino1,Adem4,Aden2,Adesh1,Adil-Rizwan1,Adley1,Admon1,Adnaan1,Adnan1,Adolphus1,Adriaan18,Adrian1,Adrian-Joseph3,Adriano2,Adriel1,Aedan1,Aegis1,Aeran#,Baby Boy Names1,Aeric1,Agabus1,Agai1,Ahad5,Ahmad12,Ahmed1,Ahryll54,Aidan18,Aiden1,Ajandeep2,Ajay1,Ajaypal1,Ajdin1,Ajitpal2,Akash1,Akashdeep1,Alaa1,Aladeen9,Alan1,Alasdair1,Alastair1,Albaraa7,Albert1,Alden1,Aldrich13,Alec1,Alec-James1,Aleem1,Alegandro3,Alejandro2,Aleksa2,Aleksandar1,Alesh2,Alessandro46,Alex214,Alexander5,Alexandre1,Alexandru1,Alexei1,Alexey1,Alexi1,Alexis1,Alexsis3,Alfred23,Ali1,Alias1,"Ali-El-Sajjad-Mohammed"#,Baby Boy Names1,Alim1,Alisdair1,Alistair2,Alix7,Allan5,Allen1,Allister2,Allyn1,Alper2,Alphonse1,Alula1,Alun2,Alvin1,Alx1,Aly3,Amandeep1,Amandip1,Amani2,Amanpreet2,Amar2,Ameer1,Amil1,Amin7,Amir3,Amit1,Amitesver1,Ammaar1,Ammar1,Ammin2,Ammon1,Amos1,Amreet1,Amrit1,Amritpal1,Amro1,Anas1,Anatoly2,Anders1,Andersen15,Andre1,Andrej2,Andres161,Andrew12,Andy6,Angelo1,Angelus7,Angus1,Anh#,Baby Boy Names1,Aniekan-Ezekiel1,Anjo1,Ankit1,Ankush1,Anojan1,Anoop3,Anson1,Antaun1,Ante1,Anthoney69,Anthony4,Antoine5,Anton1,Antonie1,Antonine20,Antonio1,Antony1,Anuj1,Anwar1,Aram1,Aran1,Araz1,Arek1,Aren1,Aric1,Ariel1,Arik7,Arjun1,Arjunjot1,Arlan1,Arlen2,Arlon6,Armaan1,Arman2,Armand1,Armando1,Arnel1,Arnie1,Arnold3,Aron1,Arpan1,Arpit1,Arrien1,Arron1,Arsalan3,Arshdeep1,Art8,Arthur1,Arturs#,Baby Boy Names1,Arun1,Arvey2,Arvin1,Arvind1,Arvinder1,Asenai1,Asfand2,Ash1,Asher1,Ashraf1,Ashtin28,Ashton1,Ashwinder1,Asim1,Aslan1,Asmaie1,Asmir1,Assago1,Atinder1,Atle1,Atnish1,Atraol1,Atticus2,Aubrey3,August1,Auguste1,Auhstin1,Aundre1,Aury1,Austan2,Austen1,Austen-Ryley262,Austin1,Austin.Cole1,Austin-John1,Austin-Lee2,Austyn1,Auwais1,Aveiry1,Averie18,Avery1,Avery-John1,Avhijot1,Avinash1,Avneet1,Avry1,Awais1,Awez3,Axel#,Baby Boy Names1,Axl8,Ayden1,Ayomide2,Azan1,Azhar1,Azzayah38,Baby1,Baha-Aldean1,Baiden42,Bailey1,Bailie1,Baillie2,Baily1,Bakr1,Baldev1,Balkaran1,Barett1,Barinder1,Barret3,Barrett3,Barry1,Barun1,Basel2,Basil1,Basit1,Bastian1,Bauer1,Baylen1,Bayley1,Bayne1,Bealal5,Beau4,Belal1,Bellal1,Belmin11,Ben1,Benedict1,Benett1,Benjamen149,Benjamin1,Benjamyn1,Benjiman1,Bennet7,Bennett2,Bennie2,Benny1,Benson1,Bentley2,Benton#,Baby Boy Names1,Berenger1,Berkeley2,Bernard1,Bernardo2,Bernhard1,Bertram1,Bervick1,Bevon1,Bhan1,Bhuphinder1,Bianco1,Bijan1,Bikeramjit1,Bikram3,Bilal1,Bill1,Billie4,Billy1,Billy-Joe1,Bishop1,Bismarck1,Bjorn2,Blade1,Bladen1,Blain9,Blaine11,Blair46,Blake1,Blakely1,Blase1,Blayze1,Blaze1,Blue2,Blythe1,Bob2,Bobby1,Boden1,Bohdan3,Boston1,Boulton2,Bowen2,Boyd4,Brad55,Braden1,Bradford1,Bradie1,Bradlee66,Bradley3,Bradly#,Baby Boy Names2,Bradon60,Brady3,Bradyn1,Brae4,Braedan28,Braeden6,Braedon2,Braedyn9,Braiden1,Braidon1,Braiyden1,Brand9,Brandan1,Brandel14,Branden3,Brandin258,Brandon8,Brandt1,Brandyn1,Branley1,Brannon4,Brant1,Brantly1,Brawley7,Braxton77,Brayden1,Braydn11,Braydon1,Braydyn1,Brenan107,Brendan1,Brendann26,Brenden15,Brendon4,Brendyn17,Brennan7,Brennen3,Brennon18,Brent5,Bret1,Breten2,Breton84,Brett2,Bretton2,Brevin2,Breydon32,Brian3,Brice1,Briely#,Baby Boy Names1,Brigham2,Brighton2,Brinton1,Brixton1,Broc14,Brock1,Brodey10,Brodie31,Brody1,Brogan1,Bronsen5,Bronson1,Brook1,Brooklyn1,Brooks7,Bruce1,Bruno1,Brwa19,Bryan2,Bryant50,Bryce1,Brycen4,Bryden2,Brydon1,Bryer1,Brylie5,Bryn1,Bryner2,Brynmor1,Bryon6,Bryson4,Bryton1,Brytone3,Buddy1,Burhanuddin2,Burke1,Burton1,Byran8,Byron1,Caddis4,Cade1,Cadeh5,Caden1,Cael1,Caelahn4,Caelan1,Caelen1,Caelon1,Cahl#,Baby Boy Names2,Caiden1,Caile5,Cain1,Caine1,Cainen1,Caise1,Caius1,Calan2,Calder17,Cale54,Caleb1,Calem3,Calen2,Calin1,Callan13,Callum1,Calob6,Calum21,Calvin1,Calyn2,Camden89,Cameron1,Cameron.Allan1,Camilo2,Campbell1,Camron1,Camus10,Carl4,Carlin2,Carlo5,Carlos1,Carlton1,Carlund1,Carmen1,Carsan3,Carsen29,Carson1,Carsten1,Carston92,Carter1,Carver1,Cary1,Casen8,Casey1,Cashton1,Cass3,Cassidy2,Cassius1,Catlyn#,Baby Boy Names1,Cavan8,Cayden1,Cecil4,Cedric1,Cedrik1,Ceileb1,Ceinan1,CeJay1,Celestine1,Chace39,Chad1,Chadd1,Chadem1,Chady1,Chafic1,Chak1,Challen29,Chance1,Chancelor14,Chandler1,Chandlor1,Chanler1,Channing1,Chanse1,Charbel24,Charles4,Charlie1,Charnjeet1,Charnpreet2,Chas95,Chase1,Chaston1,Chaunce1,Chavez1,Chayce1,Chayse1,Chayton3,Chaz3,Chazz1,Chester2,Chet2,Chett1,Cheuk1,Chevaz1,Cheyden1,Chianno1,Chidiebele1,Chi-Hwa1,Chilouis#,Baby Boy Names1,ChiQuang1,Chorus3,Chris1,Christen68,Christian1,Christien1,Christophe172,Christopher1,Christopher-Ray1,Chumek1,Cian2,Ciaran1,Cieran2,Clarence2,Clark2,Claude3,Claudio11,Clay1,Clayborne30,Clayton1,Clement1,Cleveland1,Clieve1,Clifford2,Clint7,Clinton1,Cloud1,Clyde1,Coan2,Coby1,Codi126,Cody1,Cody-Liam1,Codyn4,Cohen1,Colan1,Colbe20,Colby150,Cole1,COLE5,Coleman1,Colemann1,Colesen1,Coleson6,Coleton46,Colin1,Collan3,Collin1,Colsen#,Baby Boy Names1,Colson4,Colt3,Coltan13,Colten2,Colter3,Coltin89,Colton1,Coltyn1,Colum1,Colwyn1,Conaire2,Conal1,Conall1,Conar1,Conn1,Connal19,Conner1,Connley1,Connlynn162,Connor9,Conor14,Conrad22,Cooper1,Corben18,Corbin1,Corbyn1,Cordale1,Cordel12,Cordell1,Cordelle1,Cordin1,Coren1,Corentin24,Corey2,Cormac1,Cornelis2,Cornelius1,Cornell1,Corny1,Corrven2,Cort1,Cortlan1,Cortlen1,Cortlin1,Corwin23,Cory1,Costain1,Coulson1,Coultin#,Baby Boy Names1,Courage1,Cove1,Coy11,Craig1,Craven1,Creed1,Cristian1,Cristopher1,Cruz1,Cullem5,Cullen45,Curtis1,Cutler2,Cyril1,Cyrill1,Cyrone3,Cyrus1,Dac1,Dacey1,Dade2,Daegan1,Daelin1,Daemean2,Daemon1,Dagan2,Dagen1,Dahlin39,Dakota2,Dakotah1,Dalden9,Dale1,DAle1,Daleep4,Dalen1,Dalence1,Dalin1,Dallan22,Dallas3,Dallen6,Dallin1,Dallon41,Dalton1,Daly4,Dalyn1,Damen12,Damian8,Damien1,Damieon1,Damin#,Baby Boy Names5,Damion22,Damon1,Dan1,D'Andre5,Dane1,Danh1,Danial174,Daniel1,Danijel1,Danilo11,Danny1,Danon15,Dante1,Danyal1,Danyl1,Daraav2,Darby12,Darcy1,D'Arcy1,Darek17,Darian1,Darias5,Darien1,Darieun3,Darin1,Dario8,Darion6,Darius4,Darnell1,Darragh2,Darrel3,Darrell24,Darren1,Darrian1,Darrick2,Darrin2,Darrius1,Darrow1,Darry8,Darryl5,Darwin4,Daryl1,Daryn1,Dasan1,Dashiell1,Dat3,Dathan1,Datrean1,Da'ud#,Baby Boy Names2,Daunte1,Dausen1,Dave120,David6,Davin1,Davinder11,Davis1,Davonte1,Dawood1,Dawsen57,Dawson7,Daylan2,Daylen1,Daylin1,Dayln5,Daylon4,Dayne1,Daynon1,Dayson14,Dayton1,Dayven13,Dean1,Deandre1,Decker1,Decklan1,Decklyn8,Declan1,Deep1,Dejan1,Dejuan1,Dekiah1,DeKlin1,Deklin1,Deklyn1,Dekodah1,Del3,Delaney1,Delano1,Delshad1,Demetri1,Dempsey1,Denby1,Deng1,Denham3,Denis8,Dennis1,Densy4,Denton1,Dentyn#,Baby Boy Names8,Denver4,Denzel1,Deondre1,Deone1,Deqlin1,Derck42,Derek3,Derian2,Derick1,Derik1,Dermott1,Derreck9,Derrick1,Derrien1,Derry1,Derryk1,Deryan1,De'ryan1,Deryk1,Desi1,Desman5,Desmond1,Deston2,Devan1,Devante1,Devaughn3,Deven32,Devin1,Devlen53,Devon1,Devonte1,Devrie1,Devry3,Devyn6,Dexter1,Dextor2,Dezmond1,Dhanraj1,Dickson1,Dieb1,Diedrich2,Diego2,Dilan6,Dillan24,Dillon1,Dilprit1,Dilyaad2,Dimitri1,Dineth#,Baby Boy Names2,Dion1,Diondre1,Dirk1,Dixon1,Doan1,Dolan2,Domenic1,Domingo23,Dominic6,Dominick7,Dominik2,Dominique3,Don1,Donal8,Donald1,Donavan1,Donaven3,Donavin2,Donavon1,Dondre1,Dong1,Donivan1,Donivin18,Donovan1,Donovon1,Dontae1,Doran10,Dorian1,Dorien1,Dorin1,Dorion1,Doron1,Dorrion1,Doryan16,Douglas1,Drae1,Dragan1,Dragon1,Draighton17,Drake3,Draven1,Draven-Daniel1,Drayden1,Draye1,Draytin3,Drayton1,Drayvin1,Dre1,Dredain#,Baby Boy Names15,Drew1,Drexler2,Drey2,Dreyton1,Drink1,Drue3,Dryden1,Duane1,Duguay20,Duncan1,Dusten64,Dustin2,Dusty1,Dustyn1,Duy4,Dwayne4,Dwight200,Dylan1,Dylen1,Dyllan3,Dyllon1,Dylon1,Dyon1,Dyrel1,Eaden1,Eamon1,Earl5,Easton1,Eathen1,Ebenezer1,Echohawk1,Eddie1,Edgar2,Edison2,Edmund1,Edouard1,Edriel1,Edson1,Eduard20,Edward1,Edwin2,Ehab1,Ejaaz1,Ekamjot1,Eldon1,Eldred-Nathaniel1,Eldridge5,Eli1,Eliah#,Baby Boy Names10,Elias27,Elijah1,Elijiah1,Eliot1,Elisha1,Ellias1,Ellijah5,Elliot5,Elliott2,Ellis1,Elman1,Elmer1,Elyjah1,Emad1,Emelian3,Emerson3,Emery1,Emil4,Emilio1,Emjed4,Emmanuel4,Emmett1,Emmit1,Endale1,Enoch2,Enrique123,Eric1,Erich2,Erick38,Erik2,Erin1,Eriney1,Ernest2,Ernesto1,Ernie1,Errol1,Erwin1,Eryk1,Esaias1,Esam1,Eseoghene153,Ethan4,Etienne3,Eugene1,EuJin105,Evan1,Evano1,Evans1,Everest#,Baby Boy Names4,Everett2,Everette1,Evin4,Ewan1,Eytan1,Eythan3,Ezekiel5,Ezra1,Fabio1,Fahad2,Faisal1,Falcon1,Farag2,Farhan1,Farzeen1,Faseeb1,Fatih1,Fayez1,Faysal1,Fazeel2,Felix1,Fendie1,Fenton1,Feras1,Ferin1,Fernando1,Ferras1,Ferris1,Fetsami3,Filip1,Fillip2,Finlay1,Finley1,Finnian1,Fischer1,Fisher1,Fissal1,Fletcher1,Floyd1,Flynn2,Ford3,Forrest1,Fouad4,Fox3,Francesco9,Francis1,Franciscus4,Frank1,Frankie#,Baby Boy Names3,Franklin1,Frans2,Franz3,Fraser1,Fred1,Freddy3,Frederick1,Frederik3,Fredrick1,Freedom1,Fysal1,Gabrial39,Gabriel1,Gabrkiel1,Gabryl1,Gaeryn3,Gagandeep1,Gaganjot1,Gaganvir25,Gage1,Gaje2,Galen1,Gallen1,Galvin1,Garath1,Garen1,Garet2,Gareth1,Garett1,Garion4,Garnet1,Garnett1,Garon11,Garret3,Garreth32,Garrett3,Garrick1,Garridan1,Garrine1,Garrisen3,Garrison2,Garry2,Garth14,Gary1,Garyth1,Gaston2,Gaurav1,Gaven30,Gavin#,Baby Boy Names1,Gavyn1,Gearard1,Geno10,Geoffrey1,Geordan1,Geordi23,George1,Georgio-Georges1,Gerad6,Gerald2,Gerard1,Geremie1,Gerik1,Gernil4,Gerrit1,Gerrod2,Gerry1,Giacomo1,Gian1,Gianni1,Gibson1,Gideon1,Gi-E3,Gino1,Gio1,Giordano2,Giovanni1,Giuseppe1,Glenroy1,Glynn1,Gniewko1,Godi1,Godwin1,Golden13,Gordon1,Gorssa1,Gottfried1,Graddin1,Graden5,Grady1,Gradyn11,Graeme19,Graham13,Grant1,Grayden1,Graydin3,Graydon2,Graysen16,Grayson#,Baby Boy Names2,Gregg1,Gregoire26,Gregory1,Greyden1,Greydon3,Greyson1,Griffen17,Griffin1,Griffith1,Griffyn1,Griphen1,Guillem3,Gunnar1,Gurake1,Guraman2,Gurick1,Gurinder1,Gurjivan3,Gurjot2,Gurkamal1,Gurkawal1,Gurkirat1,Gurmen1,Gurneet1,Gurnoor2,Gurpreet1,Gurreet1,Gursahib1,Gursevak1,Gurshaan2,Gursimran1,Gursimren1,Gurtaj1,Gurteaj1,Gurteg2,Gurtej2,Gurvir1,Gus2,Guy1,Haden1,Hadi1,Haeley1,Haidar1,Haidon1,Haiping1,Hakeem1,Hakim1,Hakkic1,Halen#,Baby Boy Names1,Haley1,Halseem1,Hamen5,Hamza2,Hamzah1,Hanok2,Hans1,Hanshal1,Hanson1,Harbakhash1,Hardeep1,Hardy3,Harinder3,Harjot1,Harkaranbir1,Harlan12,Harley1,Harlin5,Harman2,Harmandeep1,Harmanjit2,Harmin1,Harminder1,Harmit1,Harmon1,Harnoor1,Harold2,Haroon1,Harpaul4,Harpreet1,Harraj3,Harris14,Harrison2,Harry1,Harshaan1,Harsimaran1,Hart1,Hartej1,Haruyuki2,Harvir1,Hasan1,Hasanuddin1,Hashim3,Hassan1,Havin1,Hayato1,Haydar25,Hayden2,Haydn#,Baby Boy Names1,Haydon1,Hayyu1,Haziq1,Heath1,Hector1,Hedy1,Heerod1,Heidrits1,Hemeon2,Hendrik1,Henk1,Henok23,Henry1,Herkamal2,Herman1,Herpreet1,Heston1,Hien1,Hinne2,Hoa1,Hoang1,Hojin2,Holden2,Holdyn1,Holland1,Hon1,Houssein1,Houston1,Hubert2,Hudson8,Hugh1,Hughie2,Hugo1,Humble1,Humza57,Hunter2,Hussein2,Hussien1,Huthayfah1,Huy1,Huzaifa1,Hyatt1,Hyun5,Iain39,Ian2,Ibrahim1,Iden1,Idjen1,Ieuan#,Baby Boy Names1,Ignatius1,Ike1,Ilia1,Ilias1,Imani1,Imran1,Indervir1,Indiana1,Ioannis1,Iqwak3,Ira1,Ireneusz1,Irfan1,Irmen1,Irvin35,Isaac1,Isaac-Josiah1,Isaak23,Isaiah1,Isaiah-Jared1,Isayah1,Ishaq1,Isiah1,Isiaha2,Ismail2,Israel2,Issac2,Issaic1,Issam1,Issiah13,Ivan1,Iver1,Ivor1,Izaac1,Izac1,J.12,Jace1,Jachin1,Jacinth51,Jack3,Jackie1,Jacklin60,Jackson3,Jacky251,Jacob1,Jacobson1,Jacobus3,Jacques2,Jad#,Baby Boy Names1,Jadan5,Jade34,Jaden1,Jadin7,Jadon1,Jady1,Jadyn1,Jaeden5,Jaedon1,Jaegar2,Jaeger1,Jaemin1,Jaeson1,Jager5,Jagger1,Jahkai1,Jahmari1,Jai5,Jaiden1,Jaidyn-Lee1,Jaik1,Jai-Kumar2,Jaime1,Jaimey1,Jairo1,Jaishan47,Jake1,Jakey27,Jakob4,Jakub1,Jalal1,Jaleel-Sekulu-Fairom3,Jalen10,Jamal3,Jameel141,James1,James-Dale1,James-Dean2,Jameson13,Jamie2,Jamieson1,Jamy1,Jan1,Janos1,Janz1,Jap1,Japheth2,Jarad1,Jarden#,Baby Boy Names130,Jared1,Jareh1,Jarek1,Jarel1,Jaremy1,Jaren4,Jaret5,Jarett1,Jaro42,Jarod2,Jarom7,Jaron1,Jarra1,Jarrad1,Jarrayd7,Jarred1,Jarren6,Jarret7,Jarrett8,Jarrod2,Jarryd1,Jarsena-Roosevelt2,Jarvis5,Jaryd1,Jas2,Jasdeep1,Jase1,Jashanjit1,Jashanjot1,Jashenn4,Jaskaran1,Jaskarndeep1,Jaskirat1,Jasman84,Jason1,Jason-James1,Jaspal7,Jasper2,Jaspreet1,Jassy1,Jastej2,Jasvir1,Jaubron2,Javin1,Javon1,Jawad1,Jax1,Jaxen7,Jaxon#,Baby Boy Names4,Jay1,Jayaprakash1,Jay-ar1,Jaybe5,Jayce2,Jaycee1,Jaycen1,Jayde1,Jaydee53,Jayden1,Jaydin8,Jaydon1,Jaydyn1,Jaykob1,Jaylan1,Jaylen1,Jaylin1,Jaylon3,Jayme1,Jaymus5,Jayson1,Jayton1,Jazz2,Jean1,Jeandre1,Jean-Gabriel4,Jean-Luc1,Jean-Marc1,Jean-Pierre1,Jed3,Jedidiah2,Jeff1,Jefferey1,Jefferson3,Jeffery26,Jeffrey2,Jehad1,Jehan1,Jelani1,Jemi1,Jennor1,Jensen1,Jepson1,Jerald1,Jeramiah11,Jeremiah1,Jeremias2,Jeremie1,Jeremina#,Baby Boy Names58,Jeremy2,Jericho1,Jerick2,Jerid1,Jeridan1,Jerit1,Jeritt1,Jermany1,Jerod5,Jerome1,Jeromy2,Jerrett1,Jerric1,Jerritt1,Jerrod6,Jerry1,Jesee1,Jesiah1,Jesiemark4,Jess96,Jesse3,Jessi11,Jessie1,Jessy2,Jethro3,Jett1,Jevan1,Jeyman1,Jezec1,Jhavon1,Jhonlie1,Jiahong1,Jibril1,Jie1,Jihad1,Jim1,Jimbob8,Jimmy1,Jin1,Jindpreet1,Jitesh1,J-Min1,Joal2,Joban1,Jobe1,Jocelin1,Jodi2,Joe1,Joegar#,Baby Boy Names71,Joel1,Joelle1,Joeseph4,Joey3,Johan3,Johann1,Johannes97,John9,Johnathan6,Johnathon1,Johnnie8,Johnny1,John-Ryan3,Johnson1,John-Tomas1,Jol1,Jomel1,Jommel4,Jon32,Jonah7,Jonas112,Jonathan1,Jonathan.R.1,Jonathen11,Jonathon1,Jon-Michael1,Jora1,Joran220,Jordan3,Jorden1,Jordi2,Jordie3,Jordin15,Jordon2,Jordy1,Jordyn1,Joren1,Jorgen1,Jorien1,Jorjdin2,Jory1,Josche3,Jose2,Josef1,Joseff93,Joseph10,Josh1,Joshawa305,Joshua#,Baby Boy Names2,Joshuah1,Joshuha1,Joshveer1,Joshwa13,Josiah1,Josue1,Jovan1,Jovica1,Jowell1,Jr2,Juan1,Jubal2,Judah2,Jude2,Judson2,Jules17,Julian1,Juliano2,Julien1,Julien-Elie4,Julius1,Jung1,Juno1,Jurjen1,Justen11,Justice1,Justile208,Justin3,Justis4,Justus3,Justyn1,Justynn2,Kabir1,Kace1,Kacen2,Kacey10,Kade16,Kaden1,Kadian2,Kadin1,Kadrian1,Kadyn1,Kaedan1,Kaeden1,Kaedin1,Kaedyn1,Kael3,Kaelan1,Kaeleb#,Baby Boy Names1,Kaelen1,Kaeln1,Kaelon1,Kaeluis1,Kaelyn1,Kaeman1,Kaene1,Kage1,Kagen1,Kahl1,Kahler1,Kahrin10,Kai1,Kaidan7,Kaiden1,Kaidin1,Kail1,Kaileb1,Kailen1,Kaiman3,Kain2,Kainan2,Kaine1,Kaj1,Kalan1,Kalden18,Kale17,Kaleb1,Kalebb1,Kaleb-Richard4,Kalen1,Kali2,Kalid1,Kalieb1,Kalijha1,Kalim1,Kalin1,Kallan1,Kallen1,Kalor1,Kalten1,Kalvin2,Kamal1,Kamren1,Kamron7,Kane1,Kanta1,Kaomi1,Karan#,Baby Boy Names1,Karanbir2,Karandeep2,Karanjit1,Karanveer1,Karanvir3,Kareem1,Karey4,Karl2,Karlen1,Karlin1,Karl-Niklas1,Karmvir1,Karnakshpal1,Karrar1,Karsen2,Karson2,Karsten1,Karter1,Karun1,Karunjit1,Karvel1,Kase1,Kasen2,Kash1,Kashawn1,Kashetin2,Kashtin1,Kaslo-Stefan1,Kassian1,Katlin1,Kavil1,Kavis1,Ka-Wai1,Kaycee1,Kayd4,Kayde8,Kayden1,Kaydunn1,Kaydyn1,Kayge1,Kayl2,Kayle1,Kaylem1,Kaylib1,Kaymen2,Kayne1,Kaynen1,Kayson1,Kazim#,Baby Boy Names2,Keagan1,Keagen1,Keaghton1,Keal1,Kealan2,Kean1,Keanan2,Keane1,Keano19,Keaton1,Kedran1,Kedri1,Keedan22,Keegan1,Keegen1,Keeghan1,Keelan1,Keeler1,Keelyn13,Keenan1,Keenen1,Keetan1,Kegan3,Keifer1,Keif-Er2,Keigan2,Keilan1,Keill1,Keillen6,Keiran1,Keirnan12,Keith1,Keithen1,Keldin1,Kelechi2,Kellan10,Kelly1,Kelrick4,Kelsey1,Kelsie2,Kelsy6,Kelton6,Kelvin2,Ken2,Kenan2,Kendall1,Kendi1,Kendon4,Kendrick#,Baby Boy Names2,Kennedy30,Kenneth6,Kenny8,Kent3,Kenton2,Keon1,Kern2,Kessler1,Ketu1,Kevan1,Keven63,Kevin2,Kevyn1,Kewityn1,Keyan1,Keylin1,Keysean1,Khadyn2,Khaled1,Khaleel1,Khalen1,Khalil1,Khayman1,Khoder1,Khoi1,Khristian1,Kialer2,Kian1,Kiarash2,Kiefer3,Kienan1,Kier31,Kieran1,Kierian1,Kiet1,Kiho1,Killan1,Kim1,Kindren1,Kinnon1,Kinsley4,Kirby3,Kirk6,Kirkland1,Kirolos1,Kji1,Klaeton1,Klas1,Klayton#,Baby Boy Names1,Kletus1,Kneev4,Kobe1,Kobee1,Kobi4,Koby1,Kobyn2,Kodi3,Kodie15,Kody1,Koel1,Koen1,Kohle1,Kohnor1,Kojo1,Kolbie11,Kolby12,Kole1,Kollin1,Kolt1,Koltan2,Kolten16,Kolton1,Konery2,Konnar1,Konner1,Konrad1,Kooper1,Koppany1,Korben5,Korbin1,Korbyn1,Kordel4,Kordell2,Korey1,Korlan4,Kory1,Kraig2,Kris1,Krisha1,Krishna1,Krishneel2,Kristen14,Kristian2,Kristien3,Kristofer14,Kristopher1,Kros1,Krue#,Baby Boy Names2,Kunal1,Kuol1,Kurran6,Kurt16,Kurtis2,Kurtlin1,Kush1,Kuzman1,Kwami1,Kyl2,Kylan1,Kylann246,Kyle1,Kylen8,Kyler4,Kyran1,Kyrel1,Kyrell1,Kyro1,Kyu2,Kyuss1,L6,Lachlan4,Laine1,Lake13,Lance3,Landen2,Landin23,Landon36,Lane1,Langdon1,Lanrewaju1,Lantz1,Laran1,Larenz1,Larkin7,Larry1,Lars1,Larson1,Laureat1,Laurens5,Lawrence2,Lawson14,Layne1,Layne-Raidon1,Layten3,Layton1,Lazarus1,Lealan#,Baby Boy Names11,Lee1,Leeander1,Leeroy1,Legend1,Leiam5,Leif1,Leigh2,Leighton1,Leland1,Lelend1,Lennon1,Lennox1,Lenny5,Leo3,Leon4,Leonard1,Leonardo1,Lesley2,Leslie1,Levan66,Levi6,Lewis1,Lex1,Lexus142,Liam1,Lieghton2,Lincoln5,Linden3,Lindsay2,Lindsey2,Lindy1,Linus1,Lionel1,Lliam1,Lloyd-Albert1,Llyr3,Lochlan1,Lochlann1,Lochlin1,Locklin1,Lodili127,Logan1,Logun1,Lohgan3,Long1,Lonnie1,Lorenz5,Lorenzo1,Lorin#,Baby Boy Names1,Lorne2,Lou1,Louie7,Louis1,Lovelle3,Luc3,Luca66,Lucas1,Lucian1,Luciano1,Lucien2,Lucus2,Luigi3,Luis1,Luka18,Lukas1,Lukasz57,Luke1,Lukus1,Luong1,Luu1,Lyam3,Lyle3,Lynden8,Lyndon1,Lynell1,Lynx1,M.1,Mac1,Macadam1,Macallum3,Mace1,Maceo1,MacGregor1,Macin1,Mackay24,Mackenzie10,MacKenzie1,MacKenzy2,Mackinley2,Maclean1,MacLean1,MacLeod1,Maclin1,MacQuarrie1,Maddux3,Madison1,Magnus2,Mahad#,Baby Boy Names1,Mahder1,Mahima3,Mahmoud3,Malachi1,Malakai15,Malcolm5,Malik1,Malike1,Malyk1,Man1,Manasseh1,Mandeep1,Maninderpal1,Manish1,Manjeet1,Manjinder6,Manjot1,Mankirat1,Manpreet3,Manraj4,Manuel1,Manveer1,Manvinder1,Manvir14,Marc1,Marcas2,Marcel1,Marcell1,Marcello1,Marcelo11,Marco2,Marcos33,Marcus1,Marcuss2,Marek6,Mario61,Mark2,Markian2,Markis2,Marko5,Markus3,Marlin2,Marlon1,Marquise2,Marshal8,Marshall1,Marten1,Martial12,Martin#,Baby Boy Names1,Martin.M.3,Marty2,Marvin2,Masen48,Mason1,Massimo1,Mateen4,Mateo2,Mateusz1,Matheos1,Matheson34,Mathew4,Mathias5,Mathieu1,Mathiew1,Mathu2,Mats2,Matsuo5,Matt1,Mattais10,Matteo1,Matthan367,Matthew1,Matthews3,Matthias2,Matthieu1,Matti2,Mattias1,Mattius1,Matyrus3,Maurice1,Mauricio2,Maverick15,Max4,Maxim3,Maxime5,Maximilian1,Maximilien1,Maximillian23,Maxwell1,Maxx1,Mazen1,Mazzen1,McCarthy2,McKaleb1,McKay1,Mckay1,McKenzie1,Mckenzie#,Baby Boy Names1,McKinley1,Mckinley1,McKullen1,Mclaren2,McLean1,Mcleod1,Meet1,Mehdi1,Meishka7,Melvin3,Merrick1,Merritt1,Mervin1,Metro8,Micah197,Michael1,MichaelAngelo3,Michal24,Micheal1,Michele1,Mickey1,Mickolys8,Miguel1,Mihgal1,Mika2,Mikael2,Mikail3,Mike2,Mikel2,Mikhail1,Mikkia7,Miles1,Milosh2,Milton2,Mina1,Ming1,Minocher1,Mir1,Misha1,Mitayo2,Mitch9,Mitchel92,Mitchell6,Mohamad16,Mohamed9,Mohammad1,Mohammad-Akbar10,Mohammed1,Mohit#,Baby Boy Names1,Mohummad1,Momin1,Mon1,Montague1,Montek1,Montgomery4,Monty1,Morena27,Morgan1,Morningstar1,Moroni1,Moses1,Mosiah1,Mostafa1,Mouhamed1,Mousa1,Moussab1,Muaaz1,Mudbbar1,Mughees3,Muhammad1,Muhammed-Ghazi1,Muni1,Munib1,Murad1,Murat1,Murdoch6,Murray1,Musa1,Mustaf3,Mustafa1,Mykel11,Myles1,Mytchell1,Nana1,Napekasiwiniw1,Napoleon11,Nash1,Nashait1,Nate1,Natey152,Nathan5,Nathanael1,Nathan-Alexander4,Nathanial51,Nathaniel1,Nathan-Tanner1,Nathanyal1,Natnael#,Baby Boy Names1,Navarre3,Navdeep1,Naveda1,Naveel1,Naveen1,Navin1,Nayt1,Nebiyu1,Nebye1,Nedal1,Nedim11,Neil1,Neilpal1,Neldimar8,Nelson1,Nery1,Nesheir1,Nethaniel1,Neve1,Nevin1,Newton1,Nghia1,Nguyen1,Nhat1,Nichloas234,Nicholas1,Nicholos1,Nick3,Nicklas1,Nicklaus1,Nickolai18,Nickolas4,Nico1,Nicola33,Nicolas1,Nicolas-Maxime1,Nicolaus9,Nigel1,Nike1,Nikeadas1,Nikhail1,Nikhil1,Nikhilesh1,Nikki3,Niklas1,Niklaus2,Niko1,Nikola15,Nikolas#,Baby Boy Names1,Nikolaus1,Nilesh2,Nils1,Nilus1,Nima1,Niran1,Nirinderjit1,Nirmalasthuthi1,Nishant1,Niyam1,Nizarali127,Noah1,Nodin6,Noel54,Nolan1,Nolyn1,Nonda1,Noordeep1,Norman1,Norman-Muhamed1,Norris1,Nouell1,Nova2,Nowel1,Numan1,Nuoh-Shyng1,Nyadru1,Nykoda2,Oakley1,Ocean1,Odye1,Olaf2,Olin11,Oliver1,Omair17,Omar2,Omran1,Onyx1,Oran1,Oren2,Orest3,Orion1,Orlando1,Orrie1,Orrin1,Orson1,Orval1,Orville3,Osama#,Baby Boy Names1,Osbert6,Oscar1,Osman32,Owen1,Oylan1,Ozanay1,Paden1,Padon1,Padraic1,Paetyn1,Palliser2,Palmer5,Paolo1,Paris44,Parker1,Parks1,Parmdeep1,Parminder2,Parmveer1,Parnell1,Parrish1,Parry5,Pascal1,Patric52,Patrick1,Patryk34,Paul1,Paul-Mauriel1,Paulo1,Pavan1,Pavanveer1,Pavel1,Pavjot1,Pavlo1,Payson5,Payton2,Pearce1,Pedro1,Per1,Perry46,Peter2,Petro8,Peyton1,Phelan1,Pheliph1,Pheonix10,Philip3,Philippe11,Phillip#,Baby Boy Names6,Phoenix1,Phoneprasith12,Pierce1,Piero2,Pierre1,Pierson1,Pietro1,Piitaa1,Porter1,Prabdeep1,Prabhvir1,Prabjyot1,Pranav1,Preet1,Preetkamal1,Preetpal1,Presly8,Preston2,Prince1,Pritesh1,Pryce1,Pryde1,Puneet1,q1,Qaidance1,Qasem1,Qasim1,Quac2,Quade2,Quaid1,Quannah12,Quentin1,Quenton1,Quientin1,Quillan1,Quiller1,Quin2,Quincy3,Quinlan27,Quinn1,Quinnlan5,Quinten10,Quintin10,Quinton1,Quoc1,Quochoan1,Qwen1,R.J.1,Rabih#,Baby Boy Names1,Radek1,Raees3,Rafael1,Rafi1,Rahman5,Rahul3,Rain1,Raine1,Rainelorne3,Raj1,Raja1,Rajan1,Rajarajvinder1,Rajat1,Rajdip1,Rajeev1,Rajiv1,Rajkaran1,Rajkumar1,Rajzon1,Rakheem1,Ralph1,Ramana2,Ramandeep1,Rameet1,Rameez2,Rami1,Ramin1,Ramnik1,Ramsey1,Ramsukh1,Ramy1,Ramzy1,Rand4,Randall1,Randeep2,Randell1,Randin1,Randolph13,Randy1,Ranhjodh1,Raphael1,Rasa1,Rashaad1,Rashaan1,Rashad1,Rashpal1,Rashvinder4,Raven#,Baby Boy Names1,Ravi1,Ravideep1,Ravin1,Ravinder1,Ravjot1,Ravneet1,Ravpreet1,Rawnaque5,Ray1,Rayan1,Rayce1,Rayden1,Raydin1,Rayen1,Raymar23,Raymond1,Rayneet5,Reagan2,Real11,Reece7,Reed1,Reegyn1,Rees10,Reese1,Reeve1,Reeven1,Reever1,Reeyad-Roy6,Regan3,Reggie23,Reid5,Reilly1,Reily1,Rein1,Reiner1,Reis1,Rejean1,Reko1,Remah1,Remee2,Remi1,Remington1,Remko1,Remo1,Remy1,Rene'1,Reneil1,Renne2,Rennie#,Baby Boy Names1,Renton1,Reo1,Rett4,Reuben1,Reuel1,Reuven1,Reweis1,Rex1,Reynaldo4,Rhett1,Rhyley8,Rhys1,Rhyse3,Ricardo1,Ricco32,Richard1,Richie1,Richmond3,Rick1,Rickey6,Ricky1,Rico1,Ridge2,Riel1,Rielly2,Ries1,Rikesh1,Rile112,Riley2,Rio1,Riot1,Rishi1,Ritchie1,Riven12,River1,RJ1,Roan1,Robb1,Robbin1,Robby1,Robe87,Robert2,Roberto1,Robertto5,Robin1,Robinson1,Rocko2,Rocky1,Rod#,Baby Boy Names1,Roddy1,Roderick3,Rodney1,Rodrick1,Rogan4,Roger2,Rohan1,Rohit1,Roland1,Rolland4,Roman1,Romeo1,Romil1,Ronak7,Ronald2,Ronaldo1,Ronan1,Rondy1,Roneet1,Ronell1,Ronelle3,Ronnie1,Ronwaldo1,Rooke1,Rope7,Rory1,Rosario1,Roshan15,Ross3,Rourke4,Rowan1,Rowen2,Roy5,Royce1,Roylin1,Ruaridh1,Ruben1,Rudy1,Rueben1,Runveer1,Rushil4,Russel6,Russell1,Rusty1,Ruthvik1,Ruzan248,Ryan1,Ryatt1,Ryden#,Baby Boy Names4,Ryder1,Ryely1,Ryen1,Ryerson3,Ryker1,Rykkar17,Rylan3,Ryland1,Ryle5,Rylee1,Rylen31,Ryley4,Rylie1,Ryliegh1,Rylin1,Rylun1,Ryman1,Ryo1,Ryotaro1,Sabashtin1,Sabastian2,Sabir1,Sable1,Sacha1,Safar1,Sagar3,Sage1,Sahib5,Sahil1,Sahilpreet1,Sahir-Mohammed1,Saide1,Saige1,Saihaj1,Sairaj1,Sajan2,Saleem1,Salfa1,Salim1,Salman11,Sam1,Samani1,Samatar2,Sami5,Samir1,Sam-Jaxon1,Sammeh1,Sammi1,Sammuel#,Baby Boy Names1,Sampson1,Samreet2,Samson131,Samuel1,Samuel-Avery1,Sandeep1,Sandis1,Sandy1,Sang1,Sanjay1,Sanmit1,Saphan1,Sariyah1,Sasha1,Satchel1,Satchmo1,Satinderpal1,Saul1,Savkaran4,Sawyer1,Schael1,Schuyler2,Scot1,Scotland58,Scott1,Scotti1,Scottie1,Scotty1,Seager63,Sean13,Sebastian4,Sebastien1,Sehran1,Seldon1,Seraj-Eddine1,Sergei27,Seth1,Severin1,Sevren2,Shaan1,Shade2,Shadi1,Shadow1,Shadrak4,Shae1,Shaeen1,Shaelon1,Shahbaaz1,Shaheen#,Baby Boy Names1,Shahin1,Shahveer1,Shakeel1,Shakur2,Shale1,Shamal1,Shamarr1,Shamez1,Shamous1,Shamus1,Shan1,Shandon40,Shane2,Shannon1,Shanon1,Shaquen1,Sharief8,Shaun1,Shauwyn1,Shavez1,Shaw34,Shawn2,Shay2,Shayden1,Shaydon4,Shaye8,Shayne9,Shea1,Sheadon1,Sheannon1,Shehroz4,Shelby1,Shelden27,Sheldon1,Sheldyn2,Shelton1,Shemar1,Sherman1,Sherwyn1,Shining1,Shiv1,Shody1,Shogo1,ShoNenn1,Shorya1,Shreyas1,Shuaeb1,Shun1,Shyyon#,Baby Boy Names1,Sibtaen1,Sidharath4,Sidney1,Sidny1,Sig1,Sikander5,Silas1,Silver1,Simeon1,Simerdeep1,Simerpreet23,Simon1,Simrat1,Simrit1,Simson1,Sin1,Sinclair1,Sing1,Singer1,Skip1,Skye11,Skylar16,Skyler1,Skylor1,Slade3,Slater2,Sloan1,Sly1,Soban1,Sohaib1,Sohei1,Sohil1,Solandy1,Solomon1,Sonny1,Sonthuong1,Soo1,Sopheaktra2,Soren1,Soulat96,Spencer1,Spring1,Srage1,Stacey2,Stacy1,Staley2,Stanley1,Steele1,Steen#,Baby Boy Names7,Stefan2,Stefano2,Stephan2,Stephane36,Stephen9,Sterling1,Sterlyn3,Steve57,Steven5,Stewart1,Stirling1,Stjepan3,Stone2,Storm1,Stpehen1,Strathan3,Stratton1,Stryker4,Stuart1,Suchneet1,Suhail1,Suhayb1,Sukhjiwan1,Sukhjot2,Sukhman1,Sukhpreet1,Sukhraj1,Sukhwinder2,Sulaiman1,Suleyman2,Sullivan1,Sulltan1,Sulman1,Sumair1,Sumandeep1,Sumitjot1,Sumrit1,Sundance1,Suneel1,Sunhawk1,Sunil1,Sunjoth1,Sunpreet1,Sunroop1,Suraj3,Sydney1,Sye1,Sylas1,Sylvan#,Baby Boy Names1,Syrell1,Syver1,T.J.Austin1,Tadashi1,Taden1,Taelon1,Taem1,Taeren1,Taggart1,Tagger1,Taha1,Taij2,Tailor2,Taite1,Taize1,Tajveer1,Tajvir2,Talal1,Taleb1,Talin1,Tallal6,Talon1,Talson1,Talyn2,Tam1,Tamir1,Tane2,Taner1,Taniel81,Tanner1,Tanner-Lee1,Tannor1,Tanveer2,Taran2,Tarek2,Taren1,Tarif4,Tarik1,Tariq1,Tarken2,Taron3,Tarren2,Tarrik1,Taryn17,Tate3,Tavin2,Tavis1,Tavish1,Tayden#,Baby Boy Names2,Taygen1,Taylen5,Tayler1,Taylon72,Taylor1,Tayyab6,Teagan1,Teagen1,Teague1,Techwynn1,Teegan1,Tegan2,Teigan1,Teige1,Tejveer1,Teman1,Temesgen1,Tenzin1,Teran1,Terel1,Terell1,Teren1,Terence1,Teron2,Terran6,Terrance3,Terrell3,Terrence1,Terris2,Terron4,Terry1,Teryn1,Tesai2,Tevin1,Tevyn1,Teyler1,Thach1,Thaine1,Thairee-Delouis3,Thane2,Thanh1,Thao1,Tharon1,Tharren3,Theo1,Theodor9,Theodore3,Theoren1,Therin#,Baby Boy Names1,Theron1,Thidas2,Thien1,Thien-Duc1,Thien-Duy102,Thomas1,Thomson2,Thor1,Thoran2,Thunder3,Tien1,Tieran2,Tiger1,Tilson2,Tim1,Timmathy1,Timmy1,Timotheus43,Timothy1,Timour1,Tirone4,Titus5,Tobias1,Toby1,Tod5,Todd4,Tom8,Tomas14,Tommy9,Tony2,Tor2,Toren1,Torey2,Torin1,Torren1,Torrenz1,Tory1,Toshiya1,Toufic8,Trace1,Trad1,Trae1,Traeton2,Trai1,Trapper1,Traven58,Travis1,Travoy1,Tray#,Baby Boy Names1,Traye2,Tre1,Trei1,Trendon7,Trent3,Trenten1,Trentin8,Trenton1,Treston1,Trevathan1,Trevin1,Trevis37,Trevor19,Trey1,Treyce1,Treyton1,Treyvan1,Triefen1,Trini2,Trinity67,Tristan1,Tristan-Jay26,Tristen1,Tristen-Lee2,Tristian15,Tristin4,Triston1,Triston-Joseph6,Tristyn26,Troy1,Trueman1,Truman2,Truong1,Truth1,Trygve2,Trystan1,Trysten1,Trystin1,Tryvge1,Tsun2,Tuan4,Tucker2,Tuff6,Turner1,Twen41,Ty1,Tyan1,Tyce1,Tycen#,Baby Boy Names1,Tydomi1,Tydus5,Tye1,Tyen1,Tyerel3,Tylan1,Tylar1,Tylas1,Tylen256,Tyler1,Tylin1,Tylo1,Tylon5,Tylor1,Tyr3,Tyree3,Tyrel19,Tyrell1,Tyrelle3,Tyren1,Tyrese1,Tyrine1,Tyrome2,Tyron6,Tyrone1,Tyrrel2,Tyrrell1,Tyrus1,Tysen1,Tyshon54,Tyson2,Tyvon1,Ty-William1,Tze-Yin1,Umair1,Usman1,Valley1,Van2,Vance1,Varun1,Vaughn1,Vaune1,Venusha1,Vern2,Vernon19,Victor1,Vijay1,Vikram1,Viktor#,Baby Boy Names1,Viliam3,Vince17,Vincent1,vincent2,Vincenzo1,Vincsent1,Vineet1,Vinesh1,Vinson1,Virgil1,Vishad1,Vishal1,Vito1,Vittorio1,Vorra1,Voshon1,Wacey10,Wade1,Wafik1,Wajid2,Wajih1,Walaeh1,Walat2,Waled3,Waleed4,Walid10,Walker2,Wallace1,Wally7,Walter6,Warren1,Waseem1,Wasim1,Wassim1,Wayde3,Waylon1,Wayne1,Weiming1,Wells18,Wesley1,Weston1,Whitfield1,Whyatt1,Wilburn1,Wilden1,Wilfurd1,Wilhelm1,Wilkinson5,Will#,Baby Boy Names1,Willam1,Willard5,Willem140,William2,Willson3,Willy5,Wilson1,Winbert4,Winston1,Winter2,Wolfgang1,Wraydell62,Wyatt1,Wychita1,Wynn1,Xanthus7,Xavier1,Xavies1,Xuan1,Xylin1,Xzavier1,Yafet1,Yaheya1,Yair1,Yanni1,Yannick1,Yashan1,Yashkarn1,Yashvir1,Yat1,Yee-Lok1,Yehuda1,Yiu1,Yonah1,Yonis1,Younes3,Yousef1,Yousouf1,Youssef1,Yuan1,Yusef2,Yusuf1,Zac1,Zacery1,Zach1,Zacharey1,Zachari1,Zacharia2,Zachariah#,Baby Boy Names2,Zacharias2,Zacharie159,Zachary1,Zacheri24,Zachery2,Zack16,Zackary11,Zackery1,Zackree3,Zain2,Zaine3,Zak1,Zakaree1,Zakaria-Mahmoud3,Zakary1,Zakarya1,Zakkai2,Zakkary1,Zakory1,Zakrey2,Zamaan9,Zane1,Zarif1,Zasim1,Zavior1,Zeboria3,Zechariah1,Zeeshan1,Zeid1,Zeke1,Zenon1,Zeshaan1,Zeyad1,Zhane1,Zohaib3,Zubair1,Zyon