Baby Boy Names Registered in 1999,#,Baby Boy Names1,A.J.1,Aaden1,Aaqil1,Aarin81,Aaron1,Aarondeep1,Aaryn1,Aash1,Aashish1,Aazib1,Abbas1,Abbey1,Abdalla1,Abdelqader1,Abdo3,Abdul1,Abdulaziz3,Abdullah1,AbdulRahman1,Abdulrashid1,Abdurhman1,Abdurrahman1,Abdurrehman1,Abe2,Abel1,Abhijeet1,Abhikaran1,Abhimeet1,Abhneek1,Abneet3,Abraham1,Abraheem7,Abram1,Abrar1,Absolam1,Ace1,Achebiu1,Achilles128,Adam1,Adam-Arafat2,Adan5,Addison1,Adell4,Aden1,Adil1,Adisen1,Adison5,Adnan#,Baby Boy Names1,Adong1,Adrain1,Adrean31,Adrian2,Adriano1,Adrianus1,Adriel3,Adrien1,Aedan1,Agafonik1,Agah1,Agnon1,Ahad1,Ahbid8,Ahmad9,Ahmed1,Ahmer1,Ahren81,Aidan30,Aiden1,Aidin1,Aidon1,Ailesh4,Ajay2,Ajaypal1,Ajaypaul1,Ajit1,Akaldeep1,Akalsaajan2,Akash1,Akashdeep1,Akif1,Akil1,Akira1,Akito1,Akiva1,Akrama1,Akshaye1,Akum1,Ala'a2,Aladdin1,Alain10,Alan1,Alaric1,Alarion3,Alastair11,Albert2,Alberto#,Baby Boy Names1,Albhen1,Albie2,Albin1,Alden1,Aldo1,Aldovino2,Aldrich13,Alec1,Alec-Nathan1,Aleczander1,Aleem4,Alejandro3,Aleksandar1,Alen1,Alessandro1,Alessio32,Alex2,Alexandar160,Alexander1,Alexander-Peter1,Alexandr11,Alexandre1,Alexandro1,Alexis1,Alexzander1,Alfonso1,Alfred22,Ali13,Allan3,Allen1,Allister1,Ally1,Alon1,Alonso1,Alphonsus1,Alry1,Alton1,Alvan6,Alvin1,Alwin1,Alwyn1,Aly1,Alykhan1,Alysis5,Amaan1,Amaar2,Amadeus1,Amal#,Baby Boy Names2,Aman1,Amarpal1,Amaury1,Ambros1,Amedeo1,Ameet1,Amen1,Amer2,Amin1,Amir1,Ammar2,Ammon1,Amol1,Amrinder1,Amrit1,Amritpal1,Amyn1,Anakin1,Andino6,Andre1,Andrea9,Andreas1,Andrei1,Andres131,Andrew1,Andrey1,Andria2,Andruw14,Andy1,Aneesh1,Angelo8,Angus1,Anis1,Ankit1,Anmol1,Anokh1,Anoop6,Anson1,Ante1,Anthoni85,Anthony1,Antoine5,Anton1,Antoni12,Antonio1,Antuan1,Anuj1,Aodhan1,Apostolos#,Baby Boy Names1,Aram1,Arbaaz1,Arcangelo1,Archie1,Arden2,Aric1,Arick1,Arie3,Ariel1,Arif1,Aris2,Arjan6,Arjun1,Arlen1,Arlo2,Armaan2,Arman1,Armand1,Armando2,Armann1,Armeen1,Arnie4,Aron1,Arran3,Arron1,Arshawn1,Arshbir3,Arshdeep1,Arshpreet4,Arthur1,Artin1,Aruto1,Arvin1,Aryton1,Asa1,Asani-Waci1,Ash1,Ashby4,Asher1,Ashiq1,Ashley1,Ashten22,Ashton1,Ashtyn1,Athanasios1,Athaniel1,Atif1,Atlant1,Atlas#,Baby Boy Names1,Atticus1,Aubrey3,August1,Aulden1,Aundre1,Aurelio1,Aussim8,Austen237,Austin1,Austin-Brodie1,Austinn2,Auston10,Austyn24,Avery1,Avineet1,Avneet1,Awasis2,Axel1,Ayaan1,Ayad1,Aydan7,Ayden2,Aydin1,Ayomitide1,Ayoub1,Ayrik1,Ayrton1,Azeem-Mohammad1,Babiel32,Baby1,Baile45,Bailey1,Bailie1,Baillie1,Bailly1,Baily1,Baird1,Balkaran3,Balraj1,Balthazar1,Barney1,Barret4,Barrett1,Barry1,Bassem1,Bastian3,Bayley5,Beau1,Beaudon#,Baby Boy Names1,Beck1,Belal8,Ben1,Benedict1,Benett1,Benjaman4,Benjamen185,Benjamin1,Benjimen1,Benjimin3,Bennet7,Bennett2,Benny3,Benson1,Bentley1,Benzion1,Bereket1,Bernard1,Bernhard1,Bernhord1,Bervin1,Beryon1,Bevan1,Bhavanjit1,Bhavesh1,Bhavjyot1,Bhawan1,Bhawanjot1,Bhisham1,Bhupal1,Bijaan2,Bilal6,Billy1,Billy-Joe1,Binay1,Biong1,Birmadu3,Bjorn6,Blade1,Blain11,Blaine10,Blair3,Blaise1,Blaiz1,Blaize50,Blake1,Blayd1,Blayde1,Blayke#,Baby Boy Names1,Blayne3,Blaze2,Blu1,Bluesky2,Bo4,Bobby1,Bobby-Joe2,Boden1,Boe1,Boedy1,Bogdan1,Bon1,Booker1,Borden2,Boris6,Bowen1,Boyan1,Boyd1,Brad51,Braden4,Bradey48,Bradley2,Bradly4,Bradon43,Brady2,Bradyn3,Braedan24,Braeden2,Braedin11,Braedon2,Braedy2,Braedyn9,Braiden1,Braidon1,Braidyn2,Brailey1,Bram3,Brandan13,Branden3,Brandin223,Brandon1,Brandon-Lee1,Brandon-Nicholas8,Brandt2,Brandyn1,Brannon3,Branson9,Brant1,Brantford#,Baby Boy Names1,Branton1,Braven5,Braxton1,Braydan93,Brayden1,Braydn29,Braydon1,Braydon-Lee3,Brayton1,Breadon1,Brecker1,Bremner1,Brenan86,Brendan32,Brenden2,Brendin16,Brendon1,Brendt1,Brendyn20,Brennan4,Brennen1,Brenner2,Brennon5,Brent2,Brenton5,Bret1,Breton82,Brett1,Bretton1,Brevyn1,Breysen27,Brian1,Briar4,Brice1,Bridger1,Brier2,Brigham1,Brigm2,Briley1,Brisk1,Brittan1,Britton1,Broc23,Brock2,Brodee3,Broden1,Brodene1,Brodey8,Brodie#,Baby Boy Names1,Brodin27,Brody1,Brody-James1,Broedy2,Brolin1,Brondon-Chase2,Bronson3,Brook1,Brooker1,Brookes3,Brooks4,Bruce1,Bruin1,Bruno19,Bryan1,Bryant40,Bryce2,Brycen1,Brydan4,Bryden1,Bryer1,Bryle2,Brylee4,Bryn1,Bryndal1,Brynn1,Bryon1,Brysen6,Bryson1,Brytin6,Bryton1,Buchanan1,Burkely1,Burman6,Byron1,Byryn1,C.J.4,Cade9,Caden2,Cadence1,Cadeon1,Cadyn1,Caeden1,Caedin6,Caelan1,Caelin3,Caelum1,Caerid2,Cage#,Baby Boy Names1,Caibre1,Caid2,Caiden1,Caidin1,Caidyn1,Cailan2,Cain1,Caine1,Calan2,Calder19,Cale63,Caleb2,Calem1,Callan2,Callen7,Callum1,Calob6,Calum1,Calun20,Calvin1,Cam4,Camden121,Cameron5,Campbell1,Canon6,Carl2,Carlen2,Carlin1,Carlito1,Carllen3,Carlo5,Carlos1,Carlson1,Carlton1,Carmen3,Carsen47,Carson1,Carsten1,Carsyn66,Carter1,Carver14,Casey2,Cash1,Cass3,Cassidy2,Cassius1,Castor5,Cauy2,Cavan#,Baby Boy Names1,Caycee2,Cayden1,Caymen1,Ceajay1,Cecil1,Cedric1,Cedrick1,Celestien1,Cerral1,Cetan2,Chace29,Chad15,Chance14,Chandler1,Channer1,Chanse1,Chantz1,Chanz1,Charanpreet1,Charl15,Charles3,Charlie1,Charnkamaltek80,Chase1,Chasen1,Chasten1,Chaston1,Chayden3,Chayse1,Chaysen2,Chayton3,Chaz1,Chervaine1,Chess1,Chesster3,Chet1,Chetaan2,Chetan1,Chevazz3,Chevy1,Cheyenne1,Cheyvez2,Chi1,Chico1,Chikku1,Chivez4,Chris1,Chrisanthos1,Chrishten#,Baby Boy Names2,Christiaan74,Christian4,Christien1,Christofer140,Christopher1,Chrysolite1,Chuba1,Chzi3,Cian1,Ciaran1,Claren2,Clarence1,Clark2,Clarke1,Claude2,Claudio9,Clay1,Clayten28,Clayton1,Cle1,Cleason1,Clement1,Clements1,Cleveland1,Clifford1,Clifton1,Cline2,Clint3,Clinton1,Clovis1,Clyde1,Coale1,Coalton5,Coby1,Cobyn1,Codi2,Codie107,Cody3,Cohen1,Cohl1,Colan1,Colbran15,Colby137,Cole1,Coleben4,Coleman1,Colemin1,Coleson4,Coleton#,Baby Boy Names31,Colin7,Collin1,Collton1,Colm1,Colsen2,Colson3,Colt1,Coltan15,Colten4,Coltin70,Colton1,Conagher2,Conall1,Conan1,Conlan1,Conley1,Connar20,Conner1,Connery157,Connor6,Conor3,Conrad9,Cooper3,Corban1,Corben1,Corbie14,Corbin2,Corby3,Corbyn5,Cordell9,Corey1,Cormac1,Cornelis2,Cornelius1,Corneluis1,Cornie1,Cort1,Cortland1,Corwin13,Cory1,Cosmos1,Coulton1,Courtland1,Courtlen1,Courtney1,Couy1,Cowan2,Coy12,Craig#,Baby Boy Names1,Crandle3,Creed1,Cristian1,Cross4,Cruz1,Cullan2,Cullen1,Curran1,Curstan40,Curtis1,Curtiss3,Cyrus1,Da1,Dace1,Dacs1,Daegan1,Daegen1,Daelin1,Daemon1,Daemond1,Daeric2,Dagan1,Dahkota1,Daine3,Dakoda41,Dakota2,Dakotah1,Dalamar7,Dale2,Dalen1,Dalice2,Dalin1,Daljinder1,Dallan32,Dallas1,Dallas-Lloyd2,Dallen5,Dallin27,Dalton1,Daly1,Dalyn1,Damein1,Damen17,Damian1,Damian-Piotr6,Damien1,Damin4,Damion19,Damon#,Baby Boy Names1,Damyen1,Dan4,Dana9,Dane1,Daneilo2,Dang1,Dani1,Danial174,Daniel1,Daniel-Cord2,Daniele1,Danilo1,Dannon10,Danny14,Dante3,Danton1,Danyel1,Daragh1,Daraich2,Darby1,Darcey7,Darcy32,Darian1,Darias8,Darien1,Darijan6,Darin4,Dario3,Darion1,Daris11,Darius1,Dariusz1,Darming1,Darnel1,Darnele4,Darnell1,Daron1,Darrel1,Darrell11,Darren2,Darrian3,Darrien1,Darrigan1,Darrin1,Darryl1,Darryll1,Darshan1,D'Artagnan1,Dartanian#,Baby Boy Names1,Dartanion2,Darwin1,Daryan1,Daryn1,Dashawn1,Dason1,Daten1,Davey110,David6,Davin11,Davis2,Dawsen119,Dawson2,Dax6,Daylan4,Daylen2,Daylon1,Daymen1,Daymion2,Daymon1,Dayn4,Dayne14,Dayton1,Deacon11,Dean2,Deandre1,DeAndre1,Deane1,Deangelo1,Deante1,Decklin11,Declan1,Declyn1,Dederick1,Deepak1,Degan1,Dejan1,Dejaro1,Deken3,Deklan1,Deklin1,Delaney1,Deliver1,Dell1,Deloy1,Delsin1,Delton1,Deltyn1,Delwin#,Baby Boy Names1,Demetre1,Denanh2,Deng2,Denis11,Dennis4,Denny1,Denon7,Denver3,Denzel1,Denzel-Ricardo1,Denzille1,Deontae1,Deree32,Derek6,Derian2,Derik1,Derrek1,Derrian5,Derrick2,Derrik1,Derwin1,DeSean1,Desean1,Desi1,Desmand4,Desmond3,Destin1,Deston1,Detroit1,Deun1,Dev3,Devan1,Devat1,Deven1,Devesh27,Devin3,Devlin1,Devn51,Devon1,Devonte1,Devron1,Devun1,Devyn1,Dewey6,Dexter1,Dhru1,Diamond12,Diego1,Diem#,Baby Boy Names1,Dieudonne1,Diezel5,Dillan25,Dillon1,Dilnoor1,Dilon1,Dilraj1,Dilvir3,Dimitri1,Dimitry1,Diogenes4,Dion1,Dionisios1,Dirk1,Dixon1,Diyar1,D-Jay1,D-Kota1,Dlyan2,Dmitri1,Doamas2,Dolan1,Dolton2,Domenic1,Domenico24,Dominic3,Dominick4,Dominik6,Dominique2,Don9,Donald3,Donavan1,Donaven1,Donavin25,Donovan1,Donovon2,Dontae6,Dorian1,Dorien1,Dorion1,Doru1,Dory1,Dougal11,Douglas1,Doyle1,Dradon3,Drake4,Draven1,Dravin#,Baby Boy Names1,Draw4,Drayden1,Draydin1,Draygen1,Drayke6,Drayton17,Drew1,Dreyden1,Dreysen1,Dreyson1,Dru1,Drustin5,Dryden1,Drydyn3,Duane1,Duc1,Duke20,Duncan1,Dune1,Dungdit1,Dupri1,Duran1,Durant1,Durrell1,Duru39,Dustin3,Dustyn1,Duy-Khanh3,Dwayne2,Dwight219,Dylan1,Dyland1,Dylan-Spencer2,Dyllan4,Dylon1,Dylyn1,Dyre2,Dyson1,Eagleson3,Eamon2,Earl1,Earnest1,Eastin6,Easton1,Ebn1,Eddie1,Eddy2,Edgar1,Edgerrin#,Baby Boy Names2,Edison1,Edlee1,Edmir2,Edmond2,Edmund1,Edric1,Eduardo19,Edward4,Edwin1,Ehab1,Eijaz2,Elan1,Elek9,Eli1,Elia7,Elias1,Eligh17,Elijah2,Eliot1,Elis1,Elisha3,Elliot3,Elliott2,Ellis1,Ellison1,Elton2,Elvin1,Elvis1,Elyjah1,Emaad2,Emad1,Emad-Uddin2,Emanuel2,Emerson1,Emil3,Emile1,Emilian1,Emiliano2,Emilio1,Emilo1,Emin3,Emmanuel5,Emmett2,Emmit1,Emre1,Enes3,Enrique1,Enzo1,Erat#,Baby Boy Names115,Eric2,Erich1,Erick1,Eriel30,Erik1,Erin1,Eriq1,Erjan1,Ernest1,Ernesto1,Erris1,Errol1,Erwin1,Eshed1,Esmir1,Essex1,Esten1,Estephanus1,Etebom169,Ethan1,Ethan-Lucas1,Ethanpal1,Ethin1,Etienne2,Euan3,Eugene127,Evan1,Evander1,Evangelos6,Everett1,Everette1,Evian2,Evin1,Evret2,Ewan1,Ezana1,Ezekiel1,Ezra1,Ezrah2,Fabian1,Fadi1,Faiz1,Falco1,Falcon1,Fanueal1,Farid2,Farouk1,Farren1,Farres#,Baby Boy Names1,Farris1,Fatih1,Fawad1,Fawaz1,Feather1,Felipe1,Felix2,Fergus1,Fergusson1,Ferhad2,Fernando1,Feroz1,Ferren1,Ferris1,Fielding3,Filip1,Filxe1,Findley1,Finley1,Finn1,Finnian1,Finnley1,Firas1,Fischer1,Fisher2,Flint1,Florentino1,Florian2,Ford1,Forrest1,Foster1,Four4,Francesco1,Francios-Isadore7,Francis2,Francois9,Frank2,Frankie2,Franklin1,Franz5,Fraser1,Freddie1,Frederic3,Frederick1,Fredrick1,Freeman1,Fritz1,Furkan1,Fynn#,Baby Boy Names1,Gabius1,Gabrial36,Gabriel1,Gaelan1,Gaelen1,Gagandeep1,Gaganjot1,Gaganpreet17,Gage1,Galen1,Galvin1,Gamaliel1,Garcia1,Garen1,Garet2,Gareth4,Garett1,Garette1,Garion1,Garnet1,Garnett1,Garren6,Garret1,Garreth37,Garrett1,Garrette1,Garrick2,Garrison2,Garth4,Gary1,Garyn1,Gatlin1,Gauge2,Gaurav35,Gavin1,Gavinder1,Gavyn1,Gehren1,Genis1,Gentrit1,Geoff5,Geoffrey16,George5,Gerald3,Gerard1,Gerasimos1,Gerben1,Gerhard1,Gerhord#,Baby Boy Names1,Gerin1,Germain1,Geronimo3,Gerrit1,Ghanem1,Gia1,Giacomo1,Gian1,Giancarlo1,Gianni1,Gibran2,Gibson1,Gierhard3,Gilbert1,Gilles3,Gino1,Gio1,Giorgio1,Giovanni1,Giuliano1,Giw1,Gladwin4,Glen1,Glendon1,Glenn1,Godfrey2,Goran1,Gordie17,Gordon1,Gordy1,Govind2,Grady1,Graedon5,Graeme21,Graham9,Grant1,Graycen3,Grayden5,Graydon1,Graysen17,Grayson1,Greg1,Greggory25,Gregory1,Greydon1,Greylan3,Greyson1,Griffen19,Griffin#,Baby Boy Names1,Guang-Xiong1,Guenole1,Guerin1,Guile2,Guillaume1,Gunnar1,Gunnarr1,Gurdeep1,Gurfateh1,Gurjevan1,Gurjot2,Gurjyot1,Gurkirat1,Gurmeet1,Gurminder1,Gurpartap4,Gurpreet1,Gurprit1,Gursajan2,Gurshan1,Gursharandeep2,Gursimran1,Gurtaj1,Gurveer1,Gurvir1,Guy1,Gypsy1,Haazim1,Habtom2,Haden1,Hader2,Hadi1,Hadyn1,Haedan1,Hagen1,Haider1,Haithem1,Haiydyn2,Hale2,Halen2,Hamad3,Hamza2,Hans1,Hardeep1,Hardi3,Hardy1,Haris1,Harjind2,Harjot#,Baby Boy Names1,Harjun1,Harjyot1,Harkamal1,Harkarn1,Harlen7,Harley3,Harman1,Harmandeep1,Harmanpal1,Harmon1,Harneet1,Harnek1,Harnoor1,Harold3,Harpreet1,Harrisen27,Harrison3,Harry1,Harshawn1,Harsimran1,Hartman1,Haru2,Harvir1,Harvish1,Hasan1,Hashim3,Hassan1,Hassen1,Hayato1,Haydan39,Hayden1,Haydn1,Hayze1,Hazen1,Haziq1,Hazqeel1,Healy1,Hector1,Heesham1,Hein1,Heinrich1,Helix1,Hemza1,Hemzy2,Hendrik14,Henry1,Herbert1,Hessten1,Hetash#,Baby Boy Names1,Hiep1,Hilton2,Hoang1,Hogan2,Holden1,Housam1,Houston1,Hoyce1,Hubert5,Hudson1,Hue2,Hugh3,Hugo1,Humza1,Hung57,Hunter1,Hunter-Shae1,Husanpreet1,Husayn4,Hussein1,Huy1,Huynh1,Hyram1,Hyrum6,Iain48,Ian5,Ibrahim1,Ibriham1,Ieonard1,Ignacy1,Igor1,IJmert1,Ilarion1,Imrin1,Imrindeep1,Inder1,Inderbeer1,Inderjit2,Inderpreet1,Indiana1,Ionel1,Ira1,Iram1,Irvan1,Irwin1,Isa46,Isaac5,Isaak46,Isaiah#,Baby Boy Names1,Isak1,Isayha3,Isiah1,Isik2,Ismail3,Issa3,Issac1,Issiah2,Iteoluwakisi12,Ivan1,Ivor1,Ivraj1,Izaac2,Izaak1,Izaha1,Izaiah1,Izak1,Jabez1,Jacan15,Jace1,Jacey1,Jacinthian73,Jack3,Jackie57,Jackson2,Jacky244,Jacob1,Jacobus1,Jacoby1,Jacolby5,Jacques1,Jacson1,Jad2,Jadan1,Jadden4,Jade43,Jaden1,Jadeynn1,Jadin4,Jadon1,Jadyn6,Jaeden3,Jaedon1,Jaedyn2,Jaeger1,Jaelin1,Jaemen1,Jafar1,Jagan#,Baby Boy Names2,Jagdeep2,Jagger1,Jagjot1,Jagpal1,Jagraj1,Jahshan1,Jai4,Jaiden1,Jaidyn1,Jaime1,Jaimen1,Jaimus1,Jaipal1,Jaise1,Jaisen34,Jake1,Jakeb1,Jakeem16,Jakob1,Jakobi1,Jakota1,Jakub1,Jalal1,Jalan3,Jalen1,Jalenbeau2,Jamal1,Jameel109,James1,James-Nicholas3,Jameson15,Jamie2,Jamieson1,Jamin2,Jamison1,Jamyl2,Jan1,Jansen1,Januel1,Japheth1,Jarad118,Jared2,Jarek3,Jaren3,Jaret1,Jareth5,Jarett1,Jari2,Jarid#,Baby Boy Names20,Jarod6,Jarom1,Jaromir3,Jaron1,Jarrah10,Jarred1,Jarren4,Jarret11,Jarrett1,Jarrid11,Jarrod1,Jarron2,Jarryd3,Jarvis2,Jaryd3,Jase1,Jaskamal4,Jaskaran1,Jaskarn1,Jaskeen2,Jaskirat1,Jasman1,Jasmeet78,Jason1,Jason-Ray3,Jasper2,Jasraj1,Jausont1,Javan2,Javen2,Javier2,Javon1,Jawad2,Jawdat2,Jax2,Jaxen9,Jaxon1,Jaxsen6,Jaxson1,Jaxton8,Jay1,Jaybic1,Jaybyn4,Jayce5,Jaydan2,Jayde1,JayDee70,Jayden1,Jaydin#,Baby Boy Names2,Jaydn6,Jaydon1,Jaydon-Percy1,Jaydyn1,Jayk1,Jayke1,Jaylen1,Jayman1,Jaymar2,Jayme2,Jaymen1,Jaymon1,Jaynen7,Jayson1,"Jaysson-William-Hendricks"1,Jayven1,Jazib1,Jazz1,JC5,Jean1,Jean-Claude2,Jean-Francois1,Jean-Luc1,Jean-Marc1,Jean-Philippe4,Jed1,Jedd1,Jedediah1,Jediah1,Jeeve2,Jeff9,Jeffery1,Jeffory27,Jeffrey1,Jeffry1,Jefthro1,Jehad4,Jensen1,Jeral1,Jeramie1,Jeramy1,Jereden1,Jeremey1,Jeremi20,Jeremiah3,Jeremie58,Jeremy1,Jeren#,Baby Boy Names1,Jerette1,Jericho1,Jerick2,Jerimiah1,Jerimy2,Jerius1,Jerod4,Jerome1,Jeromy1,Jerred1,Jerremy1,Jerrick1,Jerri-Lee2,Jerrod5,Jerry1,Jerryd1,Jerzie2,Jesiah1,Jeson1,Jess81,Jesse1,Jesseppe1,Jessey2,Jessi1,Jessiah3,Jessie1,Jesson1,Jessy1,Jethro1,Jetson5,Jett1,Jevan1,Jevon1,Jeyden1,Jhori1,Jiajie1,Jibran1,Jibril9,Jimmy1,Jin1,Jiovan1,Joah1,Jobe3,Joe65,Joel1,Joemari5,Joesph9,Johan1,Johanas#,Baby Boy Names4,Johann2,Johannes103,John1,Johnas19,Johnathan2,Johnathen8,Johnathon1,Johnnie8,Johnny1,John-Peter1,Joko4,Jon47,Jonah7,Jonas102,Jonathan11,Jonathon1,Jonathon-Richard1,Jondullah1,Jonovan1,Jonvir173,Jordan6,Jorden1,Jordie2,Jordin14,Jordon1,Jordy2,Jordyn2,Jory5,Jose2,Josef85,Joseph7,Josh319,Joshua1,Joshveer14,Josiah2,Jotbir1,Jotham1,Jovan2,Juan1,Judge1,Jules18,Julian5,Julien1,Julio1,Julios6,Julius1,Jullian-Hugh1,July1,Jun#,Baby Boy Names3,Justen17,Justice175,Justin1,Justinder1,Justis3,Justus2,Justyn1,Jyotirmya1,Jysen1,Ka1,Kacey1,Kadain20,Kade1,Kadeem24,Kaden2,Kadin1,Kadon1,Kaedan1,Kaedann5,Kaeden1,Kaedyn1,Kaegin2,Kael8,Kaelan1,Kaelen1,Kaeln1,Kaemon1,Kaen1,Kaesen2,Kage1,Kahden11,Kai1,Kaidan5,Kaiden1,Kaidyn1,Kaigh1,Kail1,Kailen1,Kailin2,Kain2,Kaine1,Kal1,Kalan17,Kale14,Kaleb1,Kaleel5,Kalen1,Kalev1,Kalib#,Baby Boy Names1,Kalil1,Kalin1,Kalis1,Kalkeydan1,Kallen2,Kalob1,Kalten1,Kalum3,Kalvin1,Kam4,Kameron4,Kamil9,Kane1,Kanen1,Kanoa1,Karamveer2,Karan1,Karanveer3,Karanvir1,Kareem1,Kareem-Hamdon1,Karim6,Karl1,Karman1,Karmpreet1,Karmvir1,Karnjot7,Karson2,Karsten1,Karter1,Kartik3,Kasey1,Kashius1,Kashtin4,Kashton1,Kashtyn1,Kason1,Kaspar1,Kasyn1,Kato2,Kavan1,Kaven1,Kayak2,Kayde13,Kayden1,Kaydin1,Kaydn2,Kayl1,Kayle#,Baby Boy Names2,Kayleb1,Kaylem1,Kaylin1,Kaylon1,Kaylum1,Kayne1,Kaysen1,Kayson1,Kaythen1,Kaz1,Kazimier2,KC6,Keagan2,Keaghan1,Keanan1,Keane1,Keanin4,Keanu1,Keanue1,Kearen1,Keaten24,Keaton1,Keatz2,Keefe1,Keefer39,Keegan1,Keegon4,Keelan22,Keenan1,Keenen1,Keeran1,Keerat1,Keeron2,Kees1,Keeshon1,Keestin1,Keeven1,Kegan1,Kehew1,Kehler1,Keifer1,Keillon1,Kein2,Keir4,Keiran1,Keishon14,Keith1,Keiver1,Kelan#,Baby Boy Names2,Kelby1,Kelesia1,Kell1,Kellan3,Kellen1,Kelleo1,Kelley1,Kellin4,Kelly4,Kelsey2,Kelson6,Kelton11,Kelvin1,Ken1,Kenaan1,Kendel2,Kendrick1,Kenith1,Kennady1,Kennedey3,Kennedy22,Kenneth4,Kenny4,Kent6,Kenton1,Kenyon1,Kenzel1,Kenzie1,Keon2,Kerry1,Kesean1,Keshaun1,Kesley2,Keston1,Kevan66,Kevin1,Kevinpreet1,Kevon1,Keyano1,Keydren1,Keyshaun2,Keyshawn1,Keyton1,Khail1,Khaleb4,Khaled4,Khalid1,Khalil-Omar1,Khaymen#,Baby Boy Names1,Kheilan1,Khiem4,Kian1,Kiano2,Kiefer1,Kienan35,Kieran1,Kiernan1,Kieron1,Kieryan1,Kievan1,Kilian3,Killian1,Kimball1,Kimiwan1,King2,Kingsley1,Kingston1,Kinh1,Kinnon1,Kipling2,Kiran2,Kirby8,Kirk1,Kirkland1,Kirsch1,Kissan3,Klayton1,Knight1,Knolan1,Koadi14,Kobe1,Kobey2,Koby1,Kodiak1,Kodie14,Kody1,Koedan2,Kohl1,Kohlton1,Koho1,Kolan2,Kolbie3,Kolby6,Kole1,Koletrane1,Kolleter1,Kollin1,Koltan#,Baby Boy Names1,Kolten10,Kolton2,Komaljit1,Konnar1,Konner4,Konnor1,Konor6,Konrad1,Konur1,Kooper2,Korbin2,Korbyn1,Kordic3,Kory1,Kourt1,Kovas1,Kowan1,Kraig1,Krandkle1,Krevon2,Krishna9,Kristian1,Kristifer2,Kristin1,Kristjan1,Kristjen2,Kristofer1,Kristoffer8,Kristopher1,Kros2,Kruz2,Krystian1,Krystopher1,Kueth2,Kuljit1,Kulshan1,Kulsharan1,Kunal8,Kurt9,Kurtis1,Kush1,Kushagr1,Kwesi1,Ky1,Kyall3,Kye5,Kylan2,Kylar207,Kyle#,Baby Boy Names1,Kylen17,Kyler1,Kyley1,Kynder1,Kyrell1,Kyser1,L.T.3,Lachlan3,Laine1,Lake2,Lakota1,Lakvir1,Lamurrial9,Lance2,Landen28,Landon1,Landyn24,Lane1,Langdon1,Lanny1,Laquan1,Laron1,Larron3,Larry1,Lathan1,Lathaniel1,Latrelle1,Laurence1,Laurent1,Lawrance5,Lawrence1,Lawson1,Lawton14,Layne4,Layton1,Lazar1,Lazare1,Lazarus1,Leander10,Lee1,Leeroy1,Legend3,Leif1,Leigh1,Leighten4,Leighton2,Leland1,LeLand1,L'emir#,Baby Boy Names1,Lennon1,Lennox5,Leo3,Leon4,Leonard2,Leonardo1,Leron1,Leroy1,Leshaun4,Leslie1,Leto1,Leul1,Lev1,Leven1,Levente58,Levi2,Levon4,Lewis1,Leyson157,Liam1,Liban1,Lief4,Lincoln3,Linden1,Lindon1,Lingo1,Linken1,Linus1,Lionel3,Lloyd4,Lochlan1,Lockhart131,Logan1,Logen2,London1,Lorenz2,Lorenzo3,Lorne1,Lou1,Louai1,LoughLann7,Louis1,Lourg2,Lovell6,Luc3,Luca78,Lucas1,Lucian1,Lucius#,Baby Boy Names1,Luckas1,Lucky2,Lucus1,Luis3,Luka17,Lukas71,Luke1,Lukman-Ahmed-Khan2,Lukus1,Luther1,Luvnit4,Lyle1,Lyman2,Lynden9,Lyndon1,Mac1,Macalister2,Macallister1,Maceo1,Macgregor37,Mackenzie7,MacKenzie1,Mackinley1,MacLachlan3,Maclean1,Macwan2,Madison1,Magai1,Magnum5,Magnus1,Mahaan1,Mahammad1,Mahekun1,Maher1,Mahleek1,Mahmoud1,Mai1,Majd2,Majed1,Majid1,Majkl1,Makaiah2,Malachi1,Malak7,Malcolm1,Maleek3,Malek1,Malik1,Malique#,Baby Boy Names1,Malyk1,Manas1,Mandeep1,Mandla1,Manik3,Manjot1,Manny1,Manov1,Manpreet3,Manraj1,Manroz2,Manuel2,Manveer1,Manvinder2,Manvir1,Manyiel15,Marc4,Marcel3,Marcello15,Marco40,Marcus2,Marek1,Mari1,Mariano3,Mario44,Mark7,Marko9,Markus1,Marlin2,Marlon1,Marshal14,Marshall1,Marshel2,Marshell1,Martien10,Martin1,Martyn3,Marvin1,Marwan43,Mason1,Mason-O'Neil1,Massimo1,Mat1,Mate3,Mateo1,Mateusz1,Matheson40,Mathew1,Mathias#,Baby Boy Names6,Mathieu1,Mathiew1,Matias1,Matrix1,Matson5,Matt9,Matteo360,Matthew2,Matthias2,Matthieu1,Matthiew3,Mattias1,Mattios2,Maverick1,Mavrick1,Mavriki1,Mawien13,Max5,Maxim6,Maxime6,Maximilian3,Maximillian1,Maximillien1,Maxmillian39,Maxwell1,Maxx1,Maycen1,McCoy1,McGuire2,McKay4,McKenzie1,McKinnon1,Mckoy1,McKyle1,McLaren1,McQuade1,McRae1,Mehtab1,Meir1,Mel1,Melbin1,Melik5,Melvin2,Merek1,Merrick1,Mias7,Micah1,Micha202,Michael#,Baby Boy Names1,Michal1,Michao30,Micheal1,Micheal-Gabriel1,Mich'el1,Michele3,Miguel1,Mihaly1,Mikael2,Mike1,Mikel2,Mikhail1,Mikyler4,Milan5,Miles1,Milo2,Milos1,Milton1,Ming1,Miqeal1,Mitch7,Mitchel79,Mitchell1,Mitchelle5,Mohamad1,Mohamd18,Mohamed5,Mohammad7,Mohammed1,Mohit1,Mohitdeep1,Mohkom1,Mohmoud1,Moises1,Moisey1,Moizzuddin1,Molsen2,Montana1,Monte1,Montey2,Montgomery2,Monty32,Morgan1,Morgen1,Morning1,Morningstar4,Moses1,Mossab1,Mouhamad#,Baby Boy Names1,Mourad1,Mourtar1,Moussa1,Moustafa1,Muambayi1,Mubbshar8,Muhammad1,Mujeeb-Ulhaq1,Mujetaba1,Murad2,Murray1,Murtaza1,Muskwa1,Musstafah2,Mustafa2,Mustapha1,Mylen11,Myles1,Mynn2,Nabil1,Nadeem1,Nader1,Nadiem1,Nadir1,Nadr1,Nagib1,Nahome1,Najeeb2,Najib1,Nakota1,Nale1,Nalin1,Nanak1,Naoto1,Narinder4,Nash2,Nate148,Nathan2,Nathanael4,Nathanial45,Nathaniel1,Nathanual1,Nathanuel3,Nathen1,Nathon1,Natnael2,Navdeep1,Naveen1,Navinesh#,Baby Boy Names2,Navjot1,Navneet1,Navpreet1,Navras1,Nawaf1,Nectarios2,Ned1,Neel1,Neelman1,Nehemiah10,Neil1,Neilzon7,Nelson1,Nemanja2,Nevada1,Nevin1,Nevinder1,Ngai1,Ngawang1,Nguyen2,Niall1,Nichalas261,Nicholas1,Nicholas-Luke1,Nicholas-Rea4,Nick3,Nicklas1,Nicklaus14,Nickolas1,Nickolaus1,Nicky1,Nico1,Nicodemus2,Nicolaas1,Nicolai33,Nicolas10,Nigel1,Nii1,Nikalas2,Nikhil1,Nikida1,Nikita1,Niklas2,Niko2,Nikola1,Nikolaas4,Nikolai20,Nikolas1,Nikolay#,Baby Boy Names1,Nikoli1,Niles1,Nils1,Nimkees1,Nirvar1,Nishant1,Nishaylan1,Nithish1,Nitish1,Nizar1,Noa159,Noah8,Noel1,Noelan56,Nolan1,Nolandeep1,Nole1,Nomar1,Nonda1,Norberto2,Norman1,North1,Nouruddeen1,Nuno1,Obada1,Obadah-Abedelrahim1,Obeda1,O'Brien1,Ocean1,Odayh1,Odde1,Odhin1,Odhinn1,Olaitan5,Oliver2,Olivier1,Olliett1,Olwill15,Omar1,Omarr1,Omega1,Omer1,Omotomiwa1,Omran1,Onkar1,Onyango1,Oren1,Oreofeoluwa1,Orin#,Baby Boy Names1,Orion1,Orlando1,Orton3,Osama1,Osamma4,Oscar1,O'Shea1,Osiris2,Osman1,Osmond1,Ossian1,Oswald1,Otto1,Ousman1,Ousten62,Owen1,Ozzy1,Pablo1,Pacey1,Padraic1,Paige1,Palpreet2,Panayiotis2,Pancho1,Papa-Ollennu1,Parbhat2,Pardeep43,Parker2,Parry1,Parth1,Pascal1,Paszolo1,Paton3,Patric43,Patrick32,Paul1,Paulo1,Paulson2,Pavel1,Pawandeep1,Paxton1,Payden1,Payne10,Payton1,Pedro1,Peiton1,Percy1,Pericles1,Perkash#,Baby Boy Names3,Perrin1,Perry50,Peter1,Peter-Joe1,Petr1,Petro5,Peyton1,Pheonix1,Philemon12,Philip13,Phillip2,Phoenix1,Phong7,Pierce2,Pierre1,Pierson2,Pieter1,Piita2,Piotr1,Pittia1,Prabhav2,Prabhdeep1,Prabhjit1,Prabhjyot1,Prabjeet1,Prazz1,Preetinder1,Preetjot1,Presley18,Preston1,Prince1,Puneet2,Quade3,Quaid4,Quentin1,Qui1,Quin1,Quincy1,Quinlan1,Quinlin36,Quinn1,Quinnlan6,Quinten8,Quintin9,Quinton1,Quintyn1,Radaypuk1,Radley1,Radomir#,Baby Boy Names1,Radwan1,Raeden2,Rafael1,Rafal1,Ragur1,Raheem4,Rahul1,Raidan1,Raihan1,Raimond3,Raine1,Rajbinder1,Rajvir1,Rakan1,Rakeen2,Ralph1,Ramanjot1,Rambo1,Rame1,Rameses2,Rami1,Ramsay2,Ramsey1,Ramzey1,Randal6,Randall1,Randi1,Randie1,Randon13,Randy1,Randyn1,Ranslee1,Ranyodh2,Raphael1,Rashad1,Rasheed1,Rashid1,Ratanvir1,Raul3,Raven2,Ravi1,Ravindra1,Ravjodh1,Ravneil1,Ravraj2,Ray2,Rayan3,Rayden1,Rayff#,Baby Boy Names1,Raymar15,Raymond1,Raynaldo1,Raynard1,Rayne1,Rayno1,Reagan1,Real1,Reason18,Reece1,Reecze12,Reed17,Reese4,Reeve1,Regal1,Regan2,Reginald1,Rehan2,Reice16,Reid1,Reider2,Reiley5,Reilly1,Rein1,Reinald1,Reinhold1,Reis1,Remi2,Remington1,Remus4,Rene1,Renny1,Reno1,Rethwan1,Reuben1,Rex1,Reyn1,Rheon10,Rhett15,Rhys2,Rhyse1,Rhyss1,Riad1,Rian1,Riaz1,Ribben3,Ricardo2,Riccardo1,Ricco#,Baby Boy Names41,Richard1,Richie1,Richmond1,Richter3,Rick5,Ricky1,Ricky-Clint1,Ricky-Joe2,Rico2,Ridge2,Rielly1,Riese1,Rigel1,Rijel134,Riley1,Riminder1,Rio2,Rishi9,River1,Rizan1,Roam1,Roan1,Roba3,Robbie76,Robert4,Roberto1,Robert-Paul7,Robin1,Robson1,Rocco1,Rock1,Rocky1,Roddy1,Roderick1,Rodger5,Rodney1,Rodvern1,Rofi4,Roger4,Rohan1,Rohit3,Roland1,Rollyn1,Rolston8,Roman1,Romeo6,Ronald2,Ronan1,Ronin#,Baby Boy Names1,Ronnen1,Ronnie1,Rookie6,Rory1,Roscoe11,Ross1,Rourke1,Rovanjeet4,Rowan1,Rowen2,Roy2,Royce1,Royden1,Ruach1,Ruchir1,Rudolph3,Rudy2,Russel9,Russell1,Ru-Yi244,Ryan2,Ryden7,Ryder1,Ryelee1,Ryeley1,Ryely1,Ryer3,Ryker1,Ryker-Leonard21,Rylan8,Ryland10,Rylee4,Rylen1,Ryler22,Ryley1,Rylie1,Rylly1,Rylund3,Saad1,Saahir1,Saa-Kwame1,Sabastian2,Sacha1,Sachairi1,Sadee9,Sage1,Sahib1,Sahibzada2,Sahil#,Baby Boy Names1,Sahir2,Said2,Saif2,Sajan1,Saje1,Sakr1,Salah2,Saleem1,Saleh2,Salem1,Salim1,Salloum2,Salman1,Salvin8,Sam1,Sameeh1,Samer2,Sami4,Samir3,Sammy5,Samson1,Samual122,Samuel1,Sandro1,Sanidhya1,Sanish1,Sanjeev1,Santana1,Santo1,Sarath1,Sarjoon1,Sarmad1,Sarthak1,Sary1,Satchel1,Satnam5,Saul1,Savipal1,Savraj3,Sawyer1,Sayer1,Sayidali1,Scot52,Scott1,Seamas2,Seamus59,Sean1,Sean-Michael22,Sebastian#,Baby Boy Names4,Sebastien1,Seena1,Seerath1,Seiver1,Senan1,Seneca1,Sergei4,Sergio59,Seth1,Seung-Young1,Sevrin1,Sewell1,Sewoong1,Shadi1,Shadman1,Shadrach1,Shadyn3,Shae1,Shahid1,Shahil1,Shahtaj2,Shahzaib1,Shakeel2,Shakil1,Shamir1,Shamsher1,Shamus17,Shane1,Shannon1,Shariff1,Sharnjeet11,Shaun34,Shawn2,Shay1,Shayaan2,Shayde3,Shayden6,Shaye1,Shaylund13,Shayne5,Shea1,Shea-Brandon2,Shelby25,Sheldon1,Shemar1,Sheridan1,Shervin1,Sheydon1,Shi-Hao#,Baby Boy Names1,Shilo1,Shirwa1,Shivam1,Shivankar1,Shivdullar2,Shivneel1,Shloima1,Shmuel1,Shohil1,Shrey1,Shylo1,Shyne1,Shyowa1,Siddharth1,Sidharth5,Sidney1,Siegfried1,Sil4,Silas1,Silver1,Simardeep1,Simeon20,Simon1,Simran1,Sirtaj1,Siu2,Skiler16,Skylar1,Skylen17,Skyler1,Slade1,Slaven1,Sloan1,Sloane1,Smith1,Solomon1,Son4,Sonny1,Soo-Been4,Soren1,Spain1,Spence83,Spencer1,Spenser1,Sphencer1,Stan4,Stanley1,Stanton3,Steele#,Baby Boy Names11,Stefan1,Stefano1,Steffan2,Stephan26,Stephen4,Sterling2,Stevan61,Steven1,Steven-Lee2,Stewart1,Stone1,Storey2,Storm1,Stran8,Stuart1,Suhaib1,Suhrab1,Sukhbir2,Sukhman1,Sukhmanav1,Sukhmeet2,Sukhpreet1,Sukhpuneet1,Sukhraj1,Sukhveer1,Sulaiman1,Sullivan1,Sultan1,Sumanth1,Sumeet1,Sumiran1,Summit1,Sumnit1,Sundance1,Suneel1,Sunjot1,Suraj1,Suthearath1,Sutherland1,Sutter1,Suvo1,Sword2,Sydney1,Syed1,Sylace2,Sylas1,Sylvan1,Sylvester1,Symon#,Baby Boy Names1,Szymon1,Taciah1,Tadde1,Tadiwanashe1,Tae1,Taevis1,Taggert1,Tahir1,Tahj1,Tahmid1,Tai1,Tairas1,Taishi3,Tait1,Taiten1,Taitom1,Taku1,Tal2,Talen4,Talon1,Tameen1,Tamir1,Taner1,Tanith68,Tanner1,Tannyn1,Tanvir1,Tao2,Taran1,Taras1,Tareck6,Tarek2,Taren2,Tarik2,Tariq1,Tarn1,Taro2,Taron1,Tarrace1,Tarren1,Tarrin1,Tassvar10,Tate1,Tatum1,Tavan1,Taven4,Tavis1,Taydon2,Tayen#,Baby Boy Names1,Taygen1,Taylar4,Tayler1,Taylin68,Taylor1,Taytem1,Tayton1,Tayven1,Tayz1,Tazmen1,Tazzmaine5,Teagan1,Teagen1,Teague1,Teagun1,Tealyn2,Ted1,Teddy1,Tee3,Teegan1,Teejay1,Tee-Jay4,Tegan1,Tegin1,Tegwyn1,Tehgann1,Teigan1,Teigen1,Teigyn1,Tejay1,Tejvir1,Teo1,Terell2,Teren6,Terence5,Terran4,Terrance4,Terrell1,Terrence1,Terris1,Terry2,Terryl1,Tevaugn1,Tevin1,Thachery1,Thaiar1,Thair1,Thaiye1,Thaler#,Baby Boy Names1,Thames2,Thane1,Thanh1,Tharidu1,Thaviro1,Thayne2,The1,Theadore2,Theo4,Theodore1,Theoran1,Theoren1,Theorn2,Theron1,Theryn1,Theunis1,Thibaut1,Thien-An1,Thieu137,Thomas1,Thong1,Thor1,Thunder1,Thyme1,Tiago1,Tian1,Tiberius1,Tie2,Tiegan1,Tiegen1,Tien1,Tieren1,Tiger1,Tighe1,Tim1,Timi1,Timon34,Timothy1,Tindy3,Titus2,Tobias1,Tobin1,Toby8,Todd1,Tolga1,Tolulope4,Tom6,Tomas1,Tomer#,Baby Boy Names7,Tommy1,Tonki7,Tony1,Toren2,Torin1,Torrin1,Tosh1,Tovin1,Trace1,Tracy3,Trae1,Traiye1,Traven43,Travis1,Tray1,Trayden1,Traye2,Trayton4,Tre1,Trenan1,Trennon13,Trent2,Trenten3,Trentin7,Trenton1,Trentyn1,Trestine1,Treston1,Treven19,Trevor21,Trey1,Treyson2,Treyton1,Trey-Zain1,Trez1,Tristain76,Tristan27,Tristen5,Tristian11,Tristin2,Triston2,Tristyn2,Triton15,Troy1,T-Roy3,Trung1,Truong1,Trydel1,Tryone#,Baby Boy Names1,Tryrese3,Trystan2,Tryston3,Tucker1,Tully1,Tural2,Turner1,Tustan60,Ty1,Tyberius1,Tyce6,Tye1,Tylar2,Tylen266,Tyler1,Tyller6,Tylor1,Tylus1,Tymoteusz1,Tyr2,Tyran2,Tyree1,Tyreece1,Tyreek1,Tyrees1,Tyreese5,Tyrel18,Tyrell3,Tyren7,Tyrese1,Tyrik2,Tyrin1,Tyriq1,Tyron11,Tyrone1,Tyrrell4,Tyrus2,Tysen77,Tyson1,Tysonn1,Tyvan1,Tyver1,Udham1,Umair1,Umar1,Uriah1,Usama1,Usamah1,Vaibhav#,Baby Boy Names1,Val2,Valentino1,Vasilios1,Vaskor2,Vaughan5,Vaughn1,Venedict2,Vernon17,Victor1,Vikram2,Vikramjit1,Viktor-Ivan1,Viktors1,Vince1,Vincen30,Vincent1,Vincenzo1,Vinnidict1,Vishal1,Vishaljot1,Vivek1,Vladimir1,Vuitton1,Vuk2,Vy1,Waail1,Wa'ays1,Wacey1,Wacy14,Wade1,Wahrmun1,Wal2,Waleed2,Walid7,Walker1,Walking1,Wallace4,Walter1,Walter-Allan1,Wanekia1,Waqar6,Warren1,Waseem1,Wasseem1,Waycee1,Wayde1,Waylon5,Wayne1,Wayson#,Baby Boy Names1,Welat1,Wes16,Wesley1,Wesly1,Westin2,Weston1,Whyat1,Wilber1,Wilbur1,Wilfred1,Wilfredo5,Will1,Willam5,Willem148,William1,Willis1,Wilmer5,Wilson1,Wing4,Winston1,Wolf1,Wolfgang1,Wranell1,Wren1,Wyat55,Wyatt2,Wylee3,Wylie1,Wynston4,Xander11,Xavier1,Xayne1,Xenn1,Xiathane1,Yaldar1,Yanos1,Yash2,1,Yassin1,Yat2,Yauheni1,Yehia1,Yehoshoa1,Yi1,Yibel1,Ymer1,Yom1,Yonadav1,Yonah#,Baby Boy Names1,Younis2,Yousif1,Youssef1,Yuki1,Yukio1,Yuksel2,Yun-Cong1,Yusuf2,Zaarek1,Zacary1,Zacchary1,Zach5,Zachari197,Zachariah14,Zachary1,Zachery4,Zachiary1,Zack15,Zackariah1,Zackary7,Zackerie1,Zackery1,Zackhery2,Zade2,Zafir1,Zaid1,Zain1,Zain-Ul-Abedin1,Zakarea1,Zakari1,Zakaria1,Zakariah1,Zakarriya1,Zakary2,Zakery1,Zakhary1,Zakie1,Zakir1,Zakkary1,Zamaan2,Zamir2,Zana9,Zander1,Zane1,Zane-Lee2,Zared1,Zarek1,Zayd1,Zayn#,Baby Boy Names1,Zayne1,Ze1,Zebulin1,Zechariah2,Zeeshan1,Zeke1,Zephaniah1,Zeshan2,Zeyad2,Ziad1,Zion1,Zoey1,Zohab1,Zolton1,Zulfiqar1,Zuraiz"Freq uency",Zwelakhe