Baby Boy Names Registered in 2001                       A,GOVERNMENT  SERVICES,#,Boy  Names 1,A1,Aadam1,Aadharsh1,Aamar1,Aamish1,Aamon1,Aariyan68,Aaron1,Aaron-Gabriel1,Aatish1,Abas1,Abbas2,Abd1,Abdallah1,Abdelrahman1,Abdiel1,Abdimalik1,Abdirahman1,Abdu2,Abdul1,Abdulahi1,Abdul-Hadi3,Abdullah1,Abdullaha2,Abdulrahman1,Abdulsajad1,Abdulwahid1,Abdulweli1,Abdurrahim3,Abe2,Abel2,Abid1,Abner5,Abraham1,Abraham-Earl6,Abram1,Abubakr1,Ace1,Achier137,Adam1,Adamo1,Addam8,Addison1,Adeeb1,Adeen1,Adeev1,Adem1,Ademola10,Aden1,Aden-Lee2,Adham1,Adhurim1,Adi#,Boy  Names 1,Adib1,Adil1,Adjrian3,Adnan1,Adolf1,Adoli1,Adonia1,Adonis20,Adrian1,Adrian-John1,Adriano1,Adrianus4,Adrien2,Adyn1,Aedan2,Aeden1,Aedon1,Ahadullah1,Ahlester9,Ahmad10,Ahmed1,Ahtsham109,Aidan36,Aiden1,Aiden-Rai1,Aiden-Tyne1,Aidon1,Aidyn1,Aiman1,Airk1,Airrick1,Airson1,Aizad1,Ajapjot1,Ajay1,Ajaypa1,Ajdin1,Ajo1,Akam1,Akampal2,Akash1,Akashdeep1,Akilan1,Akira2,Akram1,Al1,Aladin1,Alain1,Alaister1,Alambir6,Alan1,Alaric1,Alastair#,Boy  Names 1,Albasan12,Albert1,Alden7,Alec1,Alecs1,Alecxander1,Aleczander1,Aleiandro2,Alek2,Aleksander2,Alessandro43,Alex2,Alexandar182,Alexander1,A'Lex'ander9,Alexandre2,Alexandros2,Alexei1,Alexhander2,Alexis1,Alexzander3,Alfred1,Al-Haitham29,Ali1,Alicson1,Alijah1,Alim1,Alissa2,Alister1,Aliuddin1,Alixander10,Allan3,Allen1,Allias1,Alonzo1,Alric1,Alton1,Alula6,Alvin1,Alvis1,Aly1,Alyk1,Alymohamed1,Aly-Solomone1,Amaan1,Amadou1,Amair4,Aman1,Amar1,Amardip1,Amarvir2,Ambrose1,Ameen#,Boy  Names 1,Amer3,Amin1,Amir3,Ammon2,Amol2,Amr1,Amrinder3,Anakin1,Ânakin1,Anal1,Anand1,Ananth2,Andersen1,Anderson1,Andre2,André4,Andreas1,Andrei1,Andrej3,Andrés128,Andrew1,Andrew-Adham1,Andrew-Sukhoon2,Andrey1,Andrik1,Andriy18,Andy1,Aneese1,Anferny4,Angad1,Angel5,Angelo5,Angus1,Anh1,Aniano3,Anil1,Aninda1,Anjo1,Anmol1,Anoop1,Ansin7,Anson1,Antheius1,Anthem1,Anthoni83,Anthony2,Antoine8,Anton2,Antoni14,Antonio1,Antony1,Apollo1,Apolo1,Aqil#,Boy  Names 1,Aran1,Arash1,Arashdeep1,Arashdip2,Araz1,Arcturus1,Arden1,Ardewan1,Ardy1,Areeb2,Ari1,Arian1,Arib2,Aric1,Arick1,Arie2,Ariel1,Arif1,Aristotle1,Arjun1,Arlin6,Armaan2,Arman2,Armand2,Armando1,Armen1,Armick1,Armon5,Arnold1,Aron1,Arrie1,Arsh1,Arshaan1,Arshpreet1,Arshroop1,Arshvir3,Arthur2,Arvin1,Arya2,Aryan1,Asa1,Asem1,Ashan1,Ashdon2,Asher1,Ashley1,Ashtar1,Ashten33,Ashton3,Ashtyn1,Ashwin1,Asthyn1,Aston1,Ata#,Boy  Names 1,Athan1,Athanasios1,Athar1,A'tien1,Atlantic1,Atlas1,Atlen1,Aubrey2,August1,Augustus1,Aurie1,Aury1,Ausem4,Austan1,Austen170,Austin1,Austin-James1,Austin-Noal3,Austyn1,Aven18,Avery1,Avishay1,Avneet1,Avram4,Axel1,Axile18,Ayden3,Aydin1,Aylmer1,Ayman1,Ayoub1,Ayrison2,Ayrton1,Aza1,Azaan1,Azan2,Aziz1,Ba15,Bailey1,Baily1,Balkaran1,Balnoor1,Balraj1,Baltazar1,Baraa1,Baran1,Barkrar1,Barnabas2,Barret1,Barrett3,Barry1,Bartek1,Baruch2,Bashir#,Boy  Names 1,Basil2,Bassam1,Baxter1,Bayad1,Baylee-Winter2,Bayley1,Bayly1,Bean5,Beau1,Beck1,Beckham1,Beecher1,Behnjamin1,BehrHard1,Belail5,Belal8,Ben1,Benedict181,Benjamin1,Benjamine1,Benjamin-James1,Benjamin-Stephen1,Benn9,Bennett1,Bennie1,Bennjamin1,Benno2,Benny1,Benoit1,Benoît6,Benson3,Benton1,Berg1,Bergen3,Bernard1,Bernhard1,Bernherd1,Bert1,Beynon1,Bhavanveer1,Biach1,Bijar5,Bilal1,Bilal-Bassam1,Bill8,Billy1,Billy-Jo1,Binyomin1,BJ1,Bjorn1,Björn3,Blade1,Blain3,Blaine#,Boy  Names 7,Blair5,Blaise56,Blake1,Blakelee1,Blane1,Blayden1,Blaydon1,Blayze4,Blaze2,Bo2,Boaz2,Bobby1,Bodee1,Bogdan1,Bohun1,Bokru3,Boris1,Bosco1,Boss2,Bowen1,Bowin4,Boyd1,Boyevin3,Brad47,Braden1,Bradford39,Bradley1,BRadley1,Bradly5,Bradon1,Bradshaw39,Brady8,Bradyn1,Brae1,Braedan31,Braeden7,Braedon1,Braedyn12,Braiden1,Braidie1,Braidiey1,Braidon1,Bramm1,Brandan11,Branden2,Brandin1,Brandis150,Brandon1,Brandon-Lee11,Brandt4,Brandyn1,Brannen1,Brano1,Branson#,Boy  Names 2,Brant1,Brantley4,Braxton84,Brayden23,Braydon1,Braylan1,Brayson1,Brekan51,Brendan19,Brenden2,Brendin8,Brendon1,Brendt20,Brennan1,Brenndan10,Brennen7,Brent1,Brenton4,Bret2,Breton45,Brett2,Bretton28,Brian2,Brice3,Bridger1,Brigham2,Brighton1,Brisan1,Brishna1,Britt2,Britton1,Broc18,Brock3,Broden1,Broderick1,Brodevick2,Brodey1,Brodi14,Brodie42,Brody1,Brogan1,Broghan1,Brolin1,Bronsen1,Brontay1,Brooklyn7,Bruce2,Bruno13,Bryan4,Bryant43,Bryce3,Brycen1,Brydan6,Bryden#,Boy  Names 1,Brydon1,Brylar4,Bryn1,Brysco6,Bryson1,Burak1,Burk2,Burke1,Buzz6,Byron1,Cabe4,Cache1,Cachius7,Cade14,Caden2,Cadence1,Caeden1,Caedon1,Cael4,Caelan1,Caelen1,Caelum5,Caiden1,Cailean1,Caileb1,Cailin2,Cain1,Caine1,Caje1,Caladin4,Calder1,Caldyn18,Cale90,Caleb1,Calem1,Calen2,Calin1,Callen1,Callin14,Callum10,Calum13,Calvin1,Camaron2,Camden1,Camero98,Cameron3,Campbell1,Camron7,Carl2,Carlin1,Carlo10,Carlos1,Carlton1,Carmine#,Boy  Names 5,Carsen98,Carson1,Cartar124,Carter1,Cartmen1,Carum1,Carver1,Cary11,Casey3,Cason1,Cass1,Cassiel1,Casson1,Cat lin1,Caulder1,Caven1,Cayde8,Cayden1,Cayl1,Cayle1,Cayleb1,Caylem1,Caylen1,Cayne1,Caysen1,Cayson1,Caz1,Cedar1,Cédric1,Cedrick1,Cedric-Lee1,Ceejay1,Cees1,Ceilheb1,Cesar1,Cesare3,Chace21,Chad1,Chahet1,Chaiden24,Chance1,Chancelor1,Chancillor1,Chandan5,Chandler2,Chanse1,Chao23,Charles3,Charlie2,Chas63,Chase1,Chaseon1,Chasm1,Chay#,Boy  Names 4,Chayce1,Chaydon2,Chayton1,Chaz1,Chazdynn1,Che1,Chesley2,Chester1,Chet2,Chetan1,Cheuk1,Chevy2,Chi6,Chris1,Christen1,Christiaan-Gerard61,Christian1,Christiano1,Christien1,Christofer119,Christopher1,Christopher-John1,Christopher-Marc1,Christorm1,Chuk1,Chukwudozie1,Chun-Ket1,Chuong3,Cian1,Ciprian1,CJ1,Clancy1,Clanton1,Clarence3,Clark1,Claus6,Clay1,Clayne16,Clayton1,Cleary1,Cliffton1,Clifton1,Clint1,Clinton1,Clive1,Clode1,Clyde1,Coady1,Coal2,Cobey1,Cobie3,Coby2,Codie97,Cody#,Boy  Names 1,Coel7,Cohen1,Cohlten1,Colbey95,Colby1,Colby-James1,Colby-Nicholas162,Cole2,Coleman1,Coletan3,Coleton22,Colin6,Collin1,Colm1,Colson1,Colt1,Coltan18,Colten2,Colter4,Coltin63,Colton2,Colwyn1,Colyn1,Coman1,Compton1,Coner1,Connall1,Connell11,Conner3,Connery1,Connis136,Connor5,Conor8,Conrad1,Conroy21,Cooper4,Corban2,Corben22,Corbin1,Cordel5,Cordell5,Corey1,Corlin2,Cormac1,Cormae5,Cornelius1,Corny1,Corrigan1,Corson3,Cort1,Corwin1,Corwyn10,Cory1,Cosy#,Boy  Names 1,Cota1,Coty1,Coulson1,Courage1,Cowen1,Coy9,Craig1,Craigan1,Cree1,Creed1,Creedan1,Creedin1,Creedyn1,Creelene4,Cristian3,Cruz1,Crúz1,Cuba1,Cuinn1,Curran19,Curtis1,Cutler1,Cyler1,Cynan1,Cypp1,Cyril3,Cyrus1,Cyruss2,Dace1,Dade1,Dadeyn1,Dadon1,Daeden2,Daegan1,Daemeain1,Daemian1,Daemon1,Daenen1,Daevvad2,Dagan1,Dagen2,Dagon1,Daichi1,Dainnon1,Daityn1,Dakkota-Justice-Glenn2,Dakoda36,Dakota1,Dakotá5,Dale3,Dalen1,Dalin1,Dallan26,Dallas#,Boy  Names 1,Dallen1,Dallyn1,Dallys1,Dalten25,Dalton1,Dalyn2,Damen3,Dameon13,Damian14,Damien1,Damien-Lestat4,Damion1,Damjan10,Damon1,Damyon1,Dan6,Dane1,Danen2,D'angelo1,Danial132,Daniel1,Daniel-Cody1,Daniele1,Danik1,Danilo10,Danny7,Dante2,Danté1,Dante'1,Danvy1,Daran2,Darby1,Darcell1,Darcy20,Darian7,Darien1,Dario3,Darion15,Darius1,Darnel5,Darnell2,Darrell12,Darren1,Darrian2,Darrien2,Darrin1,Darrious5,Darryl1,Darshil1,Darson1,Darstan1,Darvin1,Darwaish1,Darwin#,Boy  Names 1,Darwyn3,Daryl2,Daryn1,Dason1,Dat1,Datton1,Daulton1,Dauntay2,Daunte1,Davan1,Dave1,Daven94,David1,Davide8,Davin12,Davis1,Davon1,Davyn2,Dawsen71,Dawson1,Dax1,Daxon1,Daxson1,Daxton2,Daylan1,Daylen6,Daylin2,Daylon1,Daymion1,Daymon5,Dayne1,Daynell1,Daynen1,Dayten12,Dayton1,Daytona1,De1,Dè3,Deacon1,Deakin9,Dean1,Deandre1,Decimus1,Decklyn16,Declan1,Deegan1,Deepak1,Defrim1,Dehl1,Dejan1,Dekker5,Deklan1,Deklin1,Del#,Boy  Names 1,Delane2,Delaney1,Delband1,Delbert1,Delray2,Delvin1,Demetrie1,Demetrio1,Demetriy3,Deng2,Denim1,Denis13,Dennis1,Dennon1,Denny-Ray3,Denton6,Denver2,Denzel1,Deon1,Deontay1,Deonte1,Dereck29,Derek2,Derick1,Derik4,Derrick1,Derrik1,Deryan2,Deshaun7,Desmond2,Destin1,Deston8,Devan5,Deven1,Deverell24,Devin1,Devlyn37,Devon1,Devontae1,Devron6,Devyn1,Dex6,Dexter1,Deyem1,Dezai2,Dezmond1,Dharamdeep1,Dhasan1,Dhiraj1,Diallo1,Diamon1,Diarmid1,Didorson3,Diedrich#,Boy  Names 8,Diego1,Dietrich1,Dildar1,Dilen7,Dillan21,Dillon2,Dimitri1,Dimitrios4,Dion1,Dionisi1,Dipesh1,Divyraj1,Dmitri1,Dolan2,Domenic2,Domenico1,Dominc25,Dominic7,Dominick7,Dominik5,Dominique1,Dominyk2,Domonic1,Domynic4,Don7,Donald6,Donavan1,Donavin1,Donny17,Donovan1,Donte1,Doran14,Dorian1,Dorin10,Douglas1,Douglin1,Do-Yoon1,Drace1,Dradon1,Drae19,Drake3,Draven1,Dravin1,Dravon1,Draydan4,Drayden1,Draydon1,DrayShanw1,Draytan5,Drayton1,Drayven1,Drayvon1,Dre2,Dreden#,Boy  Names 1,Drevan11,Drew3,Dreyden1,Dreyson3,Dryden1,Duane1,Dulé1,Dumit ru-George15,Duncan1,Dunedin1,Dupree1,Durai-Colton27,Dustin1,Dusty2,Dustyn2,Dwayne1,Dwight1,Dwyatt1,Dyeson189,Dylan1,Dylan-Claude1,Dyllan2,Dyllon3,Dylon1,Dymitri1,Dymon4,Dyson1,Dzenan1,Eaden1,Eagan1,Eamon1,Eamonn5,Earl1,Eason1,Eastin9,Easton1,Eathan1,Eayyan1,Ebrahim1,Edan1,Eddie1,Eddy1,Eden1,Edge1,Edison4,Edmond2,Edmun1,Edouard13,Edward3,Edwin1,Eidan1,Ekroop1,Elarry11,Eli#,Boy  Names 10,Elias25,Elijah1,Elijah-Rain1,Elijiah1,Elisha1,Ellio3,Elliot2,Elliott1,Ellis1,Ellmund2,Elmer1,Elon1,Elvis1,Elwood1,Emad5,Emanuel1,Emett1,Emil1,Émile1,Emilien1,Emilio1,Emily1,Emmanual3,Emmanuel5,Emmett1,Emmitt1,Endré1,Enrico1,Enrique1,Eoina1,Ephram101,Eric1,Éric3,Erich7,Erick26,Erik1,Erikki1,Erin1,Erling1,Ernest2,Ernie1,Eron1,Eros1,Erran1,Erwin1,Eryc1,Eryn1,Esa1,Esecs2,Eshan1,Essa1,Essien395,Ethan3,Ethen#,Boy  Names 1,Euan3,Eugene1,Eutene132,Evan1,Evandor3,Everett1,Evert1,Evin1,Evrett2,Evyn6,Ewan1,Ewen1,Eyzaah1,Ezekiel4,Ezra1,Faaris1,Fabian1,Fadi1,Fahd1,Fahren1,Fairen1,Faisal1,Faiz1,Faizan1,Faraj1,Fareed1,Fares1,Farhan1,Faris1,Farman1,Farzan1,Fawad1,Fazeel1,Fazion1,Felice1,Felipe5,Felix3,Félix1,Fergus1,Fernando1,Fieldy2,Filip1,Finlay3,Finley4,Finn1,Finnegan1,Fischer1,Fletcher2,Flynn1,F'Niko1,Ford3,Foster1,Fox1,Francarlo#,Boy  Names 1,Frances8,Francis2,Francisco3,Franco8,Frank2,Frankie2,Franklin1,Franz2,Fraser2,Frazer6,Frederick1,Fredericko1,Fredrick1,Freedom2,Friedrich1,Fritz1,Furious1,Furkan1,Fynn1,Gaberial1,Gabrial66,Gabriel1,Gaelen1,Gagandeep34,Gage3,Gaige1,Garen6,Gareth2,Garett1,Garin1,Garion1,Garner2,Garnet1,Garnett1,Garren4,Garret32,Garrett1,Garrick1,Garrin1,Garrison1,Garritt3,Garth1,Garvin5,Gary1,Garyn1,Gaurav32,Gavin1,Gavyn1,Gawen1,Gayton1,Gebran1,Geddes1,Gene1,Geno#,Boy  Names 2,Geoffery4,Geoffrey2,Geordie18,George1,Gerad1,Gerald1,Gerard1,Gerhard1,Gerhardus1,Gerik1,Gerome1,Gerrit1,Gerry1,Gershon1,Gervis1,Ghassan1,Ghullam1,Ghuyth1,Gia1,Giang1,Gianni3,Gibson3,Gideon1,Gierhardt1,Gilbert1,Gilliam1,Gioacchino2,Giovanni1,Giovanny1,Giulio1,Giuseppe2,Glen1,Glendon2,Glenn1,Glody1,Gonzalo5,Gordon1,Goy1,Gracen1,Graden5,Grady1,Gradyn1,Grae5,Graeme14,Graham1,Grandin10,Grant1,Gratham5,Grayden2,Graydon2,Graysen13,Grayson1,Gregorio25,Gregory#,Boy  Names 9,Greyson1,Grier2,Griffen13,Griffin2,Griffon2,Griffyn1,Guage2,Guerin1,Guile1,Gulrayze2,Gunnar1,Guranjan3,Gurdeep2,Gurdev1,Gurik1,Gurinder2,Gurkaran1,Gurlove1,Gurmaan3,Gurman1,Gurmehar1,Gurminder2,Gurnoor2,Gurpreet1,Gursajan1,Gurshan1,Gurveer1,Gurvir1,Guryodh3,Guy1,Gwydion1,Haashir1,Habeeb1,Habil1,Hackynen1,Haddin1,Hadeed1,Haden3,Hadi1,Hafeez1,Hai-An1,Haidan4,Haiden1,Haider1,Haidon1,Haile1,Hailey1,Haimol1,Halen1,Hameet3,Hamza1,Hamzah1,Hamzi2,Hani#,Boy  Names 1,Hannigan2,Hans1,Hanz1,Har1,Hardil1,Hargun1,Harinder2,Haris1,Harjaap1,Harjiwan3,Harjot1,Harkamal1,Harkirat1,Harlan4,Harley1,Harlyn1,Harmanbir1,Harmanjit1,Harmanpreet1,Harmantaj1,Harminder1,Harmon2,Harold1,Harpreet15,Harrison1,Harry1,Harsahaj1,Harshaan1,Harshabad1,Harshpreet1,Hart1,Hartej1,Harvey1,Harvir3,Hasan1,Hashem1,Hassain10,Hassan1,Hassin1,Hayato41,Hayden3,Haydon1,Haylen1,Haysyn1,Heanog2,Heath3,Hector1,Heiko6,Heinrich1,Heithen1,Helal2,Hendrik1,Henrik11,Henry#,Boy  Names 2,Herbert1,Hieron2,Hilton1,Himat1,Hiram4,Holden1,Holt2,Houston2,Howard1,Huahai2,Hubert13,Hudson1,Huessin3,Hugh1,Hugo2,Humza1,Hunain90,Hunter1,Hunter-Colby1,Husein1,Hussain1,Hussam2,Hussein2,Hussien1,Huu1,Huy2,Hyrum1,Hyson2,Iain35,Ian1,Ibraheem4,Ibrahim1,Ibsaa1,Ibssa1,Idris1,Igor1,Ihab1,Ijah1,Ike1,Ikjot1,Ilias1,Imaan1,Iman1,Immanuel1,Imran1,Indiana1,Indvir1,Indy1,Ira1,Irtaza1,Irteza2,Irvin47,Isaac1,Isaah#,Boy  Names 3,Isaak1,Isadore37,Isaiah1,Isaias2,Ishaan2,Ishan1,Is-Haq1,Ishmael6,Isiah1,Islam1,Ismail1,Isreal1,Issa6,Issac1,Issac-Alan7,Ivan1,Ivursyn1,Iyad1,Iyinoluwa1,Izaac4,Izaak1,Izach1,Izaiah1,Izak2,Izaya1,Izrael1,Izzudeen1,J.1,J.D1,Jabor13,Jace1,Jaceb1,Jacee1,Jacen1,Jacey93,Jack2,Jackie1,Jacksen79,Jackson1,Jacksyn2,Jacky240,Jacob1,Jacobb1,Jacobe1,Jacobi1,Jacques1,Jacubus2,Jad1,Jadan5,Jade48,Jaden11,Jadon5,Jadyn2,Jaeden#,Boy  Names 1,Jaedin1,Jaedon1,Jaeger1,Jaevon1,Jafferali4,Jager2,Jaggar1,Jagger2,Jagjot2,Jagr1,Jagvir2,Jaidan1,Jaideep7,Jaiden4,Jaidon1,Jairo1,Jairus1,Jaiveer1,Jakay40,Jake1,Jakeson1,Jakia2,Jakin39,Jakob1,Jakobee1,Jakobi1,Jakobus1,Jakson2,Jakub4,Jalen4,Jamal130,James1,James-Charles3,Jameson11,Jamie4,Jamieson1,Jamil1,Jamin1,Jamison1,Jan1,Janan1,Janson1,Jaramey1,Jardin81,Jared1,Jaremy3,Jaren1,Jaret1,Jareth2,Jarett1,Jarin1,Jarius1,Jarmel9,Jarod#,Boy  Names 2,Jarom7,Jaron4,Jarred1,Jarren3,Jarret9,Jarrett1,Jarrid1,Jarrob3,Jarrod1,Jarron1,Jarryd4,Jarvis2,Jaryd1,Jaryn1,Jasdeep1,Jase1,Jasen1,Jashan1,Jashandeep1,Jasjot6,Jaskaran1,Jaskarn1,Jasmail1,Jasmeet56,Jason1,Jasonjeet5,Jasper1,Jasraj1,Jastanian1,Jatin1,Javan2,Javen1,Javin1,Javon1,Javor1,Jawad2,Jax1,Jaxan1,Jaxen17,Jaxon2,Jaxsen9,Jaxson10,Jay6,Jayce3,Jaycob1,Jaydan1,Jayde1,Jaydeep107,Jayden1,Jayden-Lee1,Jaydin6,Jaydon1,Jayedon1,Jayin#,Boy  Names 1,Jaylen1,Jaylyn1,Jaymes1,Jaymian1,Jaysen4,Jayson1,Jayvin1,Jazer-Rod1,JD2,Jean1,Jean-Christian1,Jean-Michel1,Jean-Mornay1,Jean-Paul1,Jeán-Paul2,Jean-Philippe1,Jearney4,Jed1,Jedidiah1,Jeevan1,Jeff1,Jefferey1,Jefferson2,Jeffery1,Jeffrell22,Jeffrey1,Jeice1,Jens1,Jerad2,Jerald1,Jeramy1,Jeran1,Jeraquinn1,Jered3,Jeremia18,Jeremiah2,Jeremie1,Jérémie45,Jeremy1,Jeremy-Tyler1,Jeresy1,Jéric2,Jericho1,Jermaine2,Jerod6,Jerome1,Jerrell1,Jerremy1,Jerreth1,Jerric5,Jerry1,Jes1,Jeshaiah1,Jeshua#,Boy  Names 1,Jess54,Jesse1,Jessen1,Jesse-Rafael6,Jessie1,Jessy1,Jestin2,Jet5,Jett1,Jevin1,Jevins1,Jhareave1,Jherome1,Jideofor1,Jieng1,Jihad7,Jimmy1,Jimmy-Dean1,Joachim3,Joaquin1,Jobanpartap1,Jobey1,Joden3,Joe1,Joedan59,Joel1,Joël1,Jöel1,Joeseph1,Joesoph1,Joesph2,Joey4,Johan1,Johann1,Johannes1,Johlden67,John10,Johnathan7,Johnathon1,Johnbosco8,Johnny2,Johnson1,Johnston1,Jolan1,Jolbert3,Jon38,Jonah1,Jonah-Simon1,Jonan13,Jonas76,Jonathan13,Jonathon1,Jones1,Jonny#,Boy  Names 1,Jonthan144,Jordan1,Jordell1,Jorden1,Jordie1,Jordin7,Jordon2,Jordy2,Jordyn3,Jorge1,Jörgen1,Jorian1,Jorli1,Jory1,Jose5,Josef89,Joseph14,Josh293,Joshua1,Joshuah1,Joshua-James1,Joshveer1,Joshvir1,Joshwa12,Josiah1,Joss1,Josuha1,Jouhan1,Jovan1,Joven1,Jozef1,Jozhua1,JR5,Juan1,Jubran2,Judah3,Jude1,Judson1,Judus1,Jules26,Julian1,Julian-Alexander4,Julien1,Juliene1,Julio7,Julius3,Jullian1,Jullien1,Junaide1,Juneau1,Junius1,Justan1,Justen17,Justice#,Boy  Names 168,Justin1,Justis3,Justus1,Justyce3,Justyn1,Juvraj1,Juwan1,J'Yanni1,Jylee1,Jysic1,Kabie3,Kabir1,Kabre1,Kache1,Kacian21,Kade43,Kaden3,Kadin1,Kadyn1,Kaedan3,Kaeden8,Kael1,Kaelam7,Kaelan5,Kaelen4,Kaelin1,Kagen1,Kahlia1,Kahlo15,Kai2,Kaidan14,Kaiden2,Kaidon1,Kaidri2,Kail1,Kailash1,Kaile2,Kaileb1,Kailen1,Kailer1,Kailor1,Kailym1,Kaine2,Kaison2,Kaito1,Kaj1,Kaje1,Kalder22,Kale40,Kaleb1,Kãleb1,Kaleel1,Kalem4,Kalen#,Boy  Names 1,Kaleo1,Kalhelm2,Kalib1,Kalid1,Kalied1,Kalin1,Kallen2,Kallum1,Kalo1,Kalub1,Kalum1,Kalven1,Kalvin1,Kalyn1,Kamel1,Kamen1,Kameran2,Kameron1,Kamil1,Kamrin11,Kane1,Kanyon1,Kapil1,Kar1,Karam1,Karamvir4,Karan1,Karandeep1,Karanjot2,Karim3,Karl1,Karlos2,Karsen8,Karson1,Karter1,Kartik1,Kasen2,Kasey6,Kash1,Kashif1,Kasper4,Kassem1,Kasten1,Kato1,Kavery1,Kavin1,Kavishna1,Kaya1,Kayaljeet1,Kaydan14,Kayden1,Kayen1,Kayl1,Kaylan#,Boy  Names 5,Kayle3,Kayleb2,Kaylen1,Kaylib1,Kaylin1,Kaylobe1,Kaylon2,Kaylub1,Kaylum1,Kaymen1,Kaysen1,Kaysideon1,Kayson1,Keadyn13,Keagan2,Keagen1,Keaghan1,Kean1,Keanan1,Keane1,Keanon4,Keanu1,Kear1,Kearton14,Keaton34,Keegan1,Keein1,Keel2,Keelan1,Keelin1,Keeling14,Keenan1,Keenen1,Keenon1,Keeran1,Keerat1,Keeshon1,Keeton1,Keeyan-Ali1,Kegan1,Kegean1,Keifer3,Keigan1,Keigen1,Keil1,Keipher4,Keiran1,Keisean8,Keith1,Kela2,Kelan2,Keldon1,Kellan2,Kellen#,Boy  Names 1,Kelley1,Kells5,Kelly1,Kelly-Rae3,Kelsey1,Keltan2,Kelten6,Kelton1,Kelty8,Kelvin1,Keman1,Kemp2,Ken1,Kenan1,Kendal1,Kendall1,Kendel1,Kendell1,Kendle1,Kendrick1,Kenn1,Kennedi1,Kennedy8,Kenneth6,Kenny6,Kent4,Kenton1,Kenya3,Keon1,Kerrick1,Kerry1,Keshaun1,Kessler1,Keston1,Keto1,Ketsana58,Kevin1,Kevindeep1,Keyano1,Keygan1,Keynan1,Keyston1,Khael1,Khalaf1,Khaldoon1,Khale4,Khaled1,Khalib3,Khalid3,Khalil1,Khall1,Khang1,Khari1,Khaya#,Boy  Names 1,Khishan1,Khoi1,Khrystian1,Khurrum1,Khyver4,Kian1,Kiano1,Kiedon1,Kiegan1,Kielan1,Kien1,Kienan2,Kier26,Kieran3,Kiernan1,Kierran1,Kieth1,Killian1,King1,Kingston1,Kip3,Kirby1,Kiril3,Kirk1,Kirklan1,Kirklin1,Kirklind1,Kiron1,Kiros1,Kit1,Kiya1,Kiyan1,Kiyoshia1,Kizik2,Kjell1,Knox2,Koal1,Koalby26,Kobe1,Kobi1,Kobie9,Koby1,Kodan1,Kodey1,Kodi1,Kodie11,Kody1,Koen1,Kohen3,Kohl1,Koji1,Kok1,Kolbie16,Kolby#,Boy  Names 1,Kolbyn8,Kole1,Kolsen1,Kolten1,Koltin10,Kolton1,Koltyn1,Kon1,Kona1,Konary1,Kong3,Konner4,Konnor1,Konor4,Konrad1,Konstantinos1,Kor1,Korben4,Korbin1,Korbyn1,Kord1,Korey1,Korman1,Koupland1,Kourin1,Kourosh1,Krishneel13,Kristian1,Kristofer1,Kristoffer7,Kristopher1,Krystian1,Krystoff1,Krystopher1,Kullin1,Kulveer1,Kuoth6,Kurt7,Kurtis1,Kuryn1,Kwayd1,Ky1,Kyan1,Kyatt4,Kye1,Kyein1,Kyell1,Kyiiyo1,Kylayne130,Kyle2,Kylen11,Kyler2,Kynan1,Kyre#,Boy  Names 1,Kyren1,Kyrus1,Kyrzst of1,Kyver1,Kyzer1,Kyzic8,Lachlan1,Lain3,Laine1,Laird2,Laith1,Lake1,Lakota-Ray1,Lali1,Lamar1,Lammy1,Lan3,Lance1,Lancelot1,Landen1,Landis19,Landon1,Landyn19,Lane1,Langdon1,Langton2,Laramie1,Larenz5,Larry6,Lars1,Larsen1,Latherus1,Latrel2,Latrell1,Laurence1,Laurentius1,Lauriel1,Laween1,Lawrence2,Lawson1,Layden1,Layn9,Layne4,Layton2,Lazarus1,Le1,Leagan1,Leam1,Leandro1,Lebo3,Lee1,Leiam2,Leif2,Leigh#,Boy  Names 1,Leim1,Lemmy1,Lenard1,Lendenn1,Lennox9,Leo2,Leon3,Leonard3,Leonardo1,Léonidas1,Leroy3,Lester1,Lethan1,Leuven55,Levi1,Leví1,Levi-Dale1,Levy1,Levyn1,Lewend4,Lewis1,Lezane168,Liam1,Liep1,Life9,Lincoln1,Linus1,Livtar1,Llewis1,Lliam2,Lloyd1,Locheland2,Lochlan1,Lodie1,Loel1,Loewen177,Logan1,Logun1,Lonan1,London1,Longda2,Lorenz4,Lorenzo1,Louie7,Louis1,Lourik2,Lovedeep1,Lovre1,Luan1,Lubbertus3,Luc5,Luca86,Lucas1,Lucias#,Boy  Names 1,Luckis1,Lucky1,Lucus2,Luigi3,Luis1,Luis-Antonio4,Luka21,Lukas1,Lukash68,Luke1,Lukian1,Lukiss1,Lukus1,Lunden1,Luukas1,Luvraj1,Lyam2,Lyle5,Lynden1,Lyndin5,Lyndon1,Lynele1,Maahir1,Maar1,Maaz1,MacCoy3,MacGregor1,Macgregor1,Machar1,Macintosh1,MacIntyre1,Mack19,Mackenzie5,MacKenzie1,Mackenzy1,Mackinley1,Maclain1,Maclean1,Macyn1,Maddux1,Maden1,Madhav1,Madis2,Madison1,Madut1,Maël1,Magiir1,Magnus1,Maguire1,Mahaz1,Mahdi1,Maher1,Mahikpreet1,Mahlon#,Boy  Names 1,Mahmood3,Mahmoud1,Mahnuv3,Maison1,Majid1,Majur1,Makae1,Makai1,Makenzie1,Makhy1,Makore1,Maksim2,Malachi1,Malakhi8,Malcolm1,Malcom1,Maleki1,Malik1,Malirue1,Malkalm1,Malyk1,Manbinder1,Manbir2,Manjot1,Manny2,Manraj1,Manroop1,Mansfield1,Manvir1,Manzil14,Marc2,Marcel1,Marcell1,Marcelle1,Marcellus1,Marcelo9,Marco50,Marcus1,Mardi1,Marino2,Mario1,Marion44,Mark1,Markell1,Marki1,Markian4,Marko1,Mark-Olivier5,Markus1,Marley1,Marlow1,Marouf1,Marquell1,Marshal#,Boy  Names 14,Marshall1,Mart1,Marten13,Martin1,Maru2,Marvin1,Marwan1,Maryk1,Masan2,Masen81,Mason1,Mataen8,Mateo1,Mateus1,Matheson1,Matheus36,Mathew6,Mathias8,Mathieu2,Matias1,Matías2,Matisse1,Matrick3,Matt12,Matteo1,Matthais277,Matthew6,Matthias3,Matthieu4,Mattias1,Mattieu1,Matty1,Matush1,Maurice1,Mauricio1,Maven2,Maverick20,Max1,Maxamillion1,Maxem11,Maxim2,Maxime7,Maximilian1,Maximiliano1,Maximillian1,Maximo7,Maximus1,Maxmilian1,Maxmillian1,Maxon1,Maxtin1,Maxton32,Maxwell1,Mayen#,Boy  Names 1,Mayson1,Mazen1,Mazin1,M'Basi1,McCoy1,McDad1,Mckail3,McKenzie1,McKinnon1,Medi1,Mehtaab1,Mekhi1,Mekian1,Melfert3,Melvin2,Memphis1,Mercedes1,Merek1,Mereno1,Merick1,Merle4,Merrick1,Mervin1,Metro1,Mexx9,Micah1,Micaiah157,Michael1,Michal24,Micheal1,Mickael1,Mickal1,Mickial1,Micky6,Miguel2,Mika1,Mikael1,Mikail2,Mike2,Mikeal1,Mikealo1,Mikhail1,Mikias1,Mikki1,Miklo1,Mikulas3,Milan7,Miles1,Miljan1,Miller2,Milos1,Ming-Jie1,Minh1,Mipham#,Boy  Names 1,Miranden1,Mircea1,Miró1,Miroslav1,Mitchael5,Mitchel56,Mitchell1,Mitchie1,Moaaz1,Mo'ad1,Moamelle1,Moayed1,Modeste5,Mohamad14,Mohamed5,Mohammad1,Mohammd17,Mohammed1,Mohamud1,Mohick1,Mohummad1,Momin1,Monder2,Montana1,Monte1,Morayo1,Morcos32,Morgan1,Morgen1,Morphuis1,Moses1,Mou1,Mouhamad1,Moustfa1,Mozes3,Muhammad1,Muhammed1,Muhammet1,Mujahid1,Mukendi1,Multizem1,Muriaz1,Murray1,Murtaaz1,Musa1,Mushtaba1,Mustaba4,Mustafa1,Mustapha1,Myguel1,Mykosha14,Myles1,Myron1,Naaman#,Boy  Names 1,Nabeel1,Nadeem1,Nader1,Naethan1,Nahkoma1,Nahum1,Naiel1,Naithen1,Naji1,Najim1,Nakoda1,Nalesh1,Naman1,NaNa1,Naphtali4,Nash1,Nashten3,Natan2,Nate146,Nathan4,Nathanael1,Nathaneal1,Nathaneil1,Nathanel5,Nathanial38,Nathaniel1,Nathanyal7,Nathen1,Nathon1,Navdip1,Navid1,Navjit2,Navkaran1,Navneet1,Navneil1,Navshan1,Nazeh1,Nealon1,Neely7,Neil1,Nelson1,Neo1,Neshko1,Nestor1,Nethan2,Nevada1,Nevan1,Newo-Iyiniw1,Ngoc1,Niall1,Niccolas205,Nicholas1,Nicholaus1,Nicholli#,Boy  Names 5,Nick2,Nicklas1,Nicklaus1,Nicko12,Nickolas1,Nicky1,Nicodemous1,Nicola1,Nicolaas2,Nicolai36,Nicolas1,Niel5,Nigel1,Nigosis2,Nikhil1,Nikita1,Nikko-Johan1,Nikkolas1,Niklas-Jack1,Niko2,Nikola2,Nikolai17,Nikolas1,Nikolaus1,Nimesh2,Nimrat1,Niraj1,Nissim1,Nitish1,Nixon1,Nizar135,Noah1,Noble6,Noel53,Nolan2,Nole1,Nolen2,Nolin1,Noneel1,Noor7,Norman1,Nour-Edean1,Novada1,Nubal1,Nuer1,Nydell1,Obehi1,Obiedah1,Ocean1,Ogooluwakunmi1,Okal1,Olfatullah13,Oliver2,Olivier#,Boy  Names 1,Olyn14,Omar1,Omarr2,Omer1,Omey1,Onkar1,Opemipo1,Orazio1,Orest1,Orin2,Orion1,Orrin6,Oscar1,Oshea1,Oshé-Mustafa1,Oskar1,Osman1,Osmond2,Ossama1,Otis1,Owain1,Oways68,Owen1,Oz1,Ozze1,Ozzy1,Pabjit1,Pacean3,Pacey1,Paceyn1,Paden1,Palmer1,Paolo2,Paras1,Parbir1,Paris1,Park63,Parker1,Parks1,Parmandeep2,Parmveer1,Parmvir1,Partap2,Parteek1,Parth3,Pascal1,Patric42,Patrick1,Patryc-Khang1,Patryk24,Paul1,Paval1,Pawanjot1,Pawel#,Boy  Names 3,Paxton1,Payden1,Payne1,Payson13,Payton1,Pearse2,Pedro1,Peirce1,Pelvain1,Peregrine2,Perry33,Peter1,Peterson7,Peyton1,Pheonix2,Phi12,Philip10,Phillip7,Phoenix5,Pierce1,Piercen3,Pierre1,Pierson2,Pieter1,Pieter-Hendrik1,Piran1,Piyesis1,Prabhjot1,Prabhnoor1,Prabhvir1,Pravdeep1,Preet16,Preston1,Prince1,Prithvi1,Pritpal1,Psalm1,Pukhraj1,Puneet1,Qasim1,Qasimali1,Q'ielon2,Quade6,Quaid1,Quanah1,Quenten4,Quentin1,Quincey3,Quincy30,Quinn1,Quinncy1,Quintan4,Quinten9,Quinton#,Boy  Names 2,Quoc1,Quynton1,Rabei1,Rache1,Radik1,Radwan1,Rae1,Raedyn2,Raegan2,Rafael1,Rafid1,Rahall1,Raheem1,Rahim5,Rahul1,Raian4,Raiden1,Raider1,Raigen3,Raine1,Rainne1,Raistlin2,Rajan1,Rajandeep1,Rajen1,Rajman1,Rajpreet1,Rajun1,Rajveer1,Rajvir1,Rakib1,Ralph1,Ramandeep1,Ramanjit3,Rami1,Ramnel1,Ramon1,Ramone1,Ramsey1,Ramy1,Rand1,Randal2,Randall1,Randel1,Randle2,Randolph6,Randy1,Rani1,Ranvir1,Raouf-Khaled2,Raphael1,Raquel1,Rasean1,Rashaun#,Boy  Names 1,Rassal1,Ratik3,Raven1,Ravikash1,Ravneat1,Ravtej1,Rawad1,Rawand1,Rawlie1,Ray1,Rayal1,Rayan4,Rayden1,Raye1,Rayelin1,Raymark1,Raymon15,Raymond1,Raymonn4,Rayne1,Raynold1,Rayth1,Razi1,Raziq1,Reace1,Reade1,Reagan1,Rèal1,Redar26,Reece3,Reed3,Reegan2,Rees15,Reese3,Regan1,Reginald24,Reid1,Reiley3,Reilly1,Reily1,Reimar1,Reino1,Reis1,Rem1,Remington1,Remmy2,Remy1,Renal1,René1,Renier1,Renner1,Rennie1,Reno1,Renzo#,Boy  Names 1,Reo5,Reuben1,Rewan2,Rex1,Reynaldo1,Reynel1,Rhet9,Rhett1,Rhonan1,Rhyan1,Rhye7,Rhys2,Rhyse1,Rhyum1,Riann2,Ricardo27,Richard2,Richmond1,Rick3,Ricky1,Ricky-Lee1,Rico1,Rida1,Rider3,Ridge2,Ridley1,Ridwan1,Riel134,Riley1,Rilind1,Rinesh2,Rio1,Rishab1,Rishawn1,Rishi1,Rishveer1,Ritik4,River1,Rixon3,Roan1,Roarke1,Robbee63,Robert1,Roberto5,Robin1,Robinpal1,Robson2,Rocco1,Roccwell2,Rocky4,Rodney4,Rodolfo1,Rodrigo1,Roen#,Boy  Names 2,Rogan3,Roger2,Rohan1,Rohdell1,Rohin4,Rohit1,Roland1,Rolando1,Rolland1,Rollie5,Roman1,Romel3,Romeo1,Romie1,Ron5,Ronald6,Ronan1,Ronel1,Ronelle1,Ronesh1,Ronik1,Ronin1,Ronnie1,Ronny1,Ronson2,Rori1,Rorie6,Rory1,Roseveer1,Rosh1,Roshaan1,Roshan7,Ross1,Rousseau8,Rowan1,Rowen1,Rownin3,Roy1,Royal2,Royce1,Ruay3,Ruben3,Rudy1,Rueben1,Russel8,Russell206,Ryan2,Ryden9,Ryder1,Rydice1,Rye1,Ryen5,Ryker28,Rylan#,Boy  Names 6,Ryland2,Ryle5,Rylee4,Rylen1,Rylend35,Ryley4,Rylie1,Rylin1,Rylun1,Rynal2,Ryne1,Ryo1,Ryzelle1,Saab2,Saad1,Saa'd5,Sabastian1,Sacha1,Sachdev1,Sachman1,Saddler1,Sadek1,Sadeq1,Sadiq1,Saef1,Safford1,Safwan1,Sagan5,Sage1,Sagen1,Sahail7,Sahil1,Sai1,Said1,Saif1,Saleem1,Salem1,Salo1,Salton1,Salvatore10,Sam1,Samdeesh1,Sameel3,Sameer1,Sameh1,Samer1,Samih1,Samin3,Samir1,Sampson4,Samson2,Samual127,Samuel1,Samuel-Talon-Rope#,Boy  Names 1,Samwise1,Sanchez1,Sandon1,Sanmeet1,Santino1,Sarmad1,Sartaj1,Sartoris5,Sasha1,Satchel1,Sato1,Satyen1,Savastin1,Savaughn1,Saverio1,Savin4,Sawyer1,Saxon1,Sayder1,Scot45,Scott4,Seamus56,Sean1,Sean-Claude1,Sebastain41,Sebastian5,Sebastien2,Sébastien1,Sebbe1,Seconder1,Sehej1,Seiren1,Selwyn1,Sequoia1,Sergey1,Sergio79,Seth1,Sethan1,Seth-Lee1,Seve1,Severin1,Sevryn1,Shaan1,Shaanvir1,Shaban1,Shade2,Shaden1,Shadi2,Shae1,Shahmeer1,Shaian1,Shailendra1,Shaine1,Shakeel#,Boy  Names 1,Shakur1,Shamar1,Shan1,Shandin25,Shane1,Shanley1,Shannon1,Shantzton1,Sharaaheel1,Sharawi1,Shariif1,Sharjeel1,Sharnvir1,Sharokh1,Shashank1,Shatan10,Shaun1,Shaw20,Shawn4,Shay1,Shayan1,Shayde5,Shayden1,Shaydon3,Shaye1,Shaylen4,Shayne1,Shaynne1,Shazeb1,Shea1,Shehzaad1,Shehzad4,Shelby16,Sheldon1,Shemor1,Shen1,Sherjeel1,Sherwin1,Shino1,Shiv1,Shiva1,Shivansh1,Shivneet1,Shivneil1,Shiwan1,Shiwon1,Shoma1,Shreddan1,Shrey1,Shunya1,Sidharth2,Sidney1,Sigmund8,Silas#,Boy  Names 1,Silver1,Silverado2,Silvio1,Simeon34,Simon1,Simran1,Simranjot1,Simson1,Sine3,Singh1,Sion1,Sixten1,Skjel1,Sky2,Skye12,Skylar12,Skyler1,Skylore1,Slade1,Sleiman2,Sloan2,Sohaib1,Sohrab1,Solen4,Solomon1,Solon1,Soon-Won4,Soren80,Spencer1,Spencer-Hayward1,Srdjan7,Stanley1,Stanly1,Statten1,Stavon1,Steadman2,Steele8,Stefan1,Stefano1,Sten3,Stephan2,Stephane20,Stephen1,Sterling1,Sterlyng4,Steve55,Steven1,Steven-Kirk1,Stewart1,Stone1,Stoney4,Storm1,Strachan3,Stran#,Boy  Names 7,Stuart1,Sufyan1,Sujeev1,Sukhdip2,Sukhman1,Sukhmohat2,Sukhpal3,Sukhraj1,Sukhvinder1,Suleiman1,Suleyman3,Sullivan1,Sultan1,Sumant2,Sumeet1,Su-Min1,Sumray1,Sundance1,Sunil1,Sunny1,Sunpreet2,Suraj1,Surinder1,Surkhaab1,Surran1,Surya1,Sutheara2,Sydney1,Sydrek2,Syed1,Sylvain1,Sylvan1,Sylvin1,Symen1,Symon1,Syrus1,Taber1,Tabneet1,Tac1,Taci1,Tadan1,Tadbir1,Tadeusz1,Tadhg1,Taegan1,Taggert2,Tahir6,Tai1,Taiden1,Tailor1,Tairin1,Tait1,Taite1,Taj#,Boy  Names 1,Takumi2,Tal1,Talaal1,Talan1,Talbert1,Talen1,Talis1,Tallal1,Talleiv1,Tallen1,Tallon1,Talmage9,Talon1,Talyb1,Talyn1,Talyor1,Tamaki1,Tan1,Tanis1,Tanjot73,Tanner1,Tanner-James1,Tannor1,Tanush1,Tanvir1,Tao1,Tao-Cecil4,Taran1,Tarandeep1,Taranjot1,Taras1,Tarek1,Tariik1,Tarik3,Tariq1,Taron1,Tarquin1,Tarrence1,Tarron1,Tarryn1,Tarun1,Taryn1,Tarynce9,Tate1,Taten2,Tatum1,Taven1,Tavian1,Tavin1,Tavio3,Tavis2,Tavish1,Taycen2,Taye#,Boy  Names 1,Tayghen1,Taylan1,Taylen9,Tayler49,Taylor1,Tayne1,Taysen2,Tayson1,Tayte1,Tayven1,Tayvis1,Tayvon11,Teagan1,Teagen1,Teaken3,Ted1,Teddy1,Tee6,Teegan1,Teeno2,Tegan1,Teghan1,Teigue1,Tej2,Tejas1,Tejbir1,Tejkaran1,Tell1,Tenjin1,Teodor1,Teppei1,Teran1,Terek1,Terence2,Teron1,Terral1,Terran3,Terrance1,Terrek4,Terrell2,Terren6,Terrence1,Terren-Nicholas1,Terrin1,Terron4,Terry1,Teryn1,Teshawn1,Tethloach1,Tex1,Thaddaeus1,Thai1,Thanden1,Thane#,Boy  Names 2,Thanh1,Thanh-Nhan1,Tharn1,Tharren2,Thatcher1,Thelonious2,Theo10,Theodore1,Theophanis1,Theoren2,Theoron2,Theron1,Theseus1,Thien116,Thomas1,Thorn1,Thorston1,Thudor1,Tian1,Tical1,Tie1,Tiegan1,Tiemen1,Tien1,Tieran1,Tiernan1,Tijs1,Tilman1,Timber36,Timothy1,Tion2,Tiran1,Titen1,Titus1,TJ1,T-Jay1,Tobiah2,Tobias1,Tod5,Todd1,Tolian3,Tom7,Tomas1,Tomiko1,Tommie10,Tommy1,Tomoki1,Tomys1,Tong9,Tony1,Torin1,Torrin1,Trac2,Trace#,Boy  Names 1,Tracey1,Trae1,Traitan1,Traven32,Travis1,Tray1,Trayce2,Trayden1,Traydon1,Trayl1,Trayson2,Trayton1,Trayven1,Tre2,Tré1,Trekk1,Trémaine1,Tremayne12,Trent1,Trenten3,Trenton1,Treston1,Tréton1,Treven1,Trevez1,Trevitt16,Trevor22,Trey1,Treyelle1,Treyne1,Treyson3,Treyton1,Tri1,Trien1,Trindle1,Trinity1,Trinton86,Tristan15,Tristen2,Tristian12,Tristin7,Triston3,Tristyn1,Trontay10,Troy1,Truhmane5,Trystan1,Trystan-James2,Trysten1,Trystyn1,Tryton1,Tryvell8,Tucker1,Tudor#,Boy  Names 1,Turin1,Turique3,Turner2,Tut47,Ty6,Tye1,Tye-José1,Tyger1,Tylan1,Tylar5,Tylen208,Tyler1,Tymen1,Tymon1,Tymone1,Tymoore3,Tynan1,Tyral1,Tyrece5,Tyree1,Tyreece2,Tyreese3,Tyrel18,Tyrell2,Tyren7,Tyrese1,Tyrique2,Tyron13,Tyrone1,Tyrrell4,Tyrus4,Tysen1,Tyshawn1,Tyshon73,Tyson1,Tytus1,Uday1,Ulises1,Ulrich1,Usama1,Usman1,Vaikunth1,Valerie1,Van1,Vance1,Vanyel1,Varon1,Vaughan1,Vaughn1,Vayden1,Veljko1,Venjiemin1,Verage1,Vernon#,Boy  Names 1,Vianney10,Victor1,Victorio1,Viet1,Vikaash1,Vinal3,Vince18,Vincent1,Vincent -Marcel1,Vincenz3,Vincenzo1,Vinidim1,Vinit1,Virak1,Vital1,Vlad1,Vladan1,Vladimir1,Vladislav1,Vu10,Wade1,Wahidur1,Wajih1,Walid6,Walker2,Wallace1,Wally1,Walter6,Warren1,Wase1,Waseam1,Wasif1,Wayden1,Waylen2,Waylon2,Wayne1,Wazeer1,Wendel1,Wendell1,Wesam16,Wesley1,Wesson1,Westin3,Weston1,Weyman1,Wheeler1,Whyette1,Wil1,Wildon1,Wiley1,Wilhelm1,Wilhen3,Will3,Willem#,Boy  Names 151,William1,Willy5,Wilson1,Winner2,Winston1,Witter1,Wolfgang64,Wyatt1,Wylee1,Wyndham5,Xander18,Xavier1,Xenon1,Xsal1,Xystus1,Xzander1,Yaad3,Yahya1,Yanik1,Yannick2,Yaseen1,Yaser1,Yash1,Yashdip2,Yasin1,Youngel1,Yousaff3,Yousef4,Youssef1,Yousuf1,Yuab1,Yuan2,Yuri1,Yussef1,Yusuf1,Yusuke2,Yuta1,Yuusuf1,Yuvraj1,Zacary1,Zacchaeus1,Zachari1,Zacharia5,Zachariah2,Zacharie148,Zachary1,Zacheray1,Zacherie20,Zachery1,Zaciah3,Zack1,Zackariah29,Zackary1,Zackeriah#,Boy  Names 13,Zackery1,Zafir1,Zaide1,Zaiden2,Zain2,Zak2,Zakari2,Zakaria1,Zakariya2,Zakary1,Zakery1,Zaki1,Zakie1,Zakkai1,Zakris3,Zander1,Zanderj11,Zane1,Zanthos1,Zanthus1,Zarak1,Zarek1,Zark1,Zarvan1,Zayaad1,Zayd2,Zayden1,Zayn3,Zayne1,Zayori1,Zedd1,Zeeshan1,Zeke1,Zelanno2,Zenon1,Zephaniah1,Zephyrin1,Zeshan1,Zeth1,Zicki1,Zion1,Ziv1,Ziyad1,Zohair1,Zolin1,Zoravar1,Zoraver1,Zubair1,Zulfiqar1,Zulkifl1,Zury1,Zyon