Baby Boy Names Registered in 2002,#,1,A.J.1,Aabid1,Aadam1,Aaijay1,Aaqil1,Aaren1,Aarif75,Aaron1,Aaryan1,Aasen1,Aashan1,Aayush1,Aazab1,Abbas2,Abdelrahman1,Abdel-Salam1,Abdi1,Abdimalik2,Abdirahman2,Abdul1,Abdulbasid1,Abdul-Kareem4,Abdullah4,Abdullah1,Abdul-Latif1,Abdul-Rahman1,Abe5,Abhay1,Abhijit1,Abhiraam1,Abhishek1,Abishek2,Abraham5,Abram1,Abrar1,Absalom1,Abye122,Adam1,Adam-Jay1,Adar1,Addis4,Addison1,Adeel4,Aden1,Adhill2,Adian1,Adil#,1,Adin1,Adisson1,Adley1,Adly5,Adnan20,Adrian2,Adriano1,Adriel6,Adrien2,Aedan2,Aeden1,Aemon1,Afzal1,Agamjot1,Agustus1,Ahamed14,Ahmad9,Ahmed1,Ahmed-Rada1,Ahmet1,Ahstyn139,Aidan1,Aideen73,Aiden1,Aidon1,Ainsley1,Aisen1,Aithan1,Aivan1,Aizik1,AJ1,Ajáni1,Ajay1,Ajitpal1,Ajou2,Akaash1,Akash4,Akashdeep1,Akiff1,Akiva1,Akol1,Akshat1,Akshay1,Akson1,Akumcha1,Akwasi2,Alaa#,1,Alain1,Alajandro3,Alan1,Alastair12,Albert2,Alden1,Aldin10,Alec1,Aleczander4,Alejandro3,Aleksander1,Aleksandr5,Alessandro1,Alessio47,Alex164,Alexander1,Alexandr8,Alexandre1,Alexandru3,Alexis1,Alfons2,Alfred26,Ali1,Alin1,Alireza1,Alistair1,Alister1,Aljes3,Allan1,Allard7,Allen1,Almeo1,Alpha2,Alton4,Alvin3,Aly1,Amaan1,Amadeus3,Aman2,Amandeep2,Amar2,Amar1,Amardeep1,Amari1,Amarjot1,Amarpreet1,Ambros#,1,Amen2,Amer1,Aminja6,Amir2,Amit1,Amjad1,Amman1,Ammanuel1,Ammar1,Amonté1,Amr1,Amrik1,Amrinder5,Amrit4,Anakin1,Anand1,Anderson2,Andre4,André7,Andreas2,Andrei1,Andrej1,Andreus136,Andrew1,Andrew-James1,Andries1,Andrzej11,Andy1,Aneel1,Aneeq1,Aneil2,Angad7,Angelo1,Angle5,Angus1,Anikit1,Anil1,Anish1,Ankit1,Anmol1,Anoopdeep1,Ansen2,Ansh8,Anson1,Anthonie99,Anthony1,Anthony -Huynh1,Anthonyi#,3,Antoine11,Anton2,Antoni1,Antonie1,Antonino21,Antonio2,Antony1,Antwon1,Anuj1,Anvil1,Anwar1,Aonghus1,Apollo1,Aqeel1,Arac1,Aralex1,Aramus1,Arashdeep1,Arber1,Archie-Kenneth1,Ardan1,Arham2,Ari1,Arib1,Aric1,Ariel2,Aries2,Arik1,Arion2,Aris1,Ariya1,Ariyel2,Arjan3,Arjun1,Arkan1,Arlen1,Arley1,Arlin6,Armaan5,Arman3,Armand2,Armando2,Armann1,Armin2,Arnold1,Aron1,Arpan1,Arren#,2,Arron1,Arroy1,Arsh1,Arshaan1,Arshbir3,Arshdeep1,Arshdip1,Arslan3,Arthur1,Arun3,Arvin1,Arwin2,Aryan1,Aryn1,Asad1,Aser1,Asfand1,Ash1,Ashar1,Ashdon6,Asher1,Ashlain1,Ashle2,Ashley1,Ashnoor1,Ashten45,Ashton1,Ashtyn1,Ashwin1,Asif2,Aspen1,Assadullah1,Asvin1,Athanasios1,Athen2,Atom1,Atticus1,Attila1,Aubrey2,August1,Aurees-Ali2,Auren6,Austen143,Austin1,Austin-J.1,Auston6,Austyn1,Aveneel#,1,Averee1,Averill23,Avery1,Avijot1,Avik1,Avinaz1,Avitesh1,Avjit1,Avnoor1,Awaab5,Axel2,Axl1,Axyle1,Ayaan1,Ayan5,Aydan18,Ayden1,Ayden-Joel2,Aydin1,Ayoon2,Ayoub1,Ayrton1,Ayub1,Ayush1,Ayuub1,Ayveyen1,Aza1,Azaad1,Azaan2,Azan1,Azja1,Azure1,Baadal146,Baby1,Badal1,Badr1,Badre1,Bahti9,Bailey1,Bai-Li1,Baird1,Baldwin2,Balin1,Baljit1,Baljot1,Balkaran1,Balmeet2,Balpreet#,1,Balraj1,Balrajpreet1,Baqer1,Barett1,Barret1,Barrington1,Bart1,Basheer2,Bassam1,Batuhan2,Bauer1,Baxter1,Bayden1,Bay-Lee1,Bayley1,Baylin5,Beau1,Beau-Marcus1,Beck1,Beckett1,Beckham1,Beilal1,Belal18,Ben1,Benedict2,Benhard1,Benjaman149,Benjamin1,Benjamine1,Benjamyn1,Benji7,Bennett5,Benny1,Benoit1,Benoît1,Bensen1,Bentin1,Bentley4,Benton1,Beren2,Bergen2,Berkley1,Bernard1,Bernhardt1,Bernhord1,Bert1,Bertrum1,Bhavan#,1,Bhavjeet1,Bhil1,Bibek1,Bienfait1,Bijan-Andre1,Biker4,Bilal1,Bilal-Ul-Haque2,Bill1,Billal3,Billy1,Billy-Joe1,Binh1,Birtej1,Biruck1,Bismarck1,Bjorn1,Blade1,Blain4,Blaine4,Blair3,Blaise70,Blake1,Blayde2,Blayden2,Blayke2,Blayze8,Blaze1,Blessed1,Blue1,Bo2,Bob1,Bobby1,Bode1,Boden2,Bodie1,Bol1,Bond1,Boomer1,Bordy1,Boris1,Bosten4,Boston1,Botond1,Bow2,Bowen1,Boyd1,Braasen#,1,Brad1,Bradan40,Braden1,Bradie1,Bradin33,Bradley3,Bradly2,Bradon58,Brady1,Bradyn3,Braedan28,Braeden1,Braedi6,Braedon1,Braedy3,Braedyn1,Braelyn1,Braeson1,Braidan7,Braiden1,Braidon1,Braighton2,Brandel12,Branden144,Brandon2,Brandt1,Brandy1,Brandyn1,Branimir1,Brannan1,Brannon2,Bransen1,Branson3,Brant1,Braxten4,Braxton1,Bray1,Braydan83,Brayden1,Braydin22,Braydon1,Braydyn1,Braylin3,Brayton1,Brazen1,Breck1,Breckin1,Bredan#,1,Brekken2,Brenan45,Brendan15,Brenden2,Brendin5,Brendon1,Brendyn1,Brenek1,Brenen1,Brenn16,Brennan1,Brenndon6,Brennen1,Brennon3,Brent1,Brenton3,Bret32,Brett1,Brevan1,Breyden32,Brian1,Briar1,Brice2,Brigham1,Brighton1,Briley1,Brilliant1,Brinder1,Briseyda1,Britt1,Britton1,Broc18,Brock1,Broderick2,Brodey12,Brodie1,Brodin43,Brody1,Broedie2,Brogan1,Brooklyn1,Brooks1,Brosnan1,Broyce3,Bruce13,Bryan2,Bryant36,Bryce#,2,Bryden2,Brydon1,Bryer4,Bryn1,Bryon5,Bryson1,Bryston4,Bryton1,Buddy1,Buffalo1,Buom1,Burak2,Burke1,Burton1,Bushra1,Butler1,Byron1,C.2,C.J.1,Cable2,Cache16,Cade22,Caden1,Cadence1,Cadin1,Cadyn3,Caeden1,Caedon3,Cael1,Caelam6,Caelan1,Caelin2,Cage1,Caide6,Caiden1,Caidence1,Cail1,Caile5,Cain1,Caine1,Caitlyn1,Caius2,Cal2,Calder11,Cale92,Caleb1,Calem1,Calen#,1,Callem1,Callen1,Callin15,Callum1,Calton1,Calum1,Calumn18,Calvin1,Calyb6,Camden1,Cammeryn1,Camon3,Campbell2,Camren2,Camron1,Cane1,Cannon1,Canyon1,Carig4,Carl1,Carlin1,Carlo1,Carlos1,Carlyn1,Carman1,Carnell5,Carsen84,Carson2,Carsten2,Carston1,Carsyn134,Carter1,Case1,Caseng8,Casey2,Cash1,Cashtyn1,Caslan1,Cass1,Cassen1,Cassian2,Cassidy1,Cassiel4,Cassius1,Caton1,Cayd14,Cayden1,Caydin#,1,Caydon1,Caylan1,Cayleb1,Cayman1,Cayne1,Cebastian1,Cederic1,Cedric1,Cédric1,Ceinan1,Cennseir1,Cesar1,Cezar2,Chace9,Chad1,Chadler1,Chale16,Chance1,Chancellor1,Chancer-Lee2,Chandler1,Chandlor1,Chanveer1,Charan15,Charles6,Charlie1,Charter73,Chase2,Chayce1,Chaysen2,Chayton2,Chaz2,Chazz1,Ché1,Cheev-Lim3,Chet2,Chetan1,Chetpal1,Chevelle2,Chevez1,Cheyenne1,Chhitij1,Chi1,Chinh1,Choice4,Chris1,Chrisopher1,Christan#,1,Christiaan48,Christian1,Christian-Jacob102,Christopher1,Christpher1,Ciaran3,Clarence3,Clark1,Clarke13,Clay1,Clayden21,Clayton1,Clement2,Clifford2,Clint2,Clinton1,Clyde1,Cobie3,Coby1,CoCo1,Codell2,Codie77,Cody1,Cody-Kyle6,Cohen1,Colbin90,Colby1,Colby-James149,Cole1,Coleby4,Coleman4,Coleton27,Colin1,Coli-Rain9,Collin6,Colt1,Coltan17,Colten1,Coltin57,Colton1,Comrie1,Conlan1,Conley1,Connall1,Connar18,Conner169,Connor6,Conor#,4,Conrad1,Constantine1,Cool13,Cooper2,Corben19,Corbin1,Corbyn1,Cordae6,Cordell1,Corey3,Cornelius1,Cornell1,Corrado1,Corson3,Cort2,Corwin5,Cory1,Cotter1,Court1,Covey1,Coy1,Coyde1,Craeson5,Craig1,Credence1,Creedan1,Creedance1,Creedence1,Creedin5,Cristian1,Cristiano1,Cristopher6,Cruz4,Cullen22,Curtis1,Cutis1,Cuyler1,Cyle1,Cylen1,Cyliss1,Cyprian1,Cyprien1,Cyril8,Cyrus1,Czar1,D.J.1,Dace1,Daegan#,1,Daelen2,Daemon1,Daeshaun1,Daeton2,Dagan1,Dahlen1,Dain2,Daine1,Daisan1,Dakoda18,Dakota1,Dakotah2,Dalan4,Dale3,Dalen1,Daljot3,Dallan18,Dallas1,Dallen3,Dallin2,Dallon1,Dalon12,Dalton2,Daman3,Damen2,Dameon22,Damian14,Damien5,Damion21,Damon1,Dan1,Danann1,Dandrick14,Dane1,Daneil1,Daniaal4,Danial166,Daniel1,Danijel1,Danilo1,Danish10,Danny1,Dano14,Dante1,Danté1,Danton1,Danyal1,Danzel#,1,Darby8,Darcy1,Darcy-Lee9,Darian1,Darias6,Darien3,Darin3,Dario4,Darion1,Daris1,Dariston12,Darius1,Dariush1,Darnel3,Darnell1,Daron1,Darrel1,Darrell19,Darren1,Darrian2,Darrius5,Darryl1,Darryll1,D'Artangnan1,Dartanin1,Dartanion2,Darwin2,Daryk1,Dashawn1,Dason1,Dathan1,Daudi1,Dave101,David5,Davin1,Davinderjit11,Davis1,Dawoud73,Dawson1,Dawsyn2,Daxon5,Daxton1,Daygan3,Daylan3,Daylen4,Daylin1,Dayln3,Daymon#,2,Dayne1,Dayten1,Daythan10,Dayton3,Deacon1,Deagen1,Deaken8,Dean1,DeAndre1,Deano1,Decklan1,Decklin27,Declan1,Dedrick1,Dehgo1,Dekker1,Deklan1,Deklend2,Deklin1,Dekota1,Del1,Dellshad1,Delon1,Delrey1,Delsin1,Delton1,Demari1,Demetrius1,Demetry1,Demitrius1,Dempsey1,Denes1,Deng1,Deni1,Denim1,Denis1,Deniz9,Dennis1,Denon1,Denton5,Denver6,Denzel1,Denzell1,Deon1,Deondre1,Deontae1,Dereck18,Derek#,3,Derian1,Deric1,Derick1,D'Erico1,Derien1,Derik1,Dermot1,Derrek3,Derrick1,Derrien1,Deryk1,Deshane1,Deshawn7,Desmond5,Devan1,Devantae1,Deven1,Dever1,Deverrick1,Devilin19,Devin3,Devlin41,Devon1,Devontae1,Devonte2,Devyn3,Dexter1,Dexx1,Dezi1,Dezio1,Dezman1,Dezmen2,Dezmond1,Dezrick1,Dhamma1,Dharmjit-Singh1,Dhaval1,Dhiern1,Dhilan1,Dhruv1,Dhylan1,Diedrick13,Diego1,Diesel1,Dieter1,Diether1,Dilen1,Dilhan#,4,Dillan1,Dillian1,Dillion9,Dillon1,Dilshad1,Dilshan1,Dilver1,Dimetri3,Dimitri1,Dimitriy5,Dion1,Diondre1,Disanka1,Divesh1,Divo1,Divyash1,Dixon1,Diya1,DJ1,Dlayne1,D'Maseio1,Dmitry1,Dobuol1,Doguhan2,Dolton1,Dom5,Domenic55,Dominic1,Dominic-Adrian10,Dominick5,Dominik3,Dominique2,Domonic1,Domonik2,Don9,Donald1,Donavan2,Donavin2,Donavon1,Donavyn2,Donnie1,Donny13,Donovan1,Donté1,Donuil8,Dorian3,Dorien2,Dorion#,1,Dorrian1,Dory15,Douglas3,Draeden1,Draiden9,Drake1,Draken1,Drasyn1,Dratin1,Dravyn1,Draxton2,Dray9,Drayden1,Draydn1,Draydon2,Draye1,Drayson2,Drayton1,Drayven1,Drayvin1,Dre1,Dré1,Dredan4,Dreden1,Dredon1,Dreidon7,Drew1,Dreydan2,Dreyden1,Dreydon1,Dreyes1,Dreyke1,Dreyson3,Dreyton1,Drin2,Dryden1,D'shaun1,Duc11,Duncan1,Dup1,Dural2,Durell1,Dusan1,Dustan21,Dustin1,Dusty3,Dwayne2,Dwight#,1,Dyhaine172,Dylan3,Dyllan2,Dylon5,Dyson1,E.J.1,Eadan3,Eamon2,Eamonn1,Earl1,Eason1,Easten11,Easton3,Eathan1,Eathin2,Ebrahim1,Echo3,Eddie1,Eddy1,Eden1,Edgardo-Aaron1,Edgeren4,Edison4,Edmund1,Edson2,Eduardo18,Edward1,Edward-Genry6,Edwin1,Ehsaan1,Ehsan1,Eiddon1,Eiden1,Eins1,Eitan2,Eithan1,Ekan1,Ekjot1,Elaigh1,Elan1,Elari1,Eldar1,Elden4,Eldon1,Eldrew15,Eli1,Eliah9,Elias#,48,Elijah1,Elijah-Chavez1,Elijas1,Elim1,Elisee1,Ellijah5,Elliot3,Elliott1,Ellis1,Elroy1,Elvis1,Elye1,Emad1,Emerich1,Emeril4,Emerson1,Emery1,Emile1,Emileo1,Emilian1,Emiliano5,Emilio6,Emmanuel1,Emmanuel-Zeru1,Emmerson5,Emmett1,Emory1,Endrit1,Enoch1,Enrico1,Eóghan99,Eric2,Éric1,Erich3,Erick36,Erik1,Ermaan1,Ernesto2,Eros1,Ervin1,Erwin2,Eryk1,Esa1,Esam1,Eshaan1,Eshan466,Ethan4,Ethaniel#,1,Ethan-Lee1,Ethan-Michael1,Ethanyal3,Ethen6,Ethyn1,Etin-Osa1,Eton1,Ettore2,Euan3,Eugene118,Evan1,Evander1,Everet6,Everett1,Everitt1,Evsevy1,Evyn14,Ewan2,Eyad1,Eythan2,Ezekiel11,Ezra1,Ezzidean1,Faaris3,Fabian3,Fadi1,Fahad1,Fahid1,Faisal3,Faizan1,Faiz-Ur-Rahman1,Faráz1,Fat1,Fawad1,Fawaz1,Fawwaz1,Fayaz6,Felix3,Félix1,Fernald2,Fernando1,Ferrand1,Filbert3,Filip1,Finlay2,Finley8,Finn1,Finnan#,1,Finnely1,Finnian1,Fintan1,Fionn2,Fisher1,Florence1,Flynn2,Forrest1,Forrester3,Foster1,Francesco6,Francis1,Franco7,Frank1,Frankie2,Franklin2,Franz1,Fras3,Fraser1,Fraxier2,Frederick3,Fredrick1,Freeman1,Fuatcan1,Furkan1,Furqan1,Gabe1,Gaberiel1,Gabreil1,Gabrial66,Gabriel1,Gabriele1,Gabrielle1,Gabriel-Moroni1,Gado1,Gaebriel32,Gage1,Galen1,Gana3,Gareth1,Garett1,Garick2,Garin1,Garion1,Garren8,Garret1,Garreth18,Garrett#,1,Garrette1,Garrick2,Garrison1,Garrity1,Garry1,Garth7,Gary1,Garytt1,Gatlat2,Gaurav1,Gautam1,Gavan1,Gaven63,Gavin1,Gemini1,Gemwel1,Gengiz3,Geoffrey1,Geordie22,George1,Georges3,Gerald1,Geran1,Gerard1,Gergö2,Gerhard1,Gerret1,Gerrid2,Gerrit2,Gerry1,Gerson1,Giacomo1,Gian1,Giandomenico1,GianLuca1,Gianmarco4,Gibson5,Gideon1,Gilbert1,Gilles1,Gino4,Giovanni1,Giuliano1,Giulio2,Giuseppe6,Glen1,Glendin1,Glenwood#,2,Goran1,Gorden5,Gordon1,Gouled1,Graceson7,Grady1,Gradyn1,Graedon7,Graeme1,Graeson11,Graham4,Grant1,Granville1,Gray3,Grayden5,Graydon1,Graylin2,Graysen13,Grayson1,Graziano3,Greg13,Gregory1,Greison1,Grey1,Greydon1,Greyham1,Greysen4,Greyson1,Greysyn2,Griffen16,Griffin1,Gryffen1,Gryffin2,Gryphon1,Guage1,Guido1,Gunnar2,Gunner1,Gurbaksh1,Gurjoban2,Gurjodh4,Gurjot1,Gurjus1,Gurkaran1,Gurkaranjot1,Gurkeert1,Gurkirat2,Gurman#,2,Gurnoor1,Guroop1,Gursewak2,Gurveer6,Gurvir2,Gus1,Guskirat2,Gustavo2,Guy1,Ha1,Haben1,Habibullah1,Hadyn2,Haeden1,Haedyn3,Haiden1,Haider1,Haisu1,Haitham1,Haldon2,Hale1,Hamid1,Hamish1,Hamraz6,Hamza1,Hanok2,Hans2,Hansen1,Hanson1,Hans-Owen1,Harbir1,Hardev1,Hardy1,Harj2,Harjot1,Harjun1,Harkamal1,Harkarn2,Harkirat1,Harlan12,Harley1,Harman1,Harmanjot1,Harmeet1,Harneet3,Harold2,Haroon4,Harris#,16,Harrison2,Harry1,Harsh2,Harshan1,Harshdeep1,Harshdip1,Harshveer1,Harsimrat1,Harvey4,Hasan1,Haseeb3,Hashem1,Hashim1,Haso1,Hasron6,Hassan2,Hassen1,Hastin1,Hateen68,Hayden2,Haydn1,Hayle2,Hazen1,Haziq3,Heath1,Hebreu1,Heindrick3,Heinrich3,Hendrik1,Hendrikus1,Henok1,Henos27,Henry4,Herman1,Hesham1,Hewett1,Heyab1,Heyden1,Hezekiah1,Hicham1,Hilson1,Himmet1,Hiroshi1,Hiydar1,Hobbes1,Hogan6,Holden1,Holt#,1,Hosea2,Houston2,Howard1,Hubert11,Hudson1,Hugh1,Hugo1,Humza1,Hunor105,Hunter1,Hunter-Louis1,Hussain2,Hussein2,Hussien1,Huw2,Huy1,Hyder1,Hyung-Chul1,Iaan4,Iain34,Ian1,Ian-Chris1,Iarnan2,Ibraheem5,Ibrahim1,Ideen1,Ieiaiel1,Iipisówaahs1,Ikeche1,Ikponmwosa1,Immad2,Immanuel3,Imran1,Imranali1,Imranullah1,Imren1,Inder1,Indermeet1,Indervir2,Indiana1,Indigo1,Ira1,Iron1,Irwin58,Isaac10,Isaak1,Isai47,Isaiah#,1,Isaih1,Isaiyah1,Isak2,Ishaan1,Ishaant2,Ishaq1,Ishroop3,Isiah1,Isiaha1,Islam1,Ismail1,Isreal10,Issac1,Issam1,Issiah1,Italo10,Ivan1,Ivar1,Iverson1,Iyan2,Izaak1,Izaiah1,Izak1,Izayah1,Izek1,Jaali1,Jaber1,Jabin1,Jaccob23,Jace1,Jacen78,Jack4,Jackie1,Jacks1,Jack-Simon80,Jackson3,Jacky218,Jacob1,Jacobo2,Jacques1,Jacy4,Jad2,Jadan3,Jade57,Jaden1,Jadeyn1,Jadin4,Jadon#,2,Jadyn1,Jaecob1,Jaedan4,Jaeden1,Jaedon1,Jaedyn1,Jaegar1,Jaeger1,Jaelen2,Jaffar1,Jag2,Jagar3,Jager4,Jagger1,Jagjeet1,Jagpal2,Jagvir1,Jahad1,Jahrell1,Jaideep11,Jaiden1,Jai'den1,Jaimal1,Jaiman1,Jaime1,Jainder1,Jaipreet1,Jaisal1,Jaise1,Jaivir39,Jake1,Jakeb32,Jakob1,Jakson1,Jakub3,Jalal5,Jalen1,Jama3,Jamal1,Jamel108,James1,Jameson9,Jamie1,Jamin2,Jamison1,Jamon6,Jan1,Japheth#,1,Jarad1,Jardelle79,Jared1,Jared-Curtus1,Jareden1,Jarek1,Jarel1,Jarell1,Jarem2,Jaret3,Jarett1,Jarez1,Jarid1,Jaris2,Jarius5,Jarod1,Jarom1,Jarome10,Jaron7,Jarred1,Jarren3,Jarret7,Jarrett4,Jarrod1,Jarron1,Jarryd2,Jarvis1,Jaryn1,Jarynn2,Jas1,Jase1,Jashaé2,Jashandeep1,Jasiah1,Jasjot1,Jaskaran1,Jaskirat1,Jaskunwar1,Jasmaan1,Jasman1,Jasmandeep1,Jasmanjot1,Jasmine1,Jasnoor57,Jason14,Jasper1,Jasraj1,Jaston#,1,Jatoma1,Jaustin2,Javan2,Javier2,Javin2,Javon2,Jax3,Jaxan1,Jaxen2,Jaxom29,Jaxon1,Jaxsen10,Jaxson1,Jaxsyn3,Jay14,Jayce2,Jaycee2,Jaycen1,Jaycob2,Jaydan99,Jayden1,Jayden-Krisman1,Jayden-Tristin2,Jaydin8,Jaydon3,Jaylen1,Jayles1,Jaylin1,Jaylon1,Jayman1,Jayme10,Jayson1,Jayvee1,Jayvin1,Jaz3,Jean2,Jean-Luc1,Jean-Philippe1,Jeaurond2,Jed1,Jedd1,Jediah3,Jedidiah1,Jedrek1,Jeep1,Jeet1,Jeevan1,Jeff#,1,Jefferson4,Jeffery19,Jeffrey1,Jenner3,Jensen1,Jerald1,Jeramiah1,Jeramie1,Jeramy1,Jerard-Dranoel1,Jerel1,Jeremey1,Jérémi11,Jeremiah1,Jeremias57,Jeremy1,Jeremy-Jacob1,Jerett1,Jerez1,Jeriah4,Jericho1,Jerimiah2,Jermain1,Jermey1,Jermone9,Jerome1,Jeromi1,Jerone1,Jerrall1,Jerrance1,Jerricko1,Jerrid1,Jerrison1,Jerrit1,Jerrod7,Jerry1,Jeshon1,Jesiah2,Jess76,Jesse5,Jessie2,Jessy1,Jestin1,Jestoni1,Jesunder1,Jet1,Jeter1,Jetmir#,12,Jett1,Jettson1,Jeulian1,Jevan4,Jevon1,Jhelson1,Jherek1,Jherykho1,Jhett1,Jiahe1,Jiaming1,Jibran2,Jibril1,Jiet1,Jihad1,Jihoo2,Jim4,Jimmy1,Jimond2,Jin1,Jirby1,Jivan1,Jiwoo1,Joahua1,Joban1,Jock1,Jocsin1,Jodell4,Joe51,Joel1,Joël1,Joemari8,Joey4,Johan1,Johannes81,John15,Johnathan4,Johnathon6,Johnny1,Johnothan2,John-Paul5,Johnson1,Johntay1,Jomari5,Jon1,Jona37,Jonah10,Jonas#,1,Jonas-Miguel62,Jonathan6,Jonathon1,Jonee1,Jonté1,Jon-Terence1,Jonus1,Joonwoo1,Joraver1,Jord1,Jordache135,Jordan1,Jordao1,Jorden1,Jordi15,Jordon1,Jordy1,Joreson3,Jorge2,Jori1,Jory1,Josahi2,Jose1,José3,Josef99,Joseph1,Joseph-Ali8,Josh1,Joshan1,Joshawa325,Joshua1,Joshuah1,Joshua-Lemule21,Josiah1,Josua1,Jovany1,Jozsef1,JT1,Juan1,Juan-Marco2,Judah8,Jude1,Jugjot1,Juho1,Jules28,Julian6,Julien1,Julién#,2,Julio4,Julius1,Julius-B1,Jullien1,Jullius1,Junior1,Jusdin1,Jussi4,Justen9,Justice137,Justin1,Justis1,Juston2,Justus2,Justyn1,Jwaied1,Jyden1,Jyl1,K.C.1,Kaaden1,Kaanan1,Kaarlo3,Kabir1,KaCey1,Kacey13,Kade1,Kadeem42,Kaden1,Kadence4,Kadin1,Kadon2,Kadyn1,Kadynn9,Kaeden1,Kaedin1,Kaedon1,Kaegan6,Kael6,Kaelan2,Kaeleb2,Kaelen1,Kaelten1,Kafui1,Kagan2,Kagen1,Kaghlen1,Kahari1,Kahlildin#,32,Kai3,Kaidan1,Kaide25,Kaiden1,Kaidon1,Kaidyn1,Kaiel1,Kaieson4,Kail1,Kailan1,Kaile3,Kaileb1,Kailen1,Kaima1,Kain2,Kaine1,Kainen1,Kais2,Kaito1,Kaje1,Kalan21,Kale46,Kaleb1,Kaled2,Kalem8,Kalen3,Kallen1,Kallub2,Kalum1,Kalus1,Kalvin2,Kamal1,Kamandeep1,Kamaru1,Kameron1,Kamil1,Kamran1,Kamryn8,Kane1,Kanin1,Kanwarsher5,Karan1,Karandeep1,Karanpal1,Karanveer1,Karanvir3,Kareem1,Karel#,1,Karim5,Karl1,Karman1,Karmen1,Karmveer1,Karn3,Karsen4,Karson1,Karsun2,Karter1,Kartik1,Karver1,Kase2,Kasen2,Kasey1,Kashawn1,Kashif1,Kashten1,Kashton1,Kashus1,Kasi1,Kasian1,Kassam1,Kassem1,Kassidy1,Kassim1,Kassius1,Kavanaugh1,Kavin1,Kay2,Kaya4,Kaydan3,Kayde26,Kayden1,Kaydence1,Kaydince1,Kaydon1,Kayin1,Kayl1,Kaylan3,Kayle3,Kaylib2,Kaylon1,Kaymin1,Kayne1,Kaysen1,Kaz1,Kazim#,1,Kazuo1,Kazvinder1,Keadan9,Keagan1,Keagen1,Kealan1,Keally1,Kean1,Keanan1,Keanau1,Ke'Andre2,Keane1,Keanen2,Keanu1,Kearan2,Keaten1,Keatin10,Keaton1,Keedance1,Keedon1,Keefer44,Keegan1,Keegon1,Keegyn4,Keelan1,Keeland1,Keelin1,Keeling1,Keely20,Keenan1,Keerthigan1,Keeton1,Kehulani2,Keifer2,Keigan1,Keilan1,Keillen1,Keion1,Keir3,Keiran1,Keiren1,Keirnan2,Keiron11,Keith1,Keiven1,Kelbie1,Kelk1,Kellan#,1,Kellen5,Kelly2,Kelsey1,Kelson1,Kelston5,Kelton3,Kelvin1,Kemuel1,Kenan2,Kendall2,Kendrick1,Kennedy2,Kennen1,Kenner15,Kenneth2,Kenny2,Kent3,Kenton1,Kenyatta1,Kenyon1,Kenzie5,Keon1,Keowen1,Kerrighan1,Keschell1,Keshaun1,Keshawn1,Kestin1,Keston1,Kevan48,Kevin1,KeVinh1,Kevin-Phi1,Kevy1,Keyaren1,Keyen1,Keyno1,Keysean2,Keyshawn3,Khaled1,Khaleef2,Khalid2,Khalil1,Khang1,Khaylem1,Khurgan1,Kia4,Kian#,2,Kiefer1,Kiegan1,Kiegen26,Kieran1,Kierstan1,Kiewitt1,Kimball1,Kin2,Kingsley1,Kinnkade1,Kinnon1,Kinson1,Kipp2,Kiran4,Kirk1,Kirkland1,Kirstian1,KiseYotin1,Kjell1,Klynd22,Kobe3,Kobi1,Kobin9,Koby1,Kobyn1,Koddy1,Kode1,Kodi10,Kody3,Koen5,Kohl1,Kohner1,Kolade2,Kolbe1,Kolbie22,Kolby10,Kole1,Kolen1,Kolt1,Koltan2,Kolten3,Koltin8,Kolton1,Kolton-Myles -Joseph3,Konner3,Konnor4,Konrad1,Konstantin#,2,Konstantinos1,Korben1,Korbin1,Korcin1,Kordel1,Korgan1,Korrin1,Kort1,Kortez1,Korwin2,Kory1,Kosta1,Koty1,Kourosh1,Kovell1,Kowen1,Kraze1,Kreeshen2,Kris1,Krish1,Krishi1,Krishna1,Krishnan1,Krisopher1,Kristan1,Kristen5,Kristian1,Kristjan1,Kristof1,Kristoffer12,Kristopher1,Krylleen3,Krystian1,Krz1,Kuenywar1,Kuin1,Kulbir11,Kurt9,Kurtis1,Kush1,Kushal1,Kwang1,Kwok-Chun1,Ky1,Kyden7,Kye1,Kyeler1,Kyeran#,2,Kylan1,Kylar155,Kyle1,Kyle-B.4,Kylen23,Kyler1,Kyman3,Kyran1,Kyrell1,Kyro1,Kyrus1,Kyson1,Kytrel1,Laadan9,Lachlan1,Lachlin1,LaDainian1,Lael8,Laine1,Laird1,Laith1,Lakhan1,Laksh1,Lalite1,Lanahm4,Lance7,Landen28,Landon1,Landry17,Lane1,Langden1,Langdon1,Langley2,Lanny1,Lanz2,Larry1,Lars1,Laszlo1,Lat2,Latrell2,Laurence3,Lawrence1,Lawsen5,Lawson9,Layne3,Layton2,Lazarus1,Leander#,1,Lee1,Leeland1,Leeson11,Leif2,Leighton1,Leith1,Lelan1,Leland1,Lennex1,Lennix1,Lennon1,Lennox7,Leo8,Leon1,Leonard1,Leonardo1,Leoyd-Erich2,Leroy2,Leslie2,Lestat1,Lester1,Letrell1,Levente45,Levi1,Levitt7,Lewis1,Lexington1,Leyton155,Liam1,Liam-Kalen1,Lian1,Liem1,Limuel7,Lincoln5,Linden1,Linus2,Lleyton4,Lloyd1,Lluis1,Loche1,Lochiel1,Lochlan195,Logan2,Logen1,Loggan1,Logun1,Loïc1,Lorenso#,1,Lorenz5,Lorenzo1,Lou1,Louii2,Louis1,Lovedeep1,Lowell1,Luan9,Luc5,Luca5,Luca115,Lucas1,Lucas-Braie1,Lucias1,Lucien1,Lucious1,Lucky1,Luigi1,Luigj1,Luis1,Luka11,Lukas2,Lukasz92,Luke1,Lukus1,Lutfi3,Luther1,Lyall3,Lynden5,Lyndon5,Lyndon1,Maalik1,Maanev1,Maarij1,Mac1,Macausland1,MacCoy1,Mace1,MacEwan1,Machail1,Machaus1,MacInnes1,Mack17,Mackenzie7,MacKenzie1,Mackinley1,Macklain2,Maclean#,1,Macleod1,Maddock1,Maddux1,Mading3,Madison1,Maesen1,Maeson1,Magaus2,Magnus2,Maguire1,Mahammad1,Maher5,Mahmoud2,Maison1,Majid2,Major1,Makafui1,Makai1,Makale1,Maksen1,Maku7,Malachi1,Malachy2,Malakai1,Malaki8,Malcolm1,Malcom1,Malechy2,Malik1,Malikai1,Maliki1,Malith1,Manannan4,Manav1,Mandeep3,Manjot1,Mankerman1,Mankirat1,Manley1,Manny1,Manpreet3,Manraj1,Mantaj1,Manveer1,Manvir1,Maple1,Maquade8,Marc#,6,Marcel3,Marcelo10,Marco1,Marcos39,Marcus1,Mareck7,Marek1,Marinus3,Mario1,Marion1,Marios2,Marius32,Mark1,Markel1,Markell1,Markian1,Markiann1,Markjoel6,Marko11,Markus1,Marl2,Marley1,Marlon3,Marshal17,Marshall14,Martin1,Marty1,Maruf4,Marvi n1,Marwan2,Masen1,Masin93,Mason1,Massimo1,Matayo1,Mateen8,Mateo2,Mateus1,Mateusz1,Mathaiyo2,Matheson29,Mathew5,Mathias4,Mathieu1,Matias2,Matt1,Mattaeus13,Matteo#,1,Matthan1,Mattheau1,Mattheiv249,Matthew3,Matthias3,Mattias1,Maui1,Maveric3,Maverick24,Max1,Maxamus1,Maxen9,Maxim1,Maxime3,Maximilian1,Maximiliano1,Maximillano1,Maximillian8,Maximus35,Maxwell1,Maxx1,Maxximo1,Maxym1,Mayok2,Mazin1,McCallum2,McCoy1,McKale1,McKayla1,McKinley1,Meguel1,Mehtab1,Mehzin1,Meiler1,Melek3,Melvin3,Memphis1,Menachem1,Mendel1,Menno1,Merek1,Merhi2,Merrick1,Merrill1,Metro1,Mhyko11,Micah1,Micaiah#,141,Michael1,Michael-Collin19,Micheal1,Michial1,Micky-Lee1,Mico1,Mielad7,Miguel2,Mika1,Mikael1,Mikaël1,Mikal2,Mike2,Mikhail3,Mikkel1,Miklo1,Miku2,Milan1,Milek6,Miles1,Miley1,Milo1,Milos1,Milo_2,Mir1,Mitcheal4,Mitchel42,Mitchell1,Mizael1,Moah1,Modubbir7,Mohamad1,Mohamad-Bakr1,Mohamad-Said9,Mohamed8,Mohammad1,Mohammad-Hassan13,Mohammed1,Mohit1,Mohmmedmhdi1,Mohummad-Nabil2,Moise1,Moneeb1,Montana1,Montgomery1,Monty13,Morgan1,Moriese#,1,Morris1,Mosa5,Moses1,Mouhamed1,Moulay1,Mounir1,Moussa1,Moustafa1,Muadh1,Muaz8,Muhammad1,Muhammed1,Muh-Juhtheen1,Muneer1,Munroe1,Muntadher1,Musajan3,Mustafa1,Mustaffa1,Mykel1,Mykinin2,Mylar8,Myles1,Myron1,Naail1,Naatoyikakatosina1,Nabeel1,Nadav3,Nader1,Nainoah1,Najeeb2,Nakoda1,Nam-Trong1,Nanda1,Naod1,Naolin1,Nao-Nao1,Narcisse1,Naseem3,Nash1,Nashoa1,Nashville1,Nasland1,Natalis4,Nate151,Nathan9,Nathanael3,Nathanial#,44,Nathaniel1,Nathanyal2,Nathen1,Nathius1,Natnael1,Navarone3,Navdeep1,Naveh1,Navin2,Navjot1,Navpreet2,Navraj1,Navroop1,Nayte1,Nazron1,Neema1,Neiko9,Neil1,Neithan6,Nelson1,Nelz1,Neo1,Nethaniel1,Nevan1,Neven1,Nevyn1,Newton1,Ngor1,Nhail1,Nichalas192,Nicholas1,Nicholas -James1,Nicholas -Nymar2,Nicholaus1,Nicholis3,Nick1,Nicklas2,Nicklaus1,Nicklous10,Nickolas2,Nickolaus1,Nickuima2,Nico2,Nicola1,Nicolaos40,Nicolas1,Nicolay1,Niels#,4,Nigel1,Niilo1,Nikhil1,Nikita-Ilya1,Nikkolas1,Niklas2,Nikola5,Nikolai19,Nikolas1,Nikulas1,Nils1,Nimai1,Nineck-Wousse1,Nishan1,Nissan1,Niyaz2,Noa155,Noah1,Noal1,Noam5,Noel1,Noelan1,Noelin1,Nohlan77,Nolan1,Nole2,Nolen1,Noll1,Nooh2,Noor1,Noordeep1,Norbert1,Norse1,Nour1,Nown1,Nuer1,Nujdar1,Numon1,Nur1,Nuradin1,Nyal1,Nykolas1,Nyles2,Nyok2,Oakley1,Obada1,Obayy1,Ocean#,1,Oden1,Odin1,Olav1,Ole3,Olin20,Oliver1,Ollie1,Oluwadamilola1,Oluwadare1,Omaid1,Omair16,Omar1,Omar-Kemal1,Omarmukhtar1,Omer1,Omik1,Omran1,Omyal1,Onojie3,Oren1,O'rian2,Orin2,Orion1,Orren6,Orrin6,Oscar1,Oscar-Alexander1,Oskar1,Osman1,Osten1,Osura1,Oswald1,Othman1,Otis1,Otto1,Oubay1,Oumran95,Owen1,Owo1,Ozzy1,Pacen1,Pacey1,Paden1,Paetin1,Pake1,Palmer1,Panav1,Panayotis#,1,Panther2,Paolo1,Paramdeep3,Paramvir1,Parco1,Pardeep2,Paris56,Parker1,Parneet1,Parsa2,Parth1,Partik1,Partish1,Pascal1,Pason1,Pasquale1,Paton1,Patric39,Patrick1,Patrik29,Paul3,Paulo1,Pavel1,Pavit1,Pavlo7,Paxton2,Payden15,Payton1,Pearce2,Pearson1,Peirce1,Percy1,Pernell2,Perry1,Perumal2,Petar34,Peter12,Peyton1,Phearson12,Philip1,Philipp1,Philippe11,Phillip9,Phoenix1,Phong1,Phrances1,Phu10,Pierce#,4,Pierre1,Pieter1,Piita1,Piper1,Por4,Porter1,Prabhjosh3,Prabhjot1,Prajivan1,Pran1,Pranav1,Pranay1,Praneet1,Preetpal1,Preslee2,Presley1,Prestin17,Preston1,Princevir1,Procopios1,Promit1,Qaasim1,Qaim1,Qayz1,Quade2,Quaid1,Quest1,Quhyun2,Quin1,Quinceki1,Quinci1,Quincy29,Quinn6,Quinten6,Quintin1,Quintinn9,Quinton1,Qummar2,Quoc1,Rabbie1,Rabeih1,Rabih1,Racheid1,Rad-Cris1,Raeff1,Raegan1,Raf1,Rafael#,1,Rafat1,Rafe1,Rafi1,Ragan1,Rage2,Rahat1,Rahil1,Rahim1,Rahman3,Rahul1,Raidan6,Raiden2,Raine1,Raistlin1,Raj1,Raja3,Rajan1,Rajanbir1,Rajat1,Rajbir2,Rajdeep1,Rajin2,Rajvir1,Rajwinder1,Rajyeet1,Raleigh2,Ralph1,Raman1,Rameez1,Ramey1,Rampreet1,Ramsay1,Ran1,Rand2,Randal2,Randall2,Randeep1,Randle1,Randolf7,Randy1,Rane1,Ranier1,Ranjote2,Raphael1,Rasheed1,Rasmus1,Rastus1,Raul#,1,Raumi1,Raunak4,Raven4,Ravi2,Ravinder1,Ravneet1,Ravpreet1,Rawlie1,Rawtha4,Ray5,Rayden1,Rayfe1,Rayhab1,Rayhan1,Rayman17,Raymond2,Rayne1,Read2,Reagan1,Rec1,Reda26,Reece9,Reed3,Reegan2,Rees23,Reese1,Reeth1,Reeve4,Regan3,Reginald1,Regnauld1,Rehman1,Reichel18,Reid1,Reif1,Reihen1,Reil1,Reiley5,Reilly1,Reily1,Reinn1,Reise1,Réjean1,Rémi1,Remington1,Remy1,Rémy1,Ren#,1,Renato1,Rene1,Reng1,Renn1,Reon5,Reuben1,Reuel1,Reyce10,Rhett1,Rhey1,Rhodes1,Rhonit1,Rhylan18,Rhys1,Rian5,Ricardo32,Richard1,Richi1,Richie3,Rick1,Ricki1,Rickwinder5,Ricky1,Rico1,Rida2,Ridley1,Ridly1,Riel1,Rielly1,Rigel1,Riker1,Rikus122,Riley2,Rio1,Risheel1,Risto1,Ritch1,Ritchie7,River1,Rizwan2,RJ1,Roan4,Robbie2,Robby1,Robel63,Robert1,Roberto1,Robin#,1,Robinjot2,Robson1,Rocco2,Rochdi1,Rockey6,Rocky1,Rod1,Roddy1,Roderick1,Rogan2,Roger7,Rohan1,Rohin3,Rohit2,Roland1,Rolando6,Roman1,Romart2,Romel1,Romeo1,Rommell4,Ronald1,Ronan1,Roni1,Ronik1,Ronil4,Ronin1,Ronnie5,Rory1,Rosan1,Roshan6,Ross1,Rove8,Rowan3,Rowen1,Rowyn2,Roy1,Royan2,Royce1,Rron2,Ruben1,Rudransh1,Rudy1,Rueben1,Russ16,Russell196,Ryan8,Ryder#,1,Ryerson1,Ryhker9,Ryker1,Rykert44,Rylan4,Ryland7,Rylee3,Rylen26,Ryley2,Rylie1,Rylin1,Rylund1,Rymel1,Ryo1,Rythm1,Ryu1,Ryves1,S.1,Saad1,Saad-Chaudry1,Saam1,Sabastian3,Sacha1,Sachin1,Sadat1,Sade1,Sadiq2,Saeed1,Safir7,Sage1,Sahajdeep2,Sahib1,Sahibdeep1,Sahibraj4,Sahil1,Sahildeep4,Said3,Saif1,Saifi1,Saihaj1,Sajaad1,Sajan1,Saje1,Sajid1,Salahadeen2,Saleem1,Saleh1,Salem#,1,Salix1,Salm3,Salman9,Sam1,Sama1,Samael1,Samarjit1,Sameen3,Sameer1,Sameeruddin3,Sami3,Samir1,Sammi4,Sammy1,Samron7,Samson3,Samual134,Samuel2,Sandro1,Sanjayan1,Santé3,Santiago1,Sapinder1,Saqib1,Sara1,Sarb1,Sarmad1,Sarry1,Sascha2,Sasha1,Satvir1,Saul1,Saul-Andres1,Savatei14,Sawyer1,Saxon1,Saysana1,Sayuru1,Scheie33,Scott1,Seaden1,Sea-jay1,Séamas7,Seamus53,Sean1,Sean-Michael1,Seattle1,Sebastiaan#,19,Sebastian1,Sebastián5,Sebastien1,Sebastien-Dale1,Sebastin1,Seeraj1,Seerat1,Sehaj1,Se-Hoon1,Sehrab1,Seiji1,Semeon1,Senan1,Seniru1,Senna1,Séparjé1,Sequoyah1,Serbo1,Serge91,Seth1,Seung1,Shaahid1,Shaaml1,Shabaaz1,Shade1,Shaden5,Shadi1,Shadrack3,Shae1,Shaeden1,Shaey1,Shahab1,Shaheer1,Shaher1,Shahryar1,Shai1,Shale1,Shalvin1,Shamal1,Shamil1,Shamoas1,Shamous1,Shan31,Shane1,Shannon1,Sharjeel1,Sharrone1,Sharwon#,1,Shaughn6,Shaun27,Shawn1,Shawndell6,Shay3,Shayden1,Shaye2,Shayle1,Shaylon1,Shaymus1,Shaymys1,Shayne1,Shaynesh1,Shayte4,Shea1,Sheadon3,Shelby15,Sheldon1,Sheldyn1,Shem2,Shemar1,Shenal1,Sherali1,Shershah1,Sherwin1,Sherzod1,Shilo3,Shivam1,Shivneil1,Shivom1,Shjon1,Shuaib2,Shubham1,Shuege1,Shuib1,Shukri1,Shun1,Shur-Khan1,Shyne1,Siad1,Sid1,Sidney1,Siggi10,Silas1,Silvan1,Simardip1,Simarpreet33,Simon#,1,Simranjot1,Simrat1,Singh1,Siraj1,Sjoren1,Skene1,Sky1,Skyden2,Skye8,Skylar21,Skyler1,Skylor5,Slade1,Sladen1,Slate1,Sloan1,Sloane1,Sofian1,Solomon1,Solomun1,Soltan3,Sonny1,Sony2,Soren1,Spence60,Spencer1,Spenser1,Spiros1,Stacey1,Stacy1,Stan1,Stanis1,Stanlee2,Stanley2,Steele1,Steen7,Stefan1,Stéfan2,Stephan1,Stephane1,Stéphane12,Stephen1,Stepho8,Sterling1,Steve38,Steven1,Steven-Ph1,Stevien#,3,Stewart2,Stone2,Storm1,Struan1,Stryder3,Stuart1,Styles1,Subhaan1,Suhaib1,Suhail1,Sukhanpal1,Sukhbir1,Sukhpreet2,Sukhraj1,Sukhveen2,Sukhvir1,Sultan1,Sumeet1,Sumer1,Sunday1,Sunpreet1,Sunray1,Suren1,Surge1,Sutter1,Sven1,Sy1,Sydney2,Syed1,Sylas1,Sylvan1,Szczepan1,Tadao1,Tade1,Taden1,Tadgh1,Taegyn1,Taffary2,Taha1,Tahir1,Tahjuan1,Tahlon1,Taiki1,Tailey4,Tait1,Taiton1,Taiyo1,Tajveer#,1,Takeo1,Tako1,Takoda2,Takumi1,Talal1,Talen2,Talin1,Tallan1,Talland1,Tallen1,Tallin2,Talmage13,Talon1,Talyn1,Tam1,Tamer1,Tan1,Tanin73,Tanner1,Tano1,Tanveer2,Tanvir1,Taran1,Taranveer1,Taras5,Tarek1,Taren1,Tarik2,Tarin4,Tariq1,Tarran1,Tarrell2,Tarren1,Taryk1,Taryn1,Tashaundré1,Tason10,Tate1,Tater1,Tatius1,Tatsuya1,Taurelle1,Taven3,Tavis2,Tavish1,Tavyn1,Tawn-Jay1,Tawsif#,1,Tayce1,Taydum2,Taye1,Tayib2,Taylen2,Tayler38,Taylor4,Tayson1,Tayte1,Tayten1,Tayz1,Taz8,Teagan1,Teagan-Vi1,Teagen1,Teague1,Teagyn2,Ted2,Teddy4,Teegan2,Tegan1,Tegen1,Teghan1,Tegin3,Teigan1,Teigen2,Teio1,Tejhas1,Tejinder1,Temilolu1,Tennyson1,Teodor3,Terence1,Terna2,Terran5,Terrance1,Terrel1,Terrell1,Terrelle1,Terren2,Terrence1,Terrik1,Terril1,Terris3,Terry1,Terry-John1,Teryn1,Tévan#,1,Tezriel1,Thadius1,Thai-son1,Thamindu4,Thane1,Thanos1,Thao1,Thayne2,Theo6,Theodore1,Théofan2,Theoren3,Theron1,Thiago1,Thien106,Thomas1,Thomas-James1,Thomaz1,Thompson1,Thor1,Thoran1,Thoren1,Thorne2,Thunder1,Thye1,Thys1,Tie1,Tien1,Tiergan1,Tiernan1,Tiger5,Tim1,Timber1,Timisayo3,Timmy27,Timothy1,Timothyjustin1,Tisen1,Titan6,Titus1,Tivyn4,Tobias1,Tobin2,Todd3,Tom5,Tomas1,Tomasz1,Tombe#,1,Tommaso1,Tommie12,Tommy1,Tomo5,Tony1,Topan4,Torin1,Torre1,Torren2,Tory2,Toufic1,Toufiq3,Trace1,Traejan1,Trahan1,Trai1,Traiton2,Tran1,Travein1,Travers1,Travin35,Travis1,Trayc1,Trayden1,Traynor3,Trayton1,Trazz1,Tre1,Treigh1,Trenin1,Trennon11,Trent2,Trentin6,Trenton2,Treston16,Trevor22,Trey1,Treyden1,Treydon1,Treysen1,Treyten6,Treyton1,Treyvon1,Trice1,Trigg1,Tristain105,Tristan19,Tristen#,14,Tristin2,Triston1,Tristyn1,Triton12,Troy1,Truce3,Truman1,Trustin1,Tryan4,Trystan2,Trystin1,Trystn1,Trystyn1,Trystyne1,Trytann1,Tuan-Gia4,Tucker1,Tulsa1,Tung1,Turab2,Turner2,Tushar1,Twana51,Ty1,Tyberious2,Tyce1,Tycen14,Tye1,Tyee4,Tylan1,Tylelr189,Tyler1,Tylor3,Tynan1,Tyrae3,Tyran1,Tyre1,Tyree1,Tyreece1,Tyreece-Micheal2,Tyreese1,Tyreik6,Tyrel14,Tyrell1,Tyrell-John-Walter-James3,Tyren7,Tyrese1,Tyriese#,1,Tyrin9,Tyrone2,Tyrus1,Tyruss1,Tysean4,Tysen1,Tyshawn72,Tyson1,Tytan1,Tyus1,Ulises1,Umar1,Umayr1,Umer1,Ushsaknee1,Usman1,Uzair1,Uzayr1,Vaishnav1,Valdrin1,Valentino2,Van1,Vance1,Vancel1,Varun1,Vasil1,Vaughn1,Ve1,Vernon1,Vessilij6,Victor1,Viêt2,Vikram1,Viktor1,Vinay2,Vince14,Vincent2,Vincenzo1,Vinh1,Vladimir1,Vuong1,Vzair1,Wacey7,Wade2,Wahid1,Wa-il1,Wajeeh1,Waleed#,1,Walid9,Walker3,Walter3,Warner4,Warren1,Warrion1,Wasyl2,Wayde3,Waylon2,Wayne1,Weeam1,Wesam20,Wesley3,Wessam2,Weston1,Whyston1,Wil1,Wilco2,Wilhelm7,Will4,Willem158,William1,Willie3,Willis1,Willow1,Willson4,Wilson1,Wilton1,Wily5,Winston1,Woo54,Wyatt1,Xaben1,Xamier3,Xander1,Xane1,Xanthan16,Xavier1,Xavior2,Yahya1,Yakoub1,Yaneder1,Yani1,Yannis1,Yans1,Yaqub2,Yaseen1,Yash#,1,Yashar1,Yashveer1,Yasin1,Yhakubu1,Yiorgos1,Yohan1,Yohannes1,Yomel1,Yong1,Yoshiya1,You-Min1,Youn1,Youness2,Yousef1,Youssef1,Yuhi1,Yuki2,Yuri2,Yusef1,Yusif1,Yussry2,Yusuf1,Yuvraj2,Zach1,Zachareah1,Zachari1,Zacharia6,Zachariah1,Zacharie161,Zachary10,Zachery5,Zack1,Zackaria12,Zackary1,Zackeriah9,Zackery1,Zackeryah1,Zackry2,Zade1,Zaehn1,Zahab1,Zahir1,Zaiden1,Zaidyn5,Zain1,Zainalabdeen1,Zaine1,Zakari#,1,Zakaria1,Zakarius1,Zakariya4,Zakary1,Zakhil2,Zaki1,Zakir1,Zakkary6,Zander1,Zandus15,Zane1,Zanna1,Zanty1,Zanyar1,Zareck1,Zarian1,Zawadi4,Zayd1,Zayde1,Zayden2,Zayn1,Zearlim1,Zeka1,Zennen2,Zephan1,Zeshan2,Zeth1,Zhakary1,Ziad1,Zian1,Ziegan1,Zigmond2,Zion1,Zoltan1,Zorawar1,Zorian1,Zuhaib1,Zulfukar1,Zulnorain1,Zulqurnain1,Zyon