,Baby Boys  Names Registered in 2003   # ,Boy Names 1 ,A.J. 1 ,Aadam 1 ,Aaden 1 ,Aadesh 1 ,Aakashdeep 1 ,Aalt 1 ,Aaqib 1 ,Aariz 90 ,Aaron 1 ,Aasher 1 ,Aashish 1 ,Aayden 1 ,Aayush 1 ,Abas 3 ,Abbas 2 ,Abdallah 1 ,Abdelrahman 1 ,Abdilshafi 1 ,Abdiraheem 1 ,Abdirahman 1 ,Abdi-Shukuur 1 ,Abdu-Arrahman 2 ,Abdul 1 ,Abdul-Arrahman 1 ,Abdulaziz 1 ,Abdulbari 1 ,Abdulkerim 3 ,Abdullah 1 ,Abdullahi 1 ,Abdulrahim 5 ,Abdulrahman 1 ,Abdul-Wadud 1 ,Abdur 2 ,Abhay 1 ,Abhijeet 1 ,Abhinav 1 ,Abhishek 1 ,Abolfedhl 7 ,Abraham 3 ,Abram 1 ,Acadian 1 ,Ace 1 ,Acem 1 ,Acer 1 ,Achut 1 ,Adady 141 ,Adam 1 ,Adam-Yassine 2 ,Adan   # ,Boy Names 1 ,Addisen 8 ,Addison 1 ,Adedayo 1 ,Adegoke 2 ,Adel 10 ,Aden 1 ,Ader 2 ,Adian 2 ,Adil 1 ,Adin 1 ,Aditya 3 ,Adnan 2 ,Adonis 1 ,Adreyan 21 ,Adrian 1 ,Adrian 2 ,Adrien 2 ,Adrik 2 ,Adyn 2 ,Aedan 1 ,Aeden 1 ,Aedyn 1 ,Aeron 1 ,Afif 1 ,Aftab 1 ,Agape 1 ,Ahemd 5 ,Ahmad 22 ,Ahmed 1 ,Ahsaan 1 ,Ahsan 130 ,Aidan 124 ,Aiden 1 ,Aidin 1 ,Aidon 5 ,Aidyn 1 ,Aimery 1 ,Airn 1 ,Aistin 1 ,AJ 3 ,Ajay 1 ,Ajeetpal 1 ,Akaash 3 ,Akash 2 ,Akhil 1 ,Akhile 1 ,Akil 1 ,Aksh 2 ,Alaa   # ,Boy Names 1 ,Alac 1 ,Alain 5 ,Alan 1 ,Alanus 1 ,Alazare 2 ,Albara 9 ,Albert 1 ,Albijon 1 ,Alborz 2 ,Alden 1 ,Aldin 11 ,Alec 1 ,Aleck 1 ,Aleem 5 ,Alejandro 2 ,Alek 1 ,Aleksandar 1 ,Aleksander 1 ,Aleksei 1 ,Alend 3 ,Alessandro 38 ,Alex 197 ,Alexander 1 ,Alexander 9 ,Alexandre 1 ,Alexavier 3 ,Alexei 2 ,Alexey 1 ,Alexio 2 ,Alexis 3 ,Alexzander 1 ,Alexzander-James 1 ,Alfie 2 ,Alfred 1 ,Alhaji 1 ,Al-Hakeem 27 ,Ali 1 ,Alife 1 ,Alijah 1 ,Alirida 1 ,Alisina 2 ,Alistair 1 ,Aliyan 1 ,Alize 4 ,Allan 5 ,Allen 1 ,Allyas 1 ,Almedin 1 ,Alonso #,Boy Names1,Aloysius1,Alphonso1,Altmash5,Alvin1,Alyzen1,Amaan1,Amadou3,Aman1,Amanpal1,Amanpreet1,Amanvir1,Amar1,Amarai1,Amaziah1,Ambrose1,Amed1,Ameen1,Ameer2,Amir1,Amit1,Amitabh2,Amjad2,Ammar1,Amos2,Amr1,Amritbir1,Amtoj1,An1,Anakin1,Anand1,Ananun2,Anas2,Anatolio3,Anders1,Anderson8,Andon4,Andre6,Andreas5,Andrei1,Andres118,Andrew1,Andrey1,Andrija9,Andy1,Anekin1,Anferney2,Angad3,Angel1,Angeljo#,Boy Names5,Angelo1,Angke3,Angus1,Anirudh1,Anish2,Anmol1,Anoosh1,Anousone1,Ansel1,Ansen1,Ansh5,Anson1,Antero65,Anthony1,Anthony-Austin4,Antoine5,Anton10,Antonio1,Antony1,Anudeep1,Anusone1,Anwar1,Anyang1,Aodhin1,Arash2,Arashdeep1,Arbaz1,Archaen2,Archer1,Archie1,Ardell3,Arden1,Ardin1,Ardon1,Areeb1,Areez4,Ari1,Arian1,Arianit1,Arie3,Ariel3,Aries1,Arif3,Arik1,Arin1,Aristot1,Ariyan1,Arjan13,Arjun#,Boy Names1,Arkady1,Arkan1,Arland2,Arlen1,Arlo13,Armaan2,Arman1,Armanmirza1,Armann1,Armeen1,Armond1,Arnav1,Arnelle1,Arnveer2,Aron1,Arren3,Arron1,Arsalan1,Arsh1,Arshdeep1,Arshya1,Arslan2,Art1,Artemy7,Arthur1,Artin2,Arvin2,Arvind1,Aryaman7,Aryan1,Aryn1,Ashe7,Asher1,Ashesh1,Ashish1,Ashkan1,Ashlesh1,Ashley1,Ashneel1,Ashten1,Ashtin102,Ashton1,Ashuar1,Ashur1,Asim1,Asnaan1,Aspen1,Aspyn1,Aston#,Boy Names1,Ater1,Atipa1,Atlas1,Atlee1,Atom1,Auberon2,Aubrey1,August3,Augustus1,Aurelio1,Austaan2,Austen153,Austin1,Austin-James2,Auston4,Austyn1,Aven1,Avenn23,Avery1,Avin1,Avinash1,Avishai1,Avishek1,Avneesh1,Avneet1,Avninder1,Avnitik1,Avram1,Avrohom1,Avry1,Axan1,Axel1,Axton1,Aya1,Ayaan4,Aydan39,Ayden1,Ayden-Phoenix1,Aydon1,Ayman1,Ayo1,Ayoob1,Ayoub1,Aywastin2,Azaad2,Azaan1,Azariaus1,Azim1,Aziz#,Boy Names1,Bachech1,Baden1,Badger-lee1,Badr1,Bae-li8,Bailey1,Baker1,Baldeep1,Baljit1,Baljoban1,Balkaran1,Balraj1,Bao1,Barret3,Barrett1,Barrt1,Barry1,Bartholanew1,Bartok1,Baschar1,Basel2,Basil1,Bassel1,Bassim1,Baxter1,Bayne7,Beau1,Beaudry2,Beck1,Beckett1,Behrod3,Belal1,Belall1,Belmin18,Ben2,Benedict1,Benicio1,Benistan1,Benjamen195,Benjamin1,Benjamin-Arya1,Benjamine1,Benjamin-Parker1,Bennet7,Bennett2,Benny1,Benoit3,Benson1,Bentley#,Boy Names1,Berend1,Bergen1,Berkley4,Bernard1,Bernie1,Bevan2,Bhagat1,Bhavnoor1,Bidong1,Bihan1,Bijan4,Bilal1,Bilind3,Bill1,Billy1,Billy-Joe1,Birk1,Bjorn5,Blade1,Bladeyn1,Blain2,Blaine4,Blair1,Blais1,Blaise2,Blaize79,Blake1,Blane1,Blayden2,Blayze7,Blaze1,Bleon1,Blu2,Bo1,Boady1,Boaz4,Bobby1,Bode1,Bodey1,Bodhi1,Bodhy1,Bodi1,Bodie2,Boris1,Bosten4,Boston1,Bowdyn2,Bowen4,Boyd#,Boy Names2,Brad35,Braden1,Bradey1,Bradford21,Bradley1,Bradly1,Bradon50,Brady1,Brady-Cole1,Bradyn1,Brae2,Braedan32,Braeden10,Braedon6,Braedyn1,Brage8,Braiden2,Braidin1,Braidon1,Brandan3,Branden2,Brandin121,Brandon3,Brandt3,Brandyn1,Branson6,Brant1,Brantford1,Brantley1,Brawly4,Braxton1,Braydan1,Brayde99,Brayden1,Braydin9,Braydon1,BrayDyn1,Braylen1,Braysen1,Brayton2,Breck1,Brecken1,Bredy1,Bren1,Brenan35,Brendan12,Brenden1,Brendl7,Brendon#,Boy Names2,Brendyn19,Brennan9,Brennen1,Brenner1,Brennus9,Brent2,Brenton3,Bret1,Breton50,Brett1,Bretten1,Brevin1,Breyden1,Breylan1,Breyson21,Brian2,Brice1,Bridger1,Brier1,Brigham1,Brighten2,Brighton2,Briley1,Britan3,Broc17,Brock1,Broderick1,Broderik3,Brodey1,Brodi17,Brodie1,Brodin55,Brody2,Brodyn6,Brogan1,Brok3,Bronson1,Brooks1,Broxy5,Bruce1,Bruen10,Bryan1,Bryan-Khoa2,Bryant38,Bryce3,Brycen6,Bryden1,Brydon1,Bryer#,Boy Names1,Brylan1,Bryn1,Brynn1,Bryon1,Brysen10,Bryson2,Bryton2,Buomkuoth2,Burke1,Burton7,Byron1,Cabe3,Cache1,Cadan11,Cade23,Caden2,Caeden1,Caedence1,Caedin5,Cael9,Caelan2,Caelen2,Caelum1,Cage9,Caiden1,Caidyn2,Caige1,Cainan1,Caine1,Cains1,Caison1,Caithen1,Caius1,Calder15,Cale96,Caleb1,Calen1,Callaghan1,Callan1,Calle1,Callen10,Callum1,Callym1,Calo1,Calon1,Calthen1,Calub3,Calum17,Calvin#,Boy Names1,Cambell3,Camden1,Camdon92,Cameron1,Cameron-Francis3,Campbell1,Camrin3,Camron1,Camryn1,Cannon1,Canon1,Canyon1,Cao1,Caprice4,Carl1,Carlin6,Carlos2,Carsen96,Carson2,Carsten1,Carsyn136,Carter1,Cartyr2,Carver8,Casey1,Cash1,Cashe1,Cason1,Casper1,Cass1,Cassidy7,Cassius1,Casson1,Castin1,Cauy1,Caven1,Caydan12,Cayden1,Caydn1,Caydon1,Caydyn1,Caylem1,Caylen1,Caylum1,Caz1,Cecil1,Cedrek2,Cedric1,Cedric#,Boy Names2,Cedrick2,Chace13,Chad1,Chai1,Chain1,Chaise1,Chamdin16,Chance1,Chancey2,Chandler1,Chandon1,Chanh1,Chanse1,Chantana1,Chanveer1,Chanvera1,Chaos1,Charanpreet1,Charel1,Charlee26,Charles9,Charlie1,Charnjeet1,Charone1,Chas88,Chase1,Chase-James1,Chase-Jaxson1,Chasen1,Chaseton1,Chashamdeep1,Chasten1,Chastom2,Chayce1,Chays3,Chayse2,Chayston1,Chayton1,Chaz2,Chazz1,Chealsea1,Cheden2,Chet2,Chetan1,Chevvone1,Chevy1,Chiraag1,Chirstopher1,Chitpreet#,Boy Names1,Chivaun1,Chiyun6,Chris58,Christian1,Christiano1,Christien1,Christoff-Johan87,Christopher1,Christus1,Chriz-Albert1,Chukwugozie1,Chung1,Ciaden1,Cian7,Clark1,Clarke1,Claude5,Clay28,Clayton1,Clemond1,Cleon1,Cley1,Clifford3,Clint3,Clinton1,Clyde2,Cobe2,Cobey1,Cobi1,Coburn9,Coby1,Coda1,Codee1,Codey1,Codie80,Cody1,Coen3,Cohen1,Cohn58,Colby1,Colden166,Cole6,Coleman1,Coleten4,Coleton1,Coletrane24,Colin3,Collin2,Colson#,Boy Names1,Colt9,Colten3,Colter4,Coltin57,Colton1,Comry1,Conall3,Conan1,Coner1,Conin1,Conlan1,Conlin1,Connacher1,Connall34,Conner1,Connnor190,Connor8,Conor6,Conrad1,Conredge1,Constantine30,Cooper1,Coran1,Corban2,Corben27,Corbin3,Corbyn1,Cordale5,Cordell12,Corey1,Corey-Michael1,Corie1,Corkey2,Cornelius2,Corny1,Corona1,Corrin1,Corson1,Corvera1,Corvin1,Corwyn1,Corwynne6,Cory1,Court1,Couy1,Covin1,Cowyn1,Coy7,Craig#,Boy Names1,Crawford1,Crayton2,Creedance3,Creedence1,Creedon1,Creedyn1,Crestin1,Crishawn1,Crispin2,Cristian1,Cristopher1,Croy1,Cruze1,Cruzitos1,Cullen16,Curtis1,Cutler1,Cyril9,Cyrus2,Cyruss1,D.1,D.J1,Daaha1,Daaniel1,Dacey1,Dacian1,Dade1,Daelan1,Daemen1,Daemon2,Dagen1,Dahlton1,Dailen1,Daimien2,Daimon1,Dain1,Dainen1,Daityn1,Daivin1,Dakoata19,Dakota2,Dakotah1,Dalamar5,Dale1,Dalen1,Dalin18,Dallas1,Dallen6,Dallin#,Boy Names1,Dallyn1,Dalten11,Dalton1,Dalys1,Damaticus1,Dameik1,Damen16,Damian23,Damien1,Damin2,Damion29,Damon1,Damyn4,Dan7,Dane2,Danick169,Daniel1,Daniel1,Daniele1,Daniil1,Danish1,Dannick8,Danny1,Danrel15,Dante3,Dante1,Danyon2,Danzel5,Darcy1,D Arcy1,Darcy-James16,Darian7,Darien1,Darin3,Dario1,Darion14,Darius1,Dariush4,Darnell2,Darrel2,Darrell9,Darren1,Darren-Patrick2,Darrian2,Darrien1,Darrion1,Darson1,Darven3,Darwin#,Boy Names1,Daryl1,Daryon1,Dash1,Dashant e1,Dashiel1,Dashiell2,Dason1,Dathan1,Dathen1,Dave2,Daven97,David1,David-Im1,David-ley1,David-Michael11,Davin6,Davis1,Davyd2,Davyn1,Dawsen48,Dawson1,Dawson-Taylor2,Dax1,Daxin3,Daxon2,Daxter1,Daycin1,Daydren5,Daylan11,Daylen1,Daylin5,Daylon1,Dayn1,Dayne1,Dayten1,Daythen19,Dayton1,Daytona1,Daz1,Daznil7,Deacon1,Deacyn2,Deagan1,Deaglan9,Dean1,Deandre1,Dean-Michael1,Decklyn21,Declan#,Boy Names1,Declyn1,Dedar3,Deegan1,DeeJay1,Dee-Jay1,Deekon1,Dehnen1,Deigo1,Deion1,Deitrich2,Dejan1,Deklin1,DeKota2,Del1,Delroy1,Delsin1,Demerise1,Demetri1,Demitrius2,Deng1,Dengelong2,Denim1,Denis7,Dennis1,Denny3,Denon1,Denton4,Denver3,Denzel2,Deon1,Dequane21,Derek2,Derian1,Deric3,Derrick1,Derris2,Deryk1,Desaun1,Deshaun2,Deshawn1,Deshi1,Desmand6,Desmond2,Destin1,Destyn1,Dethan1,Devalon5,Devan3,Deven#,Boy Names1,Deveron1,Devett24,Devin1,Devlan1,Devlen2,Devlin1,Devlin-Mitchell23,Devon1,Devyn5,Dexter1,Dexx1,Deyaeddin2,Dezmond1,Dhilan1,Dhillan1,Dhinzell2,Dhruv1,Dianicis1,Dias1,Diedrich12,Diego2,Diesel1,Diezel1,Dilbert1,Diljot4,Dillan1,Dillion16,Dillon4,Dilraj1,Dimetrus3,Dimitri1,Dimitrius1,Dimo1,Din1,Dino4,Dion1,Diondre1,Dirk1,Diviyan2,Dixon1,Djuro1,Dmitri1,Dodge1,Dolin1,Dolton1,Domanic3,Domenic2,Domenico1,Domick#,Boy Names52,Dominic11,Dominick1,Dominico7,Dominik2,Dominique2,Dominyk1,Domitri2,Domonic1,Domonique4,Don3,Donald1,Donato1,Donavan2,Donavin2,Donavon1,Donivin2,Donny10,Donovan1,Donte1,Donte7,Dorian1,Dorrian-Zander1,Dorrien1,Dorthy10,Douglas1,Douglas-Aries1,Doyle1,Draden2,Drae10,Drake1,Dralin1,Drandin4,Draven5,Drayden2,Draydin1,Draydon1,Draydyn1,Drayson1,Draytin2,Drayton1,Dreden1,Dredyn1,Dree11,Drew1,Drey2,Dreyden3,Dreydon1,Dreyen2,Dreyton#,Boy Names1,Drisden1,Driton2,Dru1,Drury7,Dryden1,Dryw3,Duane1,Dugan1,Dulton15,Duncan1,Duncan-angus1,Duol1,Duop23,Dustin1,Dusty3,Dustyn2,Dwayne2,Dwight1,Dyante171,Dylan1,Dylan1,Dylan-Blake1,Dylan-James1,Dylann1,Dylen3,Dyllan1,Dyllen1,Dyllon1,Dyllyn2,Dylon1,Dymond1,Dyntae1,Dyson1,Eadan1,Eagle2,Eamon1,Earl1,Eashaan1,Eashan1,Easson1,Easten19,Easton3,Eathan1,Eben1,Ebenzer1,Echo1,Edan1,Edbert1,Eddie#,Boy Names1,Eddy3,Eden2,Edin1,Edison1,Edmond3,Edmund1,Edoardo1,Edon1,Edrees2,Edric1,Eduardo1,Edvin15,Edward5,Edwin1,Eghin1,Egzon1,Ehren1,Eijah2,Eithan1,Elan1,Elden2,Eldon1,Elea1,Eleftherios1,Elfego23,Eli1,Elia1,Eliah1,Elian16,Elias1,Eliaz1,Elic49,Elijah1,Elijha2,Eliot1,Elisha7,Elliot3,Elliott3,Ellis1,Ellison1,El-Molamiwa1,Elroy1,Elton1,Elvin2,Elvis1,Emad2,Emanuel1,Emerik2,Emerson#,Boy Names2,Emery1,Emiliano5,Emilio1,Emitt6,Emmanuel1,Emmery7,Emmett1,Emmitt1,Emorey1,Enan1,Enayat2,Enoch1,Enrico4,Enrique2,Eoin3,Ephraim1,Ephrem1,Ephren1,Erek1,Erem1,Eremon1,Eren88,Eric3,Erich1,Eric-Junior2,Erick22,Erik1,Erlis2,Ernest1,Ernesto1,Ernie1,Eron1,Erwin1,Eryk1,Esah1,Eshaan1,Esmond1,Essen1,Esten1,Estin1,Eston1,Etan411,Ethan5,Ethen1,Ethon1,Ethyn1,Etienne2,Euan2,Eugene#,Boy Names1,Euwen185,Evan1,Evandor1,Evangelos1,Evan-lee1,Everet16,Everett1,Everette1,Everisto1,Evijot1,Evin1,Evyn9,Ewan1,Exzavier1,Eyob1,Eyobel3,Ezekiel2,Ezequiel5,Ezra1,Faalii1,Fabian1,Fahad1,Faisal1,Faizan1,Fallon1,Fanen1,Faraja2,Faran1,Fares2,Farhad1,Faris1,Farrel1,Farris1,Faruhk1,Faruq1,Fatehy1,Faust1,Favian1,Fawad8,Felix1,Felix2,Fernando1,Feury1,Fielding2,Filip2,Findlay1,Finlay1,Finley5,Finn#,Boy Names1,Finnegan1,Finnian1,Finnley1,Fionn1,Firas1,Florent1,Floyd1,Flynn1,Flynt1,Foaud1,Forest1,Foster1,Fox1,Foxx1,Frances1,Francesco12,Francis3,Francisco2,Franco1,Francois5,Frank1,Franklin2,Franky1,Frantisek3,Franz2,Fraser2,Freddy5,Frederick2,Fredrick1,Freedom1,Friederich1,Frost1,Fuzail3,Fynn1,Fynnean1,Fynnigan1,Fysher1,Gabe84,Gabriel1,Gabriel-Antonio1,Gabriele1,Gabryel2,Gagan1,Gagandeep32,Gage1,Gage-Ashton2,Gaige1,Gairon1,Galen#,Boy Names1,Galie1,Gamaliel1,Gannon1,Garan1,Garang1,Gared2,Garen1,Garet2,Gareth2,Garett2,Garin2,Garnet2,Garnett2,Garon1,Garred1,Garren3,Garret23,Garrett1,Garrin2,Garrison5,Gary1,Gatwech1,Gauge1,Gauravdeep3,Gavan3,Gaven73,Gavin1,Gavneet1,Gavri2,Gavyn1,Gazi1,Genaro1,Gene1,Genesis1,Geoff1,Geoffery3,Geoffrey1,Geordi16,George1,Georges1,Georgios1,Geovani3,Gerald1,Gerard1,Geremiah1,Gerhard1,Germain1,German1,Gerret#,Boy Names5,Gerrit1,Gerson1,Geryk1,Geryn1,Giacomo1,Giancarlo1,Giancarlos1,Gianluca1,Gianmarco1,Giann1,Gianni2,Gibson3,Gideon1,Gilbert1,Gilles1,Gino1,Giorgo5,Giovanni1,Giovanny1,Giuliano2,Giuseppe1,Glen1,Glenn1,Glynne1,Gobind-Karan1,Gohan1,Goran1,Goravpreet1,Gordie7,Gordon2,Govind1,Goy1,Gracyn2,Graden1,Gradon3,Grady1,Gradyn1,Graeham2,Graeme1,Graeson1,Graganroop10,Graham1,Graiden1,Granger3,Grant1,Grant-Daniel6,Grayden3,Graydon27,Grayson#,Boy Names1,Greenwood2,Gregor9,Gregory1,Grendell1,Greysen4,Greyson21,Griffin1,Griffyn1,Gryphon1,Guerin1,Guillermo1,Gurakash1,Gurbaksh1,Gurdeep2,Gurinder1,Gurjot1,Gurkaran4,Gurman1,Gurmun1,Gurnishan2,Gurshan1,Gursharn1,Gurvir1,Gustav2,Guy1,Guytan1,Gwendel1,H.1,Haadi1,Haaris1,Hadden1,Hadi1,Hady2,Hadyn1,Haelen4,Haiden1,Haidyn1,Haitham1,Haiven-Tra1,Hal1,Halen2,Haley1,Halil1,Hallyn2,Hamad1,Hammad7,Hamza1,Hamzah1,Hamzie#,Boy Names1,Hanan1,Hanet2,Hank1,Hannes2,Hanson1,Happy4,Hardy1,Harjas2,Harjot1,Harjovan1,Harkaran1,Harkirat3,Harlan1,Harlee2,Harlen10,Harley1,Harlin7,Harman1,Harmanjit1,Harmanjot1,Harmeet1,Harnoor2,Harold1,Harpan1,Harpartap2,Harper1,Harpreet1,Harris1,Harrisin13,Harrison1,Harrisson2,Harry1,Harsahib3,Harsh1,Harshaun1,Harshdeep1,Harshnoor1,Harshpreet1,Harshveer1,Harsimar1,Harsimrat1,Hart1,Hartik1,Harvey1,Harvyn1,Haseeb1,Hasham1,Hashim-Abdelnasir1,Hashneel#,Boy Names1,Hashton1,Haskaran1,Hasnaat2,Hasnain1,Hassaan10,Hassan1,Hastik1,Hatim1,Hau-Harrison1,Havana2,Haven1,Hawkin61,Hayden1,Haydin2,Haydn1,Haydon2,Hayes1,Hayvin1,Hayvon1,Haze2,Hazen4,Heath1,Heaton1,Heewa1,Heinrich1,Heinricht1,Hemeal1,Hendrik1,Hendrikus1,Henri2,Henrik1,Henrique23,Henry2,Herman1,Hesham1,Heshar1,Hevind1,Hezekiah1,Hien1,Hieu1,Hillary1,Hiroshi1,Hiwa1,Hoang14,Holden1,Honoah1,Hope1,Horizon1,Hosea#,Boy Names1,Hotaka2,Houston1,Howard1,Hudsen29,Hudson2,Hugh1,Hugh-Jonas5,Hugo1,Humjot2,Humza1,Humzah120,Hunter1,Husain1,Husayn1,Hussain1,Hussainali1,Hussain-Kyle3,Hussein1,Hussien1,Huston1,Huthayfah1,Huxley2,Hyrum1,HyungSig6,Iain32,Ian2,Ibraheem8,Ibrahim1,Ibrihem1,Idreese1,Ifeanyi1,Igor1,Ihras1,Ikveer3,Ilyas1,Imadudeen1,Imagin2,Imran1,Inder1,Inderpreet1,Indervir1,Ingmar1,Ioan1,Ira1,Irshad86,Isaac5,Isaak1,Isadore1,Isara#,Boy Names31,Isaiah2,Isaiha1,Isak3,Ishaan1,Ishan1,Isiah1,Iskwayatch1,Ismael1,Ismail1,Israel1,Issak1,Issam1,Issiah12,Ivan1,Iyaaz2,Izaac1,Izaak1,J.R.1,Jaad1,Jaafar1,Jaben1,Jabin1,Jabriel29,Jace1,Jace1,Jacel1,Jacen97,Jack1,Jackie77,Jackson4,Jacky244,Jacob1,Jacobi1,Jacob-Isaac1,Jacob-Riley3,Jad1,Jadd2,Jade67,Jaden1,Jadenn1,Jadin3,Jadon2,Jadyn1,Jaeden1,Jaerett1,Jafar2,Jager1,Jaggar6,Jagger#,Boy Names1,Jagman1,Jagori1,Jagtaran1,Jagueer1,Jagveer1,Jahawn1,Jaheem2,Jaheim1,Jahleel1,Jahliel1,Jahvoni2,Jai9,Jaiden1,Jaiden-James1,Jaiden-Tomas-liam1,Jaidin1,Jaiken1,Jaikirat1,Jaikub1,Jaime1,Jaimyn1,Jaique1,Jairaj1,Jaire1,Jairome1,Jairus1,Jakage50,Jake1,Jakeb1,Jake-Ryan1,Jakin32,Jakob1,Jakobi4,Jakub1,Jalal1,Jalel2,Jalen1,Jalil1,Jamaal3,Jamal126,James1,Jameson8,Jamie1,Jamieson1,Jamin1,Jamisen1,Jamison3,Jan1,Janik#,Boy Names1,Janx1,Janzen1,Japeth1,Japheth1,Jaques48,Jared2,Jarek1,Jarell6,Jaren1,Jaret2,Jarett1,Jarin1,Jarious1,Jarno3,Jarod1,Jarom1,Jarome5,Jaron2,Jarred3,Jarret8,Jarrett3,Jarrod1,Jarvas1,Jarvie1,Jarvis1,Jaryd1,Jaryn2,Jasdeep2,Jase1,Jasen1,Jashan1,Jasinder5,Jaskaran1,Jaskerat1,Jaskirat1,Jasman1,Jasmeet1,Jasnoor51,Jason1,Jason-Christopher6,Jasper1,Jasraj1,Jasroop1,Jathen1,Jatin1,Jatinder1,Javan1,Javin5,Jawad#,Boy Names1,Jawahir7,Jax1,Jaxin1,Jaxom44,Jaxon2,Jaxsen12,Jaxson1,Jaxx1,Jaxyn2,Jay13,Jayce1,Jaycee2,Jaydan116,Jayden1,Jaydin11,Jaydon2,Jayke1,Jaylan2,Jaylen2,Jayman1,Jaymes1,Jaymon1,Jaysen4,Jayson1,Jazil1,Jazz1,Jeanard1,Jean-Darius1,Jean-Philippe1,Jean-Pierre1,Jean-Ryan1,Jearre4,Jed1,Jedidiah3,Jeevan2,Jeff1,Jefferey1,Jefferson5,Jeffery14,Jeffrey1,Jehad1,Jeliah1,Jemery1,Jemiah1,Jenald1,Jeno1,Jens1,Jerall1,Jeremey#,Boy Names19,Jeremiah1,Jeremias1,Jeremie45,Jeremy1,Jeremy-Christian1,Jeric1,Jericho1,Jerickson1,Jerico1,Jerix2,Jermaine1,Jerod8,Jerome1,Jeron1,Jerrelle3,Jerrick1,Jerricko1,Jerrid1,Jerrin1,Jerrislie1,Jerritt1,Jerrod1,Jerru7,Jerry1,Jeruel1,Jeshua1,Jesiah79,Jesse1,Jessey2,Jessiah7,Jessie1,Jessy5,Jet1,Jetli9,Jett1,Jevan1,Jeven2,Jevon1,Jevon-Tae1,Jex1,Jeyden1,Jeylen1,Jezrahiah1,Jherold1,Jhgr1,Jiaming1,Jibril1,Jihun1,Jikany#,Boy Names1,Jimi1,Jimmie1,Jimmy1,Jirayr1,Jivraj1,Joaquim1,Joash1,Job3,Joban1,Jochanan1,Jodan2,Joden1,Jody4,Joe53,Joel1,Joel1,Joeseph2,Joesph5,Joey1,Joezy3,Johan1,Johannes1,Johannis76,John5,Johnathan1,Johnathn1,Johnathon1,Johnathyn1,John-David1,John-Michael6,Johnny1,John-Paul1,John-Richard2,Johny1,Jok2,Jolan1,Joland1,Jomar3,Jon42,Jonah18,Jonas58,Jonathan1,Jonathan-Travis1,Jonathen11,Jonathon1,Jonathon-David1,Jon-luc1,Jorawar142,Jordan#,Boy Names3,Jorden2,Jordi2,Jordin5,Jordon1,Jordyn1,Jorenz-Wil1,Jorg3,Jorge1,Jorje1,Jorn2,Jory1,Jose4,Jose1,Josef98,Joseph18,Josh1,Joshau1,Joshu298,Joshua1,Joshua-Gabriel1,Joshua-Vision1,Joshwa1,Josia18,Josiah1,Josop1,Journey3,Jovan1,Jovyn1,Jowan1,Joziah2,Jozsef1,Juah1,Juakeen1,Juan1,Juin1,Jud5,Judah8,Jude1,Jules23,Julian1,Juliano8,Julien1,Julio1,Julious3,Julius1,Jullian1,Julyn1,Jumar2,Junaid#,Boy Names1,Junior1,Junn1,Jun-Yong1,Juol1,Justas8,Justice166,Justin2,Justine1,Justinn3,Justis1,Justun4,Justus1,Justyce2,Justyn1,Jwokbanyak1,Jyden1,Jyles1,Jyot1,Jyrick1,K.C.1,Kabir1,Kadain24,Kade1,Kadeem70,Kaden1,Kadence7,Kadin1,Kadison1,Kadon2,Kadyn4,Kaeden1,Kaedin5,Kael9,Kaelan2,Kaelen1,Kaelin1,Kaelix1,Kaezon1,Kagan5,Kage1,Kage-Patryck1,Kahdell1,Kahlil35,Kai1,Kaid1,Kaidan27,Kaiden1,Kaidn1,Kaidryan#,Boy Names4,Kaidyn1,Kaie1,Kaige1,Kaigen2,Kail1,Kaile1,Kaileb3,Kailen2,Kailer1,Kailin1,Kailum1,Kailur3,Kain1,Kainai1,Kainen1,Kainin1,Kairo1,Kaishi1,Kaito1,Kaius1,Kaiya1,Kaiyan1,Kaiyoshi1,Kaiz1,Kaizek2,Kaj1,Kalabe18,Kale46,Kaleb1,Kaled-Daher4,Kalem7,Kalen1,Kalev1,Kalib1,Kallum2,Kalob1,Kalsey2,Kalum3,Kalvin1,Kalyan1,Kalyb1,Kalyn1,Kama1,Kamal1,Kamden1,Kamen4,Kameron1,Kamil1,Kam6n#,Boy Names1,Kamran1,Kamren1,Kamrin7,Kane1,Kaniel1,Kanika1,Kanon1,Kanyon1,Karam1,Karamveer1,Karamvir3,Karan1,Karanbir2,Karandeep2,Karanveer3,Kareem1,Karick1,Karim5,Karl1,Karlin1,Karlos2,Karman1,Karndev3,Karsen6,Karson3,Karsten1,Karston3,Karter3,Kartik1,Kase1,Kasey1,Kash1,Kashay1,Kashif1,Kashius1,Kashton1,Ka-Shun3,Kasper1,Kassem1,Kasson1,Kaswell1,Kasyn1,Katlyn1,Katrell1,Katsuo1,Kavan1,Kawliga1,Kaw-liga1,Kawston#,Boy Names1,Kayal1,Kayd1,Kayde35,Kayden1,Kaydin2,Kaydn4,Kaydon2,Kayl5,Kayle1,Kaylem1,Kaylen1,Kaylib1,Kaylin1,Kayllum1,Kayne1,Kaysan1,Kayson1,Kaz1,Kazuto1,Kazz1,KC1,Keadon13,Keagan2,Keagen1,Keaghen1,Keagile1,Keal1,Kealam1,Kealen1,Kean1,Keanan4,Keanu1,Kearen1,Kearin15,Keaton1,Kedan1,Keean1,Keefe56,Keegan1,Keegendeep1,Keeghan3,Keelan1,Keelin1,Keellaa22,Keenan1,Keenen1,Keeran1,Keesean1,Keetan#,Boy Names1,Keevin6,Kegan1,Kegan1,Kehnan1,Keiden1,Keifer1,Keigan1,Keinan1,Keion2,Keiran1,Keiron1,Keiryn1,Keita1,Keitan7,Keith1,Keithen1,Keito1,Kelan1,Kelbi1,Kelby1,Kelin5,Kellan4,Kellen1,Kellie3,Kelly1,Kelsey1,Keltin3,Kelton1,Keltyn6,Kelvin3,Ken1,Kenan1,Kendall1,Kendell2,Kendrick1,Kendrik1,Kendyl1,Kenek1,Ken-Khanh-Tuan1,Kenlin1,Kennedy1,Kenneil19,Kenneth3,Kenny1,Kenon1,Kenson3,Kent1,Kento6,Kenton#,Boy Names2,Kenyon3,Keon1,Keoni2,Kessler1,Keston1,Kestyn55,Kevin1,Kevon1,Keylan1,Keyton1,Khailen2,Khaled6,Khalid1,Khalifa2,Khalil1,Khama1,Khant1,Kheyam2,Khoa1,Khoi1,Kholton1,Khristian6,Kian1,Kiano1,Kidron1,Kieden1,Kiedis4,Kiefer1,Kiegan1,Kiel1,Kienan34,Kieran2,Kieren1,Kieron1,Kieston1,Kif1,Kihew1,Kilyn1,Kingson1,King-Wa-Mfumu1,Kingzinton1,Kinley1,Kiran2,Kirk1,Kirt1,Kishon1,Klstin1,Kiwisk1,Kiya#,Boy Names1,Kiyan1,Kiyano1,Kjeldsli1,Kjell1,Kjelton1,Klaas1,Klay1,Klaysen1,Klayton1,Klyne1,Knoll1,Knox1,Koah1,Koalten12,Kobe1,Kobey3,Kobi4,Koby1,Kobyn1,Koda1,Kode1,Koden1,Kodey1,Kodie11,Kody7,Koen1,Kofi1,Kohdi1,Kohen6,Kohl1,Kohlby7,Kolby9,Kole1,Koleton1,Koltan2,Kolten1,Koltin6,Kolton1,Koltun1,Koltyn1,Kolus1,Kona1,Konar4,Konner3,Konnor3,Konrad1,Konstandinos1,Koogan2,Kooper#,Boy Names1,Kopri3,Korben4,Korbin3,Korbyn1,Kori1,Korland1,Korsin1,Koyier1,Krishneil1,Krisneel5,Kristian1,Kristin1,Kristjan1,Kristoff2,Kristopher1,Kruz1,Krystopher1,Kuatreil1,Kulraj1,Kulshan1,Kulvir1,Kunaal1,Kunta1,Kunwaur1,Kuol1,Kurian4,Kurt8,Kurtis1,Kush1,Kussay1,Kwayd1,Ky1,Kya3,Kyan3,Kyden2,Kye1,Kyeler1,Kyeran1,Kylan1,Kylar129,Kyle1,Kylen20,Kyler1,Kylib2,Kylin1,Kyo1,Kyoshi1,Kyr2,Kyran#,Boy Names1,Kyrin2,Kyron1,Kyto1,lach1,lachi12,lachlan1,laCoy1,laDainain1,lado1,laine1,laisen1,laiton1,lake6,lance3,landan18,landen2,landin1,landis40,landon1,landyn19,lane1,langden1,laramie1,larcen1,laren1,larkin1,larren3,lars2,laszlo1,latif1,latona1,lauchlan1,laughlin1,laurence1,laurent1,lautaro1,lavada1,laven1,lavin1,lavnish1,lawless1,lawrance3,lawrence12,layne7,layton1,lean1,leander1,leban1,ledgen#,Boy Names5,lee2,legend1,lei2,leif4,leighton1,leith4,leland2,lennox1,lentz9,leo2,leo2,leon4,leonard1,leopoldo1,leroy1,lerrick1,lesane1,leshawn2,lester1,letrel1,lev1,levente60,levi1,levitt1,levi-Wyatt1,levon1,lewan3,lewis1,lex1,lexiss1,lexy1,leyton1,leyvi163,liam1,liam-Ray1,lieb1,lief14,lincoln5,linden1,linkoln1,linn1,linus1,liridon2,lloyd5,lochlan1,lochlin1,loclen1,loden1,lodo#,Boy Names1,loel238,logan1,logen2,loghan1,lorc1,lojie1,london2,long1,loren1,lorenz1,lorenze7,lorenzo2,lorien2,lorin2,lorne1,lou3,louis1,loushus1,lowell1,loyan1,lubajo1,lubomyr6,luc7,luca104,lucas1,lucid1,lucien1,lucius1,lucky1,lucus1,ludwig1,luigene2,luigi2,luis12,luka17,lukas74,luke1,lukeman1,lukeus1,lukhwinder1,luki1,lukian1,lukus1,lurwo-Charles1,luther1,luv.1,ly1,lyall1,lyle#,Boy Names1,lynden6,lyndon1,lyric1,lyryk1,Mabior1,Mac1,Macallum1,Macaulay1,Macewan1,Maciej1,Mac1ntyre11,Mackenzie4,MacKenzie1,Maclaren1,Maclean1,Maclean4,Maddox1,Maddux1,Madeleine1,Maeco1,Mael1,Maged1,Magel5,Magnus2,Maguire1,Mahad1,Mahadev1,Mahammed1,Mahmood5,Mahmoud1,Mahtaab1,Mahthyus2,Maison1,Maitlin1,Majd1,Makaio1,Makegan2,Maksim3,Maksym11,Malachi1,Malachy1,Malak4,Malakai1,Malakhi1,Malakie16,Malcolm2,Maleek1,Malek6,Malik#,Boy Names1,Malikai1,Maliki2,Malique1,Malyki1,Man1,Manas1,Manav1,Mandeep1,Mandella1,Maninder1,Manjit1,Mankarn1,Mannaj1,Mannex2,Manpreet2,Manraj1,Manreet1,Mantej1,Mantoj1,Manuel1,Manveer3,Manvir15,Marc1,Marc-Alexander2,Marcello1,Marcelo1,Marcini16,Marco2,Marcos49,Marcus1,Marcuz1,Marcyiel1,Mareic4,Marek1,Marinus4,Mario2,Marius34,Mark1,Mark-Anthony1,Marklin9,Marko1,Markos11,Markus1,Marlon1,Marschal1,Marshal18,Marshall2,Marten10,Martin#,Boy Names3,Marvin2,Marwan1,Marwin1,Masayori1,Masen89,Mason1,Mataeo1,Matej10,Mateo1,Mateusz1,Matheo1,Mather1,Matheus19,Mathew4,Mathias8,Mathieu1,Mathis1,Mathurin2,Matias1,Matija2,Mats1,Matsuo5,Matt1,Mattais22,Matteo1,Mattew1,Matthaeus1,Matthaus1,Mattheu220,Matthew1,Matthew-Jacob1,Matthew-Thai6,Matthias2,Matthieu2,Mattias1,Ma tya s1,Maurice1,Mauricio1,Maurie1,Maurizio3,Maverick1,Mavrick1,Mawaz26,Max9,Maxim1,Maxime-Olivier6,Maximilian1,Maximiliano1,Maximillian#,Boy Names1,Maximo5,Maximus1,Maxwel30,Maxwell1,Maxx1,Maxxam1,Mayson1,Mazden1,Mazen1,McAuley2,McCoy1,McEwen1,McKail1,McKell1,Mckenna1,Mckenzie1,McNeil1,Mechkail1,Mederic1,Mehal1,Mehkai2,Mehtab1,Mekial2,Melvin4,Memphis1,Menoa1,Mercellino1,Merik1,Meriton1,Merrick1,Mevan15,Micah1,Micaiah118,Michael1,Michal20,Micheal2,Michel1,Mickai1,Mickail1,Micky1,Migeal12,Miguel1,Mihir2,Mikael3,Mikail1,Mikal3,Mike1,Mikell2,Mikhael#,Boy Names1,Mikhail1,Mikinley-Alexander1,Miklaus1,Mikolaj1,Mi-Kwan1,Mil2,Milan7,Miles1,Mileyn2,Miller3,Milo1,Minkwaskwan1,Miquel1,Mirel2,Mischa1,Mitchael4,Mitchel33,Mitchell1,Mithun1,Miwa1,Mizan1,Moddaththir8,Mohamad14,Mohamed1,Mohamed-Amin8,Mohammad15,Mohammed1,Mohammed-Amen1,Mohammedjawad2,Mohmmed1,Mohud1,Moises1,Moneer1,Montather1,Montedher1,Montrell1,Monty1,Moon22,Morgan1,Morgin1,Morley1,Mosaab1,Moses1,Mosese1,Mosisa1,Mou1,Mousa1,Moustafa1,Mubarak#,Boy Names1,Mueez11,Muhammad1,Muhammad-Qasim1,Muhammed1,Mujtaba1,Mumin1,Muneeb1,Murad2,Murdoch2,Murray1,Mus ab1,Mushtak1,Muskwakanipahwit1,Muslim5,Mustafa1,Mustansir1,Myka1,Mykael11,Myles1,Myran1,Mytchell1,Mythias1,Nadeem1,Nadil1,Nahshon1,Nahum1,Nainsukh1,Naithen1,Najib2,Nakoda1,Nakota1,Nam1,Namer-Hussein1,Namid1,Nanak1,Nando1,Naoh1,Narren7,Nash1,Nashton1,Nasif1,Nasim1,Natalino7,Nate175,Nathan3,Nathanael1,Nathanail4,Nathanial48,Nathaniel#,Boy Names1,Nathanuel2,Nathen1,Natheniel3,Nathon1,Natnael1,Navakambir1,Navdeep1,Naveen1,Navelle2,Navin1,Navjot3,Navraj1,Navroop1,Navtej1,Nawaf1,Nayem1,Nayte1,Naythan1,Nazeem1,Nazem1,Nazerus1,Neal1,Nealim1,Neel1,Neeshant1,Neftali3,Neil1,Neil-Erine1,Neilson1,Nekhil1,Nelith1,Nels7,Nelson1,Nelssen1,Nemanja2,Neo1,Neric1,Nesta1,Nethanel2,Nethaniel1,Nevada1,Nevan1,Neville1,Nevin1,Ngmon1,Nguyen1,Niall1,Nichalos170,Nicholas#,Boy Names1,Nicholson5,Nick1,Nickalas1,Nickayle1,Nicklas1,Nicklaus1,Nicklys12,Nickolas1,Nickolaus1,Nico1,Nicola1,Nicolaos32,Nicolas1,Niel7,Nigel1,Nigell1,Nihaal1,Nihal1,Nikhil1,Nikie1,Nikita1,Nikki3,Niklas6,Niko1,Nikodem1,Nikohlaus2,Nikola3,Nikolai8,Nikolas1,Nikolaus1,Nikoles1,Nikolos1,Nikona1,Nikulus1,Nima1,Nimesh1,Nipun1,Nirav1,Nirvair1,Nishaad1,Nishal1,Nishan1,Nishawn1,Nitesh1,Nithin1,Nixon1,Nkrumah1,Nnadozie1,Noa#,Boy Names146,Noah1,Nobel1,Noeh7,Noel69,Nolan1,Noland2,Nolen1,Nolton2,Norbert1,Normen1,Nornell1,North1,Nour1,Numair1,Nygil6,Oakley1,Obadiah1,Oblio2,Ocean1,Octavian1,Octavio1,Oden1,Odin1,Odon1,Odynn1,Ohene1,Ohsaw1,Okemah1,Olaf2,Olen2,Olin15,Oliver1,Olivier1,Olumide1,Oluwaseun2,Oluwatobi1,Oluwatunmibi2,Om1,Omaciw17,Omar1,Ombri1,Omer1,Omid1,Omri1,Ondrej1,Oren2,Orin2,Orlando1,Orren#,Boy Names2,Orrin2,Osama7,Oscar1,O Shaun1,Oshea1,Oshyn2,Oskar1,Osmand1,Ostap3,Osten1,Othello1,Otto2,Owain125,Owen1,Ozzi1,Ozzie1,Ozzy1,Pabiek1,Pacey1,Paco1,Paden2,Palmer3,Pancho1,Paolo1,Paris59,Parker2,Parmeet1,Parmjit1,Parmohinder1,Parnoor1,Parsa1,Parth3,Pascal1,Pasqualino1,Patric34,Patrick2,Patryk24,Paul1,Paulaus1,Paul-Marie2,Paulus1,Pavel2,Pavle1,Paxton3,Payden1,Paydin1,Payne12,Payton1,Paytyn#,Boy Names2,Pearson1,Pedja1,Pedro1,Pehesisis1,Peirson1,Perry1,Perryn45,Peter1,Peter-luis1,Peyten7,Peyton1,Pham1,Phap2,Pheonix11,Philip9,Phillip1,Phillipe5,Phoenix1,Phu9,Pierce1,Piercen1,Piere1,Pierre-Maxim3,Pieter1,Pinter1,Piran1,Poe1,Pompeyo2,Porter1,Pr1,Prabhbir1,Prabhjot1,Pranav1,Prashan1,Prempreet5,Presley14,Preston1,Prestyn1,Prince1,Prospero1,Pryce1,Pure1,Pyam1,Qassam1,Qayam1,Q-Jib1,Quain1,Quang1,Quenten#,Boy Names5,Quentin1,Quenton1,Quin3,Quincy4,Quinlan1,Quinlin30,Quinn1,Quinnten1,Quinsten3,Quinten6,Quintin17,Quinton1,Raahim1,Raahkul1,Rabih1,Rachit2,Radek1,Radwan1,Raegan2,Rafael1,Rafat1,Raffaele1,Rafi1,Rahdel1,Raheel1,Raheem1,Raheman4,Rahim2,Rahul1,Raian4,Raiden1,Raimie1,Raimos1,Rain1,Rajeev1,Rajiv1,Rajveer2,Ralph1,Ramadan1,Ramakrishna2,Rami1,Ramin1,Ramis2,Ramiz1,Rammah1,Ramoen1,Ramsey3,Rand1,Randal#,Boy Names3,Randall2,Randon11,Randy1,Rani1,Ranlee1,Ranon2,Ranvir1,Raoul4,Raphael1,Raphael1,Rashad1,Rashid1,Rasty1,Ratinder1,Rave1,Raven1,Ravid1,Ravjeet1,Ravrit1,Rawaad1,Ray2,Rayan1,Rayce3,Rayden1,Rayhaan1,Rayhan1,Raylee1,Raylyn14,Raymond1,Rayyan1,Razeen1,Raziel1,Reace4,Reagan1,Real1,Reda1,Redmond21,Reece10,Reed15,Reese3,Reeve3,Regan1,Reginald30,Reid1,Reil1,Reiley5,Reilly1,Reis1,Reise#,Boy Names1,Reiya1,Remelio2,Remi2,Remington1,Remus2,Rene1,Rene1,Renerick1,Reniel1,Renn1,Renton1,Renz1,Renzo1,Reon1,Reshawn7,Reuben1,Revan1,Rex1,Rezdyn1,Rhayne1,Rheal1,Rhees5,Rhett1,Rhiyon11,Rhys1,Rhyse1,Riak1,Rial2,Rian3,Ricardo1,Ricco1,Richant22,Richard1,Rick6,Ricky2,Rico2,Ridge1,Ridhaa1,Ridley1,Rielly1,Rifaat1,Rigel1,Rijh1,Rik1,Riker115,Riley1,Rio1,Rion1,Ripley#,Boy Names1,Rishipal1,Rishiwar1,River1,Riyzel2,Rizwan1,Roaj2,Roan1,Roanyk4,Robbie2,Robel65,Robert3,Roberto3,Robin2,Rocco1,Rocky1,Rocy1,Roddy1,Roderick1,Rodger1,Rodmichael1,Rodney1,Rody5,Roger4,Rohan2,Rohit1,Roje1,Roko1,Rolan1,Roland1,Rollo10,Roman1,Roman-Ivan1,Rome2,Romeo1,Romy1,Ron8,Ronald2,Ronaldo9,Ronan1,Ronen1,Roniel4,Ronin1,Ronit1,Ronnie1,Ronuk1,Roohujjal16,Rory1,Roshan7,Ross#,Boy Names1,Rowad18,Rowan3,Rowen2,Rownan6,Roy2,Royce1,Ruachkuoth1,Rubaz1,Rubeen6,Ruben3,Rudy1,Rueben1,Rueger1,Ruger1,Ruibian1,Ruman1,Ruot1,Rusel9,Russell1,Rutger1,Ryal180,Ryan1,Ryden11,Ryder1,Ryel1,Ryerson1,Ryken5,Ryker39,Rylan1,Ryland1,Ryle4,Rylee1,Rylen1,Ryler27,Ryley2,Rylie1,Rylind1,Ryon1,Ryotaro1,Sa3,Saad1,Saaed-Ed1,Saahil1,Saa id3,Sabastian2,Sabastien1,Sabino1,Sachin1,Sadeeq#,Boy Names1,SaeHwan2,Safwan2,Sage1,Sagir1,Sahajpal1,Saheznoor3,Sahib4,Sahil1,Sahirali1,Said-Danyal1,Saide1,Saige-Hunter1,Saihaj2,Sajan1,Sakib1,Saksham1,Salah-Deen1,Salar3,Salem2,Salim3,Salman1,Salvatore13,Sam1,Samah1,Sameer3,Sami1,Samih2,Samir1,Sammuel1,Sampson2,Samson1,Samual153,Samuel1,Samuel-liran1,Samule1,San1,Sandeep1,Santi2,Santiago1,Santino1,Saral1,Sarbjot1,Sasha1,Satvik1,Savan1,Saverio1,Savrup1,Sawer12,Sawyer#,Boy Names1,Saxon1,Saya1,Sayd1,Sayyed1,Sazhon22,Scott1,Scout2,Seamus40,Sean1,Seanan1,Sean-Xavier1,Sebasten22,Sebastian5,Sebastien3,Sebastien1,Sefa1,Seleem1,Selmer1,Selmin1,Senthuran1,Seojun1,Seraj-Sam1,Sergii3,Sergio85,Seth1,Seungjin1,Seyed-Ali1,Shaan1,Shaane1,Shabeg1,Shady3,Shae1,Shaeden1,Shahbaz2,Shahil1,Shahnil1,Shahwali1,Shahzad1,Shahzin1,Shakeel1,Shale1,Shalom1,Shameiks1,Shamen2,Shamus1,Shan1,Shanden1,Shandon20,Shane#,Boy Names1,Shaqeel1,Shaquan1,Sharaf11,Shaun1,Shaunesh1,Shavin24,Shawn3,Shay5,Shayden5,Shaye1,Shayle2,Shaymus1,Shayn6,Shayne1,Shayne-Douglas4,Shea1,Shekib1,Shelby1,Shelden13,Sheldon1,Shelten1,Shelton2,Shemar2,Shepherd1,Sheriff1,Sherman1,Shermen1,Sherwyn1,Shiloh1,Shinwan1,Shiv1,Shiva3,Shivam1,Shogo1,Shohib1,Shon1,Shooter1,Shuvanga1,Shylar1,Shyne1,Siddhartha1,Sidney1,Siem1,Sijtse12,Silas1,Silver2,Simar2,Simarjit28,Simon#,Boy Names1,Simran2,Sina1,Sinaan1,Singh1,Siraaj1,Sisco1,Sitanye1,Siyavash1,Sky2,Skye9,Skylar1,Skylarr11,Skyler1,Slade1,Slader3,Slater1,Slayde1,Sloan1,Sloane1,Soel1,Sohaib2,Sohail1,Sohil1,Sohyb2,Soloman6,Solomon1,Somayina3,Sonny4,Soren1,Sovattra53,Spencer1,Spenser1,Spirit1,Stacey1,Sta miksi na5,Stanley1,Stavin1,Stavros4,Steele5,Stefan1,Stefin1,Stefano1,Stelios-Panagiotis2,Stephan1,Stephane18,Stephen8,Sterling1,Stevan3,Steve#,Boy Names28,Steven1,Stevin1,Stewart2,Stone1,Storm2,Stran1,Stryder6,Stuart1,Stuchorn1,Subtain1,Suchait1,Suhaib1,Suhail1,Sujit3,Sukhman1,Sukhraj1,Sukhsagar1,Sukhyad2,Sulaiman1,Sulayman1,Suleyman1,Sultan1,Sumair1,Sumeet1,Sumit1,Sumith1,Sundi1,Sunjog1,Sunny1,Surjeigh1,Surya1,Sutherland1,Svealand1,Sydney5,Syed1,Sylas1,Sylice1,Symon1,Syprus1,Szephyr1,T.1,Tabor1,Taden2,Tadhg1,Taebren1,Taedon1,Tag1,Taggart4,Taha#,Boy Names1,Taher1,Tahir3,Tai1,Taiga1,Tait1,Tajvir1,Takoda1,Takumi1,Talan1,Talbot2,Talen1,Talha1,Talhah1,Talin1,Tallan10,Talon1,Tamir1,Tane1,Taner1,Tanier1,Tanin41,Tanner1,Tannor2,Tanveer1,Tapiwa1,Taran1,Taranjot1,Taranveer1,Taras2,Tarek3,Taren2,Tareq3,Tarik2,Tariq1,Tarrance2,Tarren2,Tarun1,Tarwinder1,Tarynn1,Tarys1,Tase2,Tashawn1,Tashi1,Tason13,Tate1,Tatenda1,Tathloch3,Tavin1,Tavish#,Boy Names1,Tawfeeq2,Tayden2,Taye1,Tayib1,Taylen2,Tayler1,Taylon35,Taylor1,Tayor1,Tayshawn1,Taysier1,Taysir1,Tayson1,Tayzen5,Teagan1,Teagan-James3,Teagen1,Teaghan1,Team2,Teddy1,Tee3,Teegan1,Tegan1,Tegen1,Teghjot1,Teguen1,Tehgan1,Teigen1,Teighan1,Teirson1,Tej1,Tejas1,Tejroop1,Tejveer1,Telly1,Temrey1,Teran1,Terelle1,Terence1,Terex1,Terique1,Teron2,Terran2,Terrance1,Terrel2,Terrell1,Terrence1,Terris1,Terron#,Boy Names3,Terry1,Tesin2,Tevin1,Tex1,Tez1,Thain1,Thai-Quoc1,Thaivan1,Thane1,Thanhhai1,Thannael1,Thanos1,Thayden1,Thayne2,Theodor9,Theodore1,Theodore2,Theoren1,Theoron1,Theron1,Thierry1,Thijs1,Thinh1,Thoburn1,Thokriel1,Thom111,Thomas1,Thomason1,Thompson1,Thorian1,Thorin1,Thorn1,Thorton1,Thorzen1,Thull2,Thunder1,Ti2,Tiago1,Tice1,Tiegan1,Tiego1,Tien1,Tieran1,Tieren1,Tiernan1,Tiez1,Tiger2,Tighe1,Til#,Boy Names1,Till1,Tilson3,Tim2,Timmy28,Timothy1,Timothy-laurence1,Tino1,Tito3,Titus1,Tiy12,Tobias2,Tobin1,Toby6,Todd1,Tolga1,Tolkien4,Tom5,Tomas2,Tomis1,Tombe1,Tommaso4,Tommy8,Tony1,Toran1,Toras1,Toren1,Toriano1,Torii2,Torin1,Torrance1,Torrin1,Tory2,Toryn1,Toussant4,Trace1,Tracin2,Trae1,Traiten32,Travis1,Travis-James1,Trayden1,Trayse1,Trayton2,Tre1,Tre1,Treden1,Tregan1,Tremaine1,Trenden#,Boy Names1,Trendon12,Trent1,Trenten6,Trenton1,Treson1,Trestan1,Treston1,Trevan1,Trevis16,Trevor24,Trey3,Treyden2,Treydon1,Treye1,Treysen1,Treysion1,Treyson1,Treysun5,Treyton1,Treyvon1,Trian1,Trigger1,Tripp1,Trishtin80,Tristan1,Tristan-Jake21,Tristen4,Tristian10,Tristin1,Triston1,Triton1,Triumph1,Tr Moy1,Trovon1,Trowa6,Troy1,Troyal-James1,Trucetin2,True1,Truman1,Truong1,Trustin1,Truston1,Tryce1,Tryon7,Trystan2,Trysten1,Tryston1,Trystyn-lane#,Boy Names1,Trytin1,Tryton7,Tucker1,Tuff1,Tulle1,Tulsen1,Tupaj1,Turner1,Tushar1,Tut86,Ty1,Tyaett1,Tyberius3,Tyce1,Ty-Cody1,Tydus1,Tydyn6,Tye1,Tyeson1,Tygan1,Tyger1,Tylan149,Tyler1,Tyler-Dean1,Tylin1,Tylor1,Tymour3,Tynan1,Tyne1,Typhen2,Tyrece2,Tyree1,Tyreece5,Tyreese2,Tyrel14,Tyrell2,Tyren6,Tyrese1,Tyrikis1,Tyrin2,Tyrique8,Tyrone1,Tyrus1,Tyryn1,Tysean5,Tysen1,Tysne88,Tyson1,Tyson-Kaya#,Boy Names1,Tytan1,Tyvale1,Tyvin1,Uday1,Umar1,Uriah1,Utah1,Utin1,Utinihtaow1,Uzayr1,Valentine1,Valerian5,Van5,Vance1,Vanir1,Vanja1,Vanshdeep3,Vaughn1,Vayen1,Vernon1,Vicente12,Victor1,Vidal1,Viet1,Viggo1,Vijay1,Vikram1,Viktor1,Vinayak2,Vince17,Vincent2,Vincenzo1,Vinci1,Vineet2,Vinh1,Viraj1,Vito1,Vivake1,Vivek1,Vivekananda2,Von1,Voughon2,Wacey6,Wade2,Waleed1,Walid7,Walker1,Wallace4,Walter#,Boy Names1,Wang1,Warhil1,Warner8,Warren1,Warrick1,Washington1,Wasif1,Wassim1,Wayland3,Waylon1,Wayman4,Wayne1,Wazeem1,Weider1,Weiland1,Wesam17,Wesley1,Wesson1,West2,Westley3,Weston1,Whitfield1,Whyatt1,Wieldor2,Wilhelm12,Will1,Willard5,Willem161,William1,Wil-liam1,Willie1,Willy7,Wilson1,Wim1,WindDancer2,Winson5,Winston2,Winter1,Wissam1,Wol1,Wolff1,Wolfred1,Wotan2,Wren52,Wyatt1,Wyeth1,Wyett1,Wylie1,Wyllyn#,Boy Names1,Wymond1,Wynden29,Xander1,Xao1,Xarian16,Xavier1,Xavion1,Xennan1,Xyler2,Xzavier1,Xzavior1,Yach1,Yafet2,Yahya1,Yale1,Yanic1,Yankun1,Yannick1,Yannik2,Yash2,Yashar1,Yashjeet1,Yashpreet1,Yashraj1,Yasin1,Yaxya1,Yee1,Yehya1,Yiannis1,Yidana1,Yilin1,Yimaj1,Yobel1,Yohan1,Yonich1,Yordanos1,York1,Yosef1,Yoseph1,YouJin1,Young1,Youp3,Yousef1,Youseph5,Youssef1,Yousuf1,Yuanshan1,Yuot2,Yuri#,Boy Names1,Yussif2,Yusuf3,Yuvraj1,Yves-Michel1,Zaafir1,Zaarif1,Zabrien1,Zacariah1,Zacarias1,Zacary2,Zach1,Zacharey10,Zachariah1,Zacharias1,Zacharie161,Zachary17,Zachery1,Zachry9,Zack1,Zackariah1,Zackarias16,Zackary1,Zackeri16,Zackery1,Zackrey1,Zafar1,Zaian1,Zaid1,Zaieem3,Zain1,Zaine1,Zainin1,Zainuddin1,Zaiven3,Zak1,Zakareya3,Zakaria3,Zakariya1,Zakariyya5,Zakary1,Zakarya1,Zakery1,Zakk2,Zakkary1,Zakry1,Zale10,Zander15,Zane1,Zaq#,Boy Names1,Zaric1,Zario2,Zayd1,Zayden1,Zayn2,Zayne1,Zedikiah1,Zeeshan1,Zeeya1,Zehan2,Zein2,Zeke1,Zephan1,Zephaniah1,Zepher1,Zephrin1,Zephyr1,Zerek1,Zeth1,Zethrynn1,Zevin1,Zeyad1,Zheric1,Zi1,Ziad1,Zidane1,Zilkiffal1,Zimraan4,Zion1,Zoen3,Zoltan1,Zsolt1,Zukaria1,Zxyrill1,Zyler