Baby Boy Names Registered in 2004,#,Baby Boy Names1,A.1,Aadesh1,Aadi1,Aaditya1,Aaiden2,Aakash1,Aapina'Kos1,Aarav68,Aaron2,Aaryan1,Abbas1,Abdel1,Abdon7,Abdul2,Abdulaziz1,AbdulHamid1,Abdulla10,Abdullah1,Abdullahi1,Abdulmajid2,Abdulrahman1,Abdulrehman1,Abdurahman1,Abel1,Abhay1,Abjeet5,Abraham1,Abraheem4,Abram1,AbuBakr1,Aburi1,Acacia1,Ace123,Adam1,Adamo5,Addison1,Adeep1,Adel1,Adelmo1,Adem16,Aden1,Adetokunbo1,Adham1,Adhukwut1,Adigun3,Adil1,Adin3,Adison#,Baby Boy Names1,Aditya1,Adityabir4,Adnan1,Adomas1,Adonis1,Adriaan25,Adrian2,Adriel3,Adrien1,Adryan2,Adyn1,Aedon1,Aedyn1,Aeko1,Affan1,Affi1,Agam1,Agustin1,Ahaad3,Ahad1,Ahan1,Aharon6,Ahmad15,Ahmed1,AhmedYacin1,Ahmet1,Ahraz131,Aidan110,Aiden6,Aidyn1,Aira1,Aisa2,Aiyden1,AJ1,Ajack1,Ajak1,Ajang1,Ajay1,Ajaydeep1,Ajayvir1,Ajiang1,Ajit1,Akaalroop2,Akash1,Akashdeep1,Akbar1,Akeel1,Aken#,Baby Boy Names1,Akin1,Akira1,Akobo1,Akoch2,Akok1,Akol1,Aksh3,Akshat4,Alan7,Albert1,Alberto1,Albie1,Albion1,Alden1,Aldin1,Aldon11,Alec1,Alecsander6,Alejandro1,Aleks1,Aleksandar2,Aleksander1,Alend2,Alessandro1,Alessio37,Alex190,Alexander11,Alexandre1,Alexandro1,Alexandru1,Alexavier3,Alexey5,Alexi1,Alexis1,Alexiss1,Alexxander4,Alexzander1,Alfie2,Alfredo33,Ali1,Alias1,Alic1,Alister10,Allan2,Allen1,Allister1,Alonzo1,Alphonse#,Baby Boy Names1,Alvaro5,Alvin1,Alwyne1,Aly1,AlyhasanJonathan1,Alysik1,Alyzain1,Alyzen1,Amaan1,Amaar1,Amad1,Amadeo3,Aman3,Amar1,Amari1,Ambrose2,Ameen3,Ameer1,Amery1,Amin4,Amir1,Amirali1,AmirReza1,Amirreza1,Amit1,Amitoj1,Amman2,Ammar3,Ammon1,Amos1,Amoz1,Amr1,Amrit2,An2,Anas1,Andan1,Anden4,Anders1,Andersen4,Anderson4,Andon3,Andre3,André1,Andreas1,Andrei1,Andrej2,Andres122,Andrew1,Andrik#,Baby Boy Names1,Andril12,Andy1,Aneesh1,Anferny1,Angad1,Angel1,Angelco4,Angelo4,Angus1,Aniket1,Anissa1,Anmol1,Ansh6,Anson1,Antal1,Anthonie68,Anthony1,Antoine5,Anton6,Antonio1,Antonios2,Antony1,Antwahn2,Anuj1,Anurag1,Anwar1,Anzhel1,Aoi1,Arasdeep1,Archer1,Arda3,Arden1,Arend1,Argie1,Arham1,Arhum1,Ari1,Arian3,Aric3,Ariel1,Aries1,Arifin1,Arik1,Aritik5,Arjun1,Ark1,Arlind1,Arlis10,Armaan#,Baby Boy Names6,Arman1,Armando1,Armann1,Armén1,Armughan3,Arnav1,Arnes1,Arnie2,Arnold1,Arol4,Aron3,Arpit1,Arran1,Arrow1,Arsh1,Arshandeep2,Arshdeep1,Arshjot1,Arshveer1,Artemus7,Arthur1,Arti1,Arton1,Arturious1,Arunansh2,Arvin2,Arya9,Aryan1,Aryc1,Aryian1,Asfandiyar1,Ash2,Ashar1,Ashaun1,Asheel18,Asher1,Ashleigh1,Ashten2,Ashtin91,Ashton1,Ashtun4,Ashtyn1,Ashwindas1,Asliraf1,Astin1,Atak2,Athan1,Atharva1,Atilla#,Baby Boy Names1,Atinder2,Atley4,Atticus1,Attreo3,Aubrey1,Augustin1,Augustine1,Auron1,Aurum1,Auslen1,Aussim3,Austen130,Austin2,Auston5,Austyn1,AustynJames1,Avden1,Aveary21,Avery1,Avi1,Avishek1,Avniel1,Avrohom2,Avry1,Awad1,Awais1,Awid2,Axel1,Axle4,Axton1,Ayaan1,Ayan1,Ayandre3,Aydan1,Aydden28,Ayden1,Aydian5,Aydin1,Ayhem1,Ayize2,Ayman1,Ayomikun1,AyoubHamzi3,Ayrton1,Ayub2,Ayush1,Azal1,Azam1,AzelSebhatu#,Baby Boy Names1,Azi1,Azizullah1,Azzam1,B.1,Baaz1,Babbandeep2,Baden1,Baiden5,Bailey1,Bajkaran1,Balazs1,Baldeep1,Baldip1,Baljot1,Balraj2,Baltej1,Banjo1,Barak1,Bardia1,Baris4,Barrett1,Barrick1,Barrie2,Barry1,Barton1,Bassam1,Bassim2,Bastian1,Bastien1,Baudouin1,Baver1,Bayley1,Beal5,Beau4,Beck2,Beckett1,Beckham1,Behzad4,Belal17,Ben3,Benedict1,Benevolent1,Benhard1,Beniah171,Benjamin1,Benjermin1,Benjiman1,Benn2,Bennet#,Baby Boy Names17,Bennett5,Benny1,Benoit1,Benoît4,Benson1,Berg2,Bergen1,Berger1,Berlen3,Bernard1,Bernie1,Bert1,Beynon1,Bhavan1,Bhavgun1,Bhavraj1,Bhol1,Bibek1,Bilaal5,Bilal1,Bill1,Billal2,Billy1,Binik1,Birinder1,Birk2,Bishop1,Bjorn5,Blade1,Bladen1,Blain3,Blaine8,Blair2,Blaize47,Blake1,Blaz8,Blaze1,Blu1,Bo2,Bobby1,Bodee1,Boden1,Bodhi3,Bohdan1,Bol1,Bon1,Boris1,Boston1,Both#,Baby Boy Names1,Bowden1,Bowdyn2,Bowen1,Boyce1,Boyd1,Bracyn2,Brad31,Braden1,Bradford3,Bradin1,Bradlee28,Bradley3,Bradly3,Bradon54,Brady1,Bradyn4,Braedan29,Braeden9,Braedon1,Braedy1,Braedyn1,Brahmer9,Braiden1,Braidon1,BraidonAlexander1,Braigh1,Bram1,Branch1,Brandall4,Brandan5,Branden2,Brandin95,Brandon1,BrandonKhai1,BrandonLee5,Brandt1,Brandy3,Brandyn1,Branislav1,Bransin1,Branson2,Brant1,Brantin1,Brasen1,Brauunson1,Braxstin1,Braxtin27,Braxton1,Braxtyn#,Baby Boy Names1,Braxxton1,Braycen4,Braydan1,Brayde1,Braydee83,Brayden1,Braydin13,Braydon1,Braymon2,Brayson1,Brayton1,Breadon1,Breando1,Brecon1,Bredin1,Breklin1,Brekon1,Bremner1,Bren1,Brenal36,Brendan12,Brenden7,Brendon1,Brenen17,Brennan9,Brennen1,Brennon7,Brent1,Brenton3,Bret2,Breton44,Brett25,Brian1,Briar2,Brice1,Briden1,Brien1,Brier1,Brieshen1,Briggs1,Brighton1,Brin1,Bringent1,Brinley1,Britain18,Brock1,Brockston3,Broden1,Broder#,Baby Boy Names1,Broderick1,Brodey16,Brodie1,Brodin58,Brody3,Brogan1,Bron3,Bronson1,Brooklen2,Brooklyn1,Brooks5,Bruce1,Bruin2,Bruno1,Brustun10,Bryan3,Bryant1,Bryar38,Bryce2,Brycen1,Brycn3,Bryden3,Bryer2,Bryn1,Bryndan1,Brynden3,Brynn1,Bryon1,Brysan1,Brysen15,Bryson1,Bryston1,Bryzen1,Buay1,Buddy1,Burhan2,Burke1,Burton1,But1,Byrne5,Byron1,Cabe1,Cache1,Cadam1,Cadan1,Cadance11,Cade33,Caden2,Cadence#,Baby Boy Names1,Cadin5,Caeden2,Caedon1,Caedyn1,Cael3,Caelan2,Caelem1,Caelen1,Caelin1,Caesar3,Cage1,Caidan11,Caiden2,Caige1,Cailbeb1,Caileb1,Caimin5,Cain1,Cairen1,Calan3,Calder10,Cale113,Caleb1,CalebRoy3,Calen2,Caley1,Calgary1,Calib2,Calin1,Callaghan1,Callen19,Callum2,Calum1,Calvert15,Calvin1,Cam5,Camden102,Cameron4,Camilo5,Campbell1,Camrom2,Camron1,Canden1,Cannen1,Cardel5,Carl3,Carlin2,Carlito3,Carlos#,Baby Boy Names1,Carlton1,Carmelo1,CarmeloAntonio4,Carsen58,Carson1,Carston4,Carsyn134,Carter1,Carver1,Casche1,Case11,Casey5,Cash2,Cashton1,Cason1,Cassen1,Cassidy1,Cassious4,Cassius1,Cauy13,Cayden1,Caydyn1,Cayl1,Caylan1,Cayleb1,Caylen1,Caylub1,Caymen1,Cayton1,Cazmin5,Cedric1,Ceejay1,Ceigan1,Ceirin1,Cem1,Cepha1,Cerek3,Cesar1,Chaas4,Chace10,Chad1,Chade1,Chadrach1,Chae1,Chaise1,Chamlhang1,Chan17,Chance1,Chancellor#,Baby Boy Names1,Chandan3,Chandler1,Chantz1,Chapel1,Charalambos27,Charles1,Charley9,Charlie1,Charlieshane1,Charly72,Chase1,Chastin1,Chaston1,Chay1,Chayce2,Chayse1,Chayson1,Chayston2,Chayton4,Chaz1,Chazz1,Che1,Chem1,Chester1,Chevey1,Chevy1,Chi1,Chibundu1,Chidozie1,Chinaku1,Chistopher1,Chobiar4,Chris1,Christain54,Christian1,Christiano1,Christien1,Christofer1,Christoffer1,Christoforos84,Christopher1,Chrisuan1,Chukwudumagaije1,Chuoluak1,Chyron3,Cian2,Ciaran1,Cierian1,Cinch#,Baby Boy Names1,Cirdan3,Clarence1,ClarenceMatthew6,Clark1,Clarke1,Claudio12,Clay1,Clayden15,Clayton2,Clifford1,Coben1,Cobin1,Cobitt2,Coby1,CobyJay1,Coden72,Cody1,Coehn6,Coen1,Cohan15,Cohen1,Colbey2,Colbie1,Colbran66,Colby1,ColbyJames137,Cole2,Coleman1,Coletin1,Coleton34,Colin1,Collby8,Collin1,Colm1,Colson3,Colt2,Coltan7,Colten1,Colter48,Colton2,Coltyn1,Conaire1,Conall1,Conan1,Conar2,Conlan2,Connar2,Connell20,Conner#,Baby Boy Names1,Connolly170,Connor3,Conor5,Conrad1,Constantinos1,Conway1,Conyr37,Cooper2,Corban2,Corben1,Corbet24,Corbin4,Corbyn9,Cordell1,Cordyn1,Corey1,Corgan1,Corland2,Cormac3,Cornelius1,Corny1,Corson1,Cort1,Cortland1,Cortt1,Corwin5,Cory1,Cosimo1,Costa1,Costas1,Cove1,Cowan2,Cowen1,Coy6,Craig2,Crawford1,Credence2,Creedance1,Creeden1,Creedence1,Creedin1,Creedon2,Creighton3,Creston1,Crew3,Cristian1,Cristofer2,Cruise1,Cruize#,Baby Boy Names1,Crush6,Cruz1,Cullen18,Curtis1,Cutter2,Cy1,Cylas1,Cyle1,Cyler1,Cylis1,Cyrill1,Cyris7,Cyrus1,Dacian2,Dade1,Daden1,Daegan1,Daegen1,Daemien2,Daemon1,Daeshon1,Daeton1,Daeven1,Daevin1,Daeyoung3,Dagan1,Dagmawi1,Dagon1,Dahl1,Dahves1,Daigan1,Dailen2,Daimen2,Dain1,Daine1,Daiton1,Dajel24,Dakota1,Dalan5,Dale1,Dalen1,Daljit1,Dallan1,Dallano12,Dallas1,Dalles4,Dallin1,Dallis1,Dalon#,Baby Boy Names1,Dalond11,Dalton1,Dalziel1,Damani1,Damanpreet2,Damein1,Damen18,Damian1,Damiano14,Damien8,Damion1,Damnit28,Damon1,Damyon4,Dan1,Danan17,Dane2,Daneel2,Danial152,Daniel1,DanielIan1,DanielLuciano1,Daniyaal1,Dannen6,Danny16,Dante1,Danté1,Danton1,Dany1,Danyel1,Danylo1,Danyoel1,Dao1,Darby5,Darcy1,Daren17,Darian5,Darien3,Darin1,Dario3,Darious18,Darius2,Darnell1,Darrell7,Darren1,Darrian1,Darrien1,Darrin2,Darrion#,Baby Boy Names1,Darris1,Darryn1,Darsan1,Darvin1,Darwin1,Daryan1,Daryl1,Daryon1,Dasnoor1,Dauraez1,Davan1,Dave1,Daveed1,Davian92,David1,DavidReilly8,Davin13,Davis1,Davneet1,Davon1,Davor1,Davy3,Davyn1,Dawood1,Dawsen53,Dawson5,Dax4,Daxon2,Daxter3,Daxton1,Daya1,Dayanand2,Dayden4,Daylan1,Daylin2,Daylon1,Daylun1,Dayman2,Daymein1,Daymian3,Dayne1,Daysen1,Dayson1,Daytn14,Dayton1,DaytonJames1,Dayven1,Dayyan1,Dayzel#,Baby Boy Names1,Dazmond4,Deacon2,Deagan1,Deakon13,Dean1,Deangelo1,Deanryck36,Declan1,Decland1,Declin1,Declyn1,Dedrick4,Deegan1,Degan1,Degon1,Deion1,Deizal1,Dekin1,Dekker2,Deklan1,Deklin1,Deklun1,Deklyn3,Delaney1,Delano1,Dell1,Delorean1,Delray1,Demetrios2,Demitri1,Demmen1,Demyan3,Deng1,Deniel2,Denim1,Denis6,Dennis1,Denny1,Denom1,Denon1,Denton7,Denver1,Denyn3,Denzel1,Denzell1,Deon1,DeonAshley1,Deontia1,Dereck#,Baby Boy Names20,Derek1,Derelle1,Deri4,Derian1,Derion5,Derrick1,Derrin2,Desmond1,Desmund2,Destin2,Destry1,Desty3,Devan3,Deven22,Devin3,Devlin36,Devon1,DevonMichael1,Devontae1,Devonte1,Devryn1,Devyn2,Dex3,Dexter1,Dextin1,Dexxen1,Dezi1,Dezil1,Dezlin1,Dezmon2,Dezmond1,Dhanraj1,Dhariq1,Dharmakyah1,Dhruv1,Diablo2,Diago1,Diamond1,Didon13,Diego1,Dien1,Diesal1,Diljaan2,Dillan15,Dillon1,DillonKaleb4,Dilraj1,Dilshan1,Dimitri#,Baby Boy Names1,Dimitry2,Dinh1,Dino1,Dioluke1,Diomiro3,Dion1,Dionisios1,Dirk2,Dixon1,Diyako1,Dlawer1,Dodge1,Domac3,Domanick2,Domenic1,Domenick1,Domenico48,Dominic6,Dominick1,DominicSyris8,Dominik5,Dominique1,Dominque1,Domynic4,Don4,Donald1,Donavan1,Donavin1,Dong1,Donivin1,Donnelly3,Donny11,Donovan1,Donson1,Dontae1,Dontaè1,Donte1,Dontrelle1,Dop1,Doran5,Dorian1,Dorion1,Dorjee10,Douglas1,Draco1,Draden1,Dradon1,Drae1,Dragahn#,Baby Boy Names2,Draiden1,Draiton8,Drake1,Drakkar1,Dranden7,Draven1,Dray7,Drayden1,Draygan1,Drayk1,Drayke2,Drayton1,Dre1,Dredan1,Dredon1,Dretyn1,Drevin13,Drew1,Drexel1,Dreydan4,Dreyden2,Dreydon1,Dreyton1,Drezell1,Drishya1,Drizzitt2,Dryden1,Duane1,Duc1,Dugald2,Duke1,Dumitru18,Duncan1,Durante1,Durnik1,Dustan15,Dustin2,Dusty1,Dustyn4,Dwayne162,Dylan3,Dyllan2,Dyllon2,Dyson2,Eagan1,Eagle1,Eamon1,Eason1,Eastan#,Baby Boy Names14,Easton1,Eban1,Echo1,Ed3,Edan1,Eddason2,Eddie1,Eden1,Edin3,Edison1,Edmund1,Edom1,Edrees1,Eduard1,Eduardo13,Edward5,Edwin1,Efren1,Egzon1,Ehren1,Ehsan1,Eian1,Eijah1,Ekam1,Ekin2,Eknoor1,Eladio1,Elahlee1,Elan1,Eldon16,Eli20,Elias1,Élias1,Elie'n1,Elija61,Elijah1,Eliot1,Elistan1,Elizah1,Ellijah6,Elliot3,Elliott6,Ellis2,Elmer2,Elton3,Elvis1,Ely1,Elyzar1,Emad#,Baby Boy Names3,Emanuel1,Emerie8,Emerson1,Emery1,Émile1,Emiliano1,Emilio1,EmilioCasey1,Emin1,Emitt5,Emmanuel3,Emmet12,Emmett1,Emmette2,Emmit3,Emmitt1,Emor1,Emraan1,Emre1,Ennis1,Enoch1,EnochAnthony1,Enrico1,Enthemion4,Enzo1,Eoin1,Eon1,Ephraim1,Ephram1,Eren107,Eric2,Erick1,EricKhang1,Eridanio12,Erik1,Erin1,Ernie1,Eron2,Errol1,Erroll1,Ersan1,Ervin1,Erwan1,Eshaad1,Eshaan1,Eshan1,Espen1,Essa1,Essay#,Baby Boy Names1,Estevan1,Etan396,Ethan1,Ethanial2,Ethaniel2,Ethen1,Ethin1,Ethon1,Ethyn1,Étienne3,Eugene163,Evan2,Evander1,Everen13,Everett2,Everette1,Evin7,Ewan1,Exavian1,Exavior1,Eyad1,Eyob1,Eyvind1,Ezana4,Ezekiel6,Ezra1,Ezrah1,Ezren1,Ezzal1,Fabien1,Fahd3,Faisal1,Faizaan1,Fakhar1,Faraz1,Fardad2,Fareed2,Farhad1,Farhan2,Faris2,Faron1,Farzaam1,Farzad1,Favian1,Fawn6,Felix1,Félix1,Fenix1,Fergal#,Baby Boy Names1,Ferman3,Fernando1,Fezaan3,Filip2,Finlay2,Finley11,Finn1,Finnbarr1,Finnian2,Finnley1,Fionn1,Firas1,Fischer1,Fitz3,Fletcher1,Floyd1,Flying4,Flynn1,Forest2,Foster1,Fotis1,Fox2,Francesco7,Francis2,Franco1,FrancoAntonio4,Frank1,Frankie1,Franklin5,Franz4,Fraser8,Frederick2,Fredrick1,Freeman1,Fritz1,Frost1,Furjaad1,Furkan1,Furlie1,Fynnigan1,Gaanicko2,Gabe1,Gaberiel1,Gabrial81,Gabriel1,Gabryal1,Gaege1,Gaetano1,Gaffney#,Baby Boy Names1,Gagan1,Gagandeep30,Gage1,Gahdaco3,Gaige1,Galen1,Ganz1,Garang2,Gareth3,Garett1,Garin1,Garison1,Garner3,Garren4,Garret1,Garreth21,Garrett1,Garrick2,Garrison1,Garrit5,Gary2,Garyn1,Gatlin1,Gauge1,Gauje6,Gaurav1,Gavan2,Gaven61,Gavin1,Gavyn1,Genesis1,Genti5,Geoffrey1,Geono1,Geordon1,Georenzo15,George1,Georgios1,GeraldRyan1,Geran1,Gered1,Gerett3,Gerhard2,Gerrit1,Gerti1,Gharrett1,Gian1,Giancarlo1,Gianmathew#,Baby Boy Names1,Gianni4,Gibson7,Gideon1,Giir1,Gino4,Giovanni1,Giuseppe1,Giustino1,Glendon1,Gohar1,Goliath7,Gordon1,Gracen1,Graden15,Grady6,Graeme2,Graeson6,Graham6,Grant1,Grason1,Gray5,Grayden5,Graydon1,Graysen29,Grayson1,Grayvin1,Gregor10,Gregory1,Greydon1,Greysen1,Greyson1,Griffen20,Griffin1,Gryphin1,Guandong1,Guerrin1,Gulzeb1,Guneet5,Gunnar1,Guramrit2,Gurbaj2,Gurbir1,Gurjas1,Gurjot1,Gurjus1,Gurkaman1,Gurkeerat1,Gurleen1,Gurmann#,Baby Boy Names1,Gurmohit3,Gurnoor1,Gursahil1,Gursehaj1,Gursewak1,Gurshan1,Gursharn1,Gursimar1,Gurtej1,Gurvaaz2,Gurvir3,Gus1,Gustavo1,Guy1,Gyven1,Hadden1,Hader1,Hadi1,Hady1,Haedyn1,Hafeez1,Haidan2,Haiden1,Haider1,Hailan1,Halden2,Halen1,Haley2,Hamid2,Hamish1,Hamlet1,Hammad3,Hamza1,Hanad1,Hananiah1,Haneef1,Hank1,Hannan1,Hansel1,Haramol1,Hardie1,Hardy1,Harim2,Haris1,Harison1,Harit1,Harjas1,Harjoban1,Harjot#,Baby Boy Names1,Harkaran1,Harkirit1,Harlan1,Harland2,Harlen11,Harley3,Harman1,Harmann1,Harmohit1,Harneal1,Harnoor1,Haroon1,Harper6,Harris14,Harrison4,Harry1,Harsah2,Harsh1,Harshaib3,Harshdeep1,Harshpreet1,Harth1,Harveer3,Harvey1,Harvir1,Harwinder1,Hasan1,Haseeb1,Hashem2,Hashim1,Hashir7,Hassan1,Hassef1,Hatem1,Havard1,Hawk1,Hawke1,Hawken1,Hawksley1,Haydan1,Haydar72,Hayden2,Haydn1,Hayes1,Haylo1,Hayze1,Hazen1,Hazon5,Heath#,Baby Boy Names1,Hector1,Heiwa1,Hemmesh1,Hendrick1,Hendrik1,Hendrikus1,Hendrix1,Henok1,Henri1,Henrik14,Henry1,Herbert2,Herman1,Hermes1,Herry1,Hevanjeet1,Hewitt1,Hezekiah1,Hinton1,Hiten2,Hogan6,Holden1,Holdin2,Holt1,Honar1,Horatio1,Hosen1,Hoskins1,Houlden1,Houston1,Howard1,Hoyt1,Hubertus34,Hudson3,Hugh5,Hugo1,Hugolino1,Humraj90,Hunter1,HunterJohnathon1,Hussein1,Hussien1,Hussin1,Hutson1,Huxley1,Huy1,Huzafa1,Huzaifa1,Hyder#,Baby Boy Names1,Hyrum1,Hyunyoung4,Iain42,Ian5,Ibrahim1,IdongesitEssien1,Idris1,Igor1,Ijaz1,Ilan1,Ilhamuddin1,Ilian1,Ilyas1,Ilyja1,Imaan1,Immar1,Imrenjit1,Imtiaz2,Inam1,Indigo1,Inha1,Inigo1,Iqjot1,Ira1,Irvin70,Isaac2,Isaak1,Isac1,Isacc1,Isaha41,Isaiah1,Isak3,Ishaan4,Ishan2,Ishraj5,Isiah1,Isioma1,Isis1,Islam1,Ismaael1,Israel2,Israr1,Isreal2,Issa7,Issac1,Issal1,Issam16,Ivan1,Izack#,Baby Boy Names1,Izahia3,Izaiah1,Izaiha3,Izak2,Izayah1,Izehar1,Jaager1,Jabe1,Jabez1,Jabin1,Jac25,Jace1,Jacen1,Jacey1,Jachin100,Jack1,Jackie1,Jacksen76,Jackson5,Jacky242,Jacob1,Jacobb1,Jacobus1,Jacques1,Jacub2,Jad1,Jadan5,Jade65,Jaden1,Jadin6,Jadon1,Jady1,Jae6,Jaeden2,Jaedon2,Jaedyn3,Jaeger1,Jaesa1,Jaffer1,Jaffortson1,Jag1,Jagar1,Jager2,Jagger1,Jagjeevan3,Jagjot1,Jagraj1,Jahahzaib1,Jahlil#,Baby Boy Names1,Jahmourri3,Jai1,Jaice1,Jaid1,Jaidan10,Jaiden1,Jaidon1,Jaidyn1,Jaime1,Jaimyn1,Jairon2,Jairus49,Jake1,Jakin27,Jakob1,JakobRobertGerald1,Jakson4,Jakub1,Jalal1,Jalat1,Jaleel8,Jalen1,Jaleo1,Jamaal1,Jamahl7,Jamal1,Jambu138,James,James11,Jameson11,Jamie1,Jamieson1,Jamil1,Jamin2,Jan1,Janav1,Janmay1,Japjot1,Jaramie45,Jared2,Jaren2,Jaret1,Jareth1,Jari1,Jaris1,Jarius1,Jarnail2,Jarod3,Jarom#,Baby Boy Names1,Jarome8,Jaron1,Jarred2,Jarren3,Jarret3,Jarrett1,Jarrod1,Jarryn1,Jarvis1,Jaryd1,Jasce2,Jasdeep9,Jase1,Jashan1,Jashanbir1,Jashandeep1,Jashawa2,Jaskaran1,Jaskeerat2,Jaskirat1,Jaskiret1,Jaslogan1,Jasmit62,Jason6,Jasper1,JasperAddison1,Jaspreet1,Jasraj1,Jasroop1,Jastein1,Jastej1,Java3,Javier1,Javin1,Javon1,Javonte2,Jawad6,Jax2,Jaxen1,Jaxin34,Jaxon12,Jaxson1,JaxsonReyd1,Jaxx2,Jaxxon6,Jay1,Jayant9,Jayce1,Jaycey#,Baby Boy Names1,Jaydan102,Jayden1,Jaydien2,Jaydin1,Jayd'n9,Jaydon1,Jaydyn1,Jayger1,Jaykob1,Jaylei1,Jaylen1,Jaylenn1,Jaylon1,Jayman2,Jaymes1,Jaynard1,Jayrode1,Jayse1,Jaysen4,Jayson1,Jaytee1,JayVen1,Jayvyn1,Jazz1,JD1,Jean1,JeanChristophe1,JeanDavid1,JeanLaunce4,JeanLuc1,Jebrill6,Jed1,Jedd1,Jedidiah1,Jeesoo3,Jeevan2,Jeff1,Jefferson1,Jeffery19,Jeffrey1,Jeg1,Jehan1,Jelvin2,Jens3,Jenson1,Jephthe1,Jeramiah1,Jered1,Jerek#,Baby Boy Names1,Jerelus1,Jeremey1,Jérémi11,Jeremiah1,Jeremie1,Jérémie41,Jeremy1,Jeric5,Jericho1,Jeris1,Jermain2,Jermaine1,Jermiah8,Jerome2,Jerry1,Jerson1,Jesiah1,Jesie1,Jesmere1,Jess77,Jesse1,JesseJames1,JesseKaevon1,Jessiah6,Jessie1,Jessin3,Jet1,Jether1,Jethro7,Jett1,Jettrams1,Jevin1,Jevioni1,Jevonte1,Jeziah1,Jhomhel1,Jian1,Jibran1,Jibril1,Jieou3,Jihad1,Jiles4,Jim1,Jimi7,Jimmy1,Jiro1,Jisaiah1,Jnivwa3,Joah#,Baby Boy Names8,Joaquin1,Jobey1,Jobie1,Jobindeep1,Jodacee1,Jodan1,Jode1,Jodhbir1,Jodi2,Jody3,Joe42,Joel1,Joël1,Joen1,Joerelle2,Joesph1,Joesyph12,Joey1,Johan3,Johann1,Johanne1,Johannes1,Johia73,John20,Johnathan5,Johnathon1,Johncris1,Johnethan1,JohnMichael7,Johnny1,JohnPaul1,Johnpiere2,Johnson1,Johnthan1,Johny2,Jole1,Jolin1,Jolon1,Jolson1,Jolt1,Jomha1,Jon52,Jonah1,Jonahh2,Jonan14,Jonas71,Jonathan1,JonathanPaul1,Jonathen#,Baby Boy Names5,Jonathon1,Jonny127,Jordan6,Jorden1,Jordi1,Jordin15,Jordon1,Jordy1,Jordyn1,Jorge1,Jorian1,Jory1,Jos3,Jose1,José1,JoséAlberto4,Josef81,Joseph1,JosephJames15,Josh1,Joshawa259,Joshua1,JoshuaSkylerAngel1,Joshur1,Joshveer16,Josiah1,Josiahs1,Josias1,Josral1,Josten1,Josué1,Journey1,Joven1,Jovin1,Jovun1,Joyosu1,JT3,Juan1,Jubei1,Jubin3,Judah11,Jude1,Judson1,Jugraj1,Jugtoj1,Juhwen2,Jules24,Julian7,Julien#,Baby Boy Names2,Julius2,Jullian1,Jun1,Juni1,Justen9,Justice1,JusticeCaine105,Justin6,Justus2,Justyn1,Justys1,Juvraj1,Kaaneb1,Kabir1,Kace1,Kacee2,Kacper24,Kade79,Kaden12,Kadin3,Kadyn1,Kaedan6,Kaeden2,Kaedin1,Kaedon9,Kael3,Kaelan1,KaelanRemedio1,Kaele1,Kaeleb3,Kaelen1,Kaeler1,Kaemon1,Kaethen1,Kaeven3,Kage1,Kahless36,Kai2,Kaidan34,Kaiden2,Kaidyn2,Kaige1,Kaii3,Kail1,Kailan2,Kailen1,Kailis1,Kailum1,Kaimen#,Baby Boy Names5,Kain1,Kaine2,Kainen1,Kaisuan1,Kaito1,Kaiton2,Kaius1,Kaiyum1,Kajyn8,Kalan21,Kale1,Kaleab1,Kalean58,Kaleb3,Kalem6,Kalen1,Kalid1,Kalix1,Kallan1,Kalle1,Kallin2,Kallum1,Kalmin2,Kalum1,Kalvin1,Kalyb1,Kamal1,Kamdyn1,Kamen1,Kameren1,Kameron1,Kameryn1,Kamiel1,Kamil2,Kamren1,Kamryn1,Kamyn1,Kanda4,Kane1,Kannan1,Kanon1,Kanye1,Kanyon1,Kaoru2,Karam1,Karamvir7,Karan1,Karanbir1,Karandeep#,Baby Boy Names1,Karanjot2,Karanveer2,Karanvir1,Karbin1,Karder4,Kareem5,Karim2,Karl1,KarlAntoine1,Karlell1,Karlin5,Karsen12,Karson2,Karsten1,Karston1,Karsyn5,Karter1,Kartik1,Kase2,Kasen3,Kash1,Kashjone1,Kashton1,Kashus1,Kasin2,Kason2,Kasper1,Kassidy1,Kasyn1,Kathum1,Katon1,Katsuji2,Kavan1,Kavaye1,Kaven1,Kavin1,Kavindu1,Kavon1,Kawararman1,Kay1,Kaya4,Kaydan54,Kayden1,Kaydence1,Kaydin3,Kaydon1,Kayhan1,Kayin1,Kayl#,Baby Boy Names3,Kayle1,Kayleb1,Kaylen1,Kaylio1,Kaylum1,Kayne1,Kaysen1,Kayson1,Kaziah1,Kdri12,Keagan1,Keaghan1,Keaghen1,Keagin4,Keanan1,Keane1,Keanon1,Keanu1,Keanyn1,Keaten1,Keath18,Keaton2,Keean1,Keefe36,Keegan2,Keelan1,Keeley2,Keelyn24,Keenan1,Keeran1,Keerat1,Keeryn1,Keeshan1,Keeshawn1,Keewan6,Kegan1,Keian4,Keigan1,Keinan1,Keir5,Keiran1,Keirnan1,Keishen1,Keishi9,Keith2,Keithan1,Keithen1,Keithon1,Kelan#,Baby Boy Names3,Kelby1,Kelden1,Keldon1,Kelechi1,Kelen1,Kelii4,Kellan4,Kellen3,Kelly1,Kelsen3,Kelsey2,Kelson8,Kelton7,Kelvin2,Ken3,Kenan1,Kendal1,Kendall1,Kendell1,Kendric1,Kenieth2,Kennedy13,Kenneth1,Kennis3,Kenny2,Kent1,Kenten1,Kentin3,Kenton2,Keon1,Keondre1,Kerni1,Kerry1,Keshon1,Kesler1,Kesley4,Keston1,Kestyn1,Kethan1,Kevan50,Kevin1,Kexton2,Keyaan2,Keyan1,Keyano1,Keyanow1,Keyin1,Keynen1,Keynin#,Baby Boy Names1,Keyon1,Keyshawn1,Keyten1,Keyton1,Kffimagoolo2,Khai1,Khailan2,Khaled8,Khalid2,Khalil1,Kharvyn1,Kherson1,Khoder1,Khyler1,Ki14,Kian1,Ki'an1,Kiaus2,Kidus3,Kiefer1,Kieffer2,Kien47,Kieran1,Kierdan3,Kieren1,Kiern1,Kiernan1,Kieron1,Kieryn1,Kieth1,Kiev1,Kihew1,Kiko1,Kingi1,Kingsley1,Kiowa1,Kipp6,Kiran1,Kirat3,Kirk1,Kisan1,Kishan1,Kit1,Kius1,Klaus1,Kliff1,Klody1,Knowledge2,Koal#,Baby Boy Names1,Koat13,Kobe1,Kobey6,Koby4,Koda2,Kodah1,Kodan1,Kodda1,Kodehn1,Koden1,KodiakJoseph22,Kody1,Kodyn1,Koehn12,Koen6,Kohen2,Kohl1,Koji1,Kolbe10,Kolby14,Kole1,Koleton1,Kolin1,Kollin4,Kolten1,Koltin7,Kolton1,Koltyn1,Komal1,Konin1,Konner5,Konnor3,Konrad2,Kooper6,Korbin1,Korbyn1,Kord1,Kordel1,Koren2,Kory1,Kotaro1,Kovan1,Kowen1,Kowin1,Koyen1,Koyote1,Krakkan1,Krayghan1,Krew#,Baby Boy Names1,Krishan1,Krisheel11,Kristian1,Kristofer1,Kristoff12,Kristopher1,KristopherBradleyAllan1,Krithik1,Krittin1,Kron1,Krubel1,Kryan1,Krystopher2,Kueth1,Kullen1,Kunwar1,Kuol1,Kuot1,Kurin5,Kurt8,Kurtis1,Kush1,Kwazey1,Ky1,Kyah9,Kyan1,KyanClifton1,Kydan3,Kyden3,Kye1,Kylan2,Kylar99,Kyle19,Kyler1,Kylin1,Kylund5,Kynan3,Kyran1,Kyrane1,Kyris2,Kyro2,Kyron1,Kyrun1,Kyrus1,Kysay1,Kyus1,Kyuss1,Labeeb7,Lachlan#,Baby Boy Names1,Laesen1,Laeten1,Laine1,Laird1,Laith1,Laithyne1,Lakelan1,Laken2,Lakota2,Lamar1,Lambros1,Lanark8,Lance15,Landen2,Landin56,Landon3,Landyn20,Lane1,Langley1,Lanny1,Larkland4,Larry2,Lars1,Larson1,Lasith1,Lat1,Lathan1,Lathaniel1,Latin2,Latrell2,Lauchlan1,Laughlin1,Laurence1,Lawless7,Lawrence1,Lawson12,Layne1,Laythan9,Layton1,Lazarus1,Laziah1,Leam1,Lean1,Leander3,Lee1,Leeim1,Leeroy1,Legacy5,Leif#,Baby Boy Names3,Leighton2,Leland2,Lemuel1,Lenard1,Lennex2,Lennon3,Lennox9,Leo1,Léo3,Leon1,Léon4,Leonard1,Leonardo1,Leonit1,LeRay2,Leslie1,Leutrim1,Lev1,Levente71,Levi1,Levyn1,Lew1,Lewis1,Lex1,Lexington1,Lexton2,Lexx1,Leyton1,Li168,Liam1,LiamThomas1,Lian1,Liandro1,Liban1,Liberty1,Liko4,Lincoln9,Linden1,Lindon1,Lingam1,Linken1,Linkin4,Lionel1,Lochie3,Lochlan2,Lochlin1,Lochlyn205,Logan1,Logann#,Baby Boy Names2,Login1,Lohgan2,Loïc1,Loki3,London1,Lonnie1,Loren3,Lorenzo2,Lorne1,Louie5,Louis1,Louka1,Loukas1,Lovandre1,Love1,Lowen1,Lubaid7,Luc7,Luca1,Lucaas1,Lucan110,Lucas3,Lucian2,Lucien1,Lucifer1,Lucis3,Lucius5,Lucus4,Luis6,Luka20,Lukas1,Lukasz79,Luke1,Lukeous1,Lukijan2,Lukus1,Lukys1,Lunden1,Luqmaan1,Luuk5,Lyle3,Lynden3,Lyndon1,Lyon1,Lyrik1,Maalik1,Maarten1,Mabruk2,Mac#,Baby Boy Names1,Macario1,Macarthy1,Mace1,MacGregor4,Mackenzie3,MacKenzie1,MacKinnely1,Mackintyre3,Maclean1,MacLean1,Madden3,Maddex11,Maddox2,Maddux1,Madeau1,Madison1,Madoc1,Madrin1,Mads1,Magadji1,Magan1,Magellan4,Magnus4,Maguire1,Mahad2,Mahdi1,Mahen3,Mahmoud1,Mahtab2,Maisen2,Majid1,Makael1,Makai1,Makalo1,Makalu1,Makena1,Makenzie1,Maksim1,Maksym1,Malacai1,Malachai16,Malachi1,Malahki1,Malakai1,Malakhi1,Malaki9,Malcolm2,Malcom9,Malik#,Baby Boy Names1,Maliki1,Malko1,Malual1,Mamaun1,Manbir1,Mandeep3,Manjot1,Manny1,Manoj2,Manpreet2,Manraj1,Mansur1,Mantaj2,Manuel1,Manus1,Manveer5,Marc1,MarcAnthony1,MarcAntoine1,Marcas2,Marcel1,Marcellous1,Marckee8,Marco1,Marcos38,Marcus2,Marek6,Mario1,Marius30,Mark8,Marko15,Markus1,Marley1,Marlin1,Marquise1,Marqus1,Mars1,Marshal18,Marshall1,Martel12,Martin1,Marty6,Marvin3,Masen92,Mason1,Masyn1,Mataeo2,Mataio1,Mate#,Baby Boy Names1,Mateen9,Mateo1,Matéo1,Matesem2,Mateus1,Mateusz2,Matheus18,Mathew3,Mathias6,Mathieu1,Matia1,Matias1,Matin1,Matis1,Matondo3,Mats6,Matt12,Matteo1,Mattew243,Matthew6,Matthias5,Matthieu3,Mattias3,Maurice1,Mauricio3,Maverick1,Mavrick1,Mawien29,Max1,Maxamilian7,Maxim2,Maximilian1,Maximiliano2,Maximillian1,Maximillion12,Maximus43,Maxwell2,Maxx1,Maxym1,Maxymilian3,Mayson1,Mazdak1,Mazen1,Mazin1,Mazzen1,McCallum1,McKay1,McKenzie1,McKinley#,Baby Boy Names1,Mckinley1,McKrae1,McLaren1,McLean1,McMillan1,Meaka1,Meelod1,Meguel1,Mehki2,Mehran1,Mekai1,Mekhai2,Mekhi1,Mel3,Melvin1,Memfis2,Memphis2,Menno1,Merck2,Merek1,Meric1,Merick1,Merle1,Merlyn1,Meroan1,Merric2,Merrick1,Mesiah1,Methos1,Meyer1,Miadyas12,Micah1,Micai127,Michael12,Micheal1,Michel1,Michél1,Michele1,Micholai1,Mick1,Mico1,Miekale1,Mieshawn8,Miguel1,Mihailo1,Mihir3,Miikka1,Mik'ail1,Mikal#,Baby Boy Names1,Mikeal1,Mikhaël4,Mikhail1,Mikka3,Mikkel1,Mikko3,Milan3,Miles1,Millar3,Miller2,Milo1,Milton1,Mingyu1,Minh1,Minjun1,Mio1,Miquel1,Miralem1,Miro4,Mitch1,Mitchall4,Mitchel30,Mitchell1,Mizgen1,Mo1,Moaz1,Mogen8,Mohamad1,MohamAhmad11,Mohamed13,Mohammad8,Mohammed1,Mohd1,Mohib1,Mohid1,Mohit1,Mohmd1,Mohmmad1,Montana1,Monte1,Montego1,Monty1,Moosa1,Mordichai24,Morgan2,Morgen2,Morley1,Morris1,Morrison#,Baby Boy Names4,Moses1,Moshtak1,Mossimo1,Moumen1,Msultan1,Mudaser1,Muddabir14,Muhammad1,Muhid1,Muhidin1,Mulham1,Munachiso1,Munro1,Murtaza1,Musa1,Musaab1,Musadeq1,Musawwir1,Muskwa1,Muslum5,Mustafa1,Mustapha1,Muzaffar1,Mycah1,Myers14,Myles1,Mylo1,Nabiel2,Nabil1,Nadav3,Nadeem1,Naden1,Nader1,Nahom1,Nahum1,Najaib1,Najel1,Najib1,Nakota1,Nam1,Napeedit1,Naqwan1,Narvir1,Naseem4,Nash1,Nashawn1,Natan10,Nate1,Natenael#,Baby Boy Names202,Nathan6,Nathanael1,Nathanal1,Nathaneil1,Nathanial44,Nathaniel1,Nathanyel3,Nathen1,Nathin2,Natnael2,Navdeep1,Naveed1,Navin1,Navjot3,Navraj1,Navtej1,Naythaniel1,Nazeeh1,Nazeh1,Nazir1,Neal1,Ned1,Nehemiah1,Neiko2,Neil1,Neill1,Nekhi3,Nelson1,Nen1,Neo1,Nepin2,Nevada2,Nevaeh2,Nevan1,Nevin1,Ngan1,Ngath1,Ngong1,Ni1,Niall1,Niccolo163,Nicholas1,Nicholaus2,Nicholi1,Nicholus3,Nick1,Nickalis1,Nicklas8,Nickolas#,Baby Boy Names1,Nickolis1,Nicky3,Nico2,Nicola1,Nicolai1,Nicolaj22,Nicolas1,Nicolás1,Nicolus2,Niels1,Nielsen3,Nigel1,Nijal2,Nikhil4,Nikita1,Nikki1,Niko3,Nikola4,Nikolai1,Nikolaij15,Nikolas2,Nikolaus1,Nikos1,Niran1,Nirbhay1,Nishaan1,Nishan1,Nitish1,Nixon1,Noa162,Noah1,NoahAdam1,Noam3,Noel95,Nolan1,Nolawie2,Nolen1,Nolin1,Norav1,Norbert2,Norman1,Norris1,Nour1,Nova1,Nyuon1,Oaklen5,Oakley1,Oaklin1,Obadiah#,Baby Boy Names2,Ocean1,O'Chang1,Octavio8,Odin1,Oghenemaro1,Ohis1,Okoth1,Olen1,Olin22,Oliver1,Oluwatimilehin2,Om12,Omar1,Omarion2,Omer1,Omry1,Oran1,Oren1,Orest4,Orion1,Ork2,Orlando1,Osama12,Oscar1,Osler2,Osman1,Othaeron1,Otis1,Ottavio3,Otto1,Ovraj1,Owain141,Owen1,Ozaifa1,Paapa2,Pablo1,Pacey1,Paeden1,Paeton1,Paiden1,Pal1,Pankaj1,Parabhjot1,Paramjot1,Paramveer2,Pardeep1,Pardip62,Parker2,Parks#,Baby Boy Names1,Parmaan1,Parneet1,Parsa1,Parteet2,Parth2,Pascal1,Pasco34,Patrick23,Paul1,PaulEtienne1,Paulus2,Pavel1,Paxton2,Payten1,Paytin11,Payton1,Pearce1,Pearse1,Pearson2,Pedro1,Per1,Percy1,Perrin2,Perry1,Pete51,Peter1,Petr17,Peyton2,Pheonix15,Philip1,Philippe1,PhilippeDuy6,Phillip7,Phoenix6,Pierce1,Pierre1,PierreAlexandre1,Piers2,Pierson1,Pieter2,Piotr1,Pisîm1,Poittris7,Porter2,Prabhdeep2,Prabhjot1,Prabhnoor1,Prabhsimar1,Prabnoor#,Baby Boy Names1,Preetpal1,Premveer2,Presley1,Prestin18,Preston2,Prince1,Princeton1,Psalmuel1,Puneet1,Pyken3,Qasim2,Quade1,Quadrece4,Quaid1,Quan1,Quang1,Quary1,Quaydon1,Quenten9,Quentin1,Quenton1,Quillen2,Quin3,Quincy3,Quinlan22,Quinn4,Quinten4,Quintin8,Quinton1,Quintyn1,Quintzy1,Qusay1,Qwandel1,Rabe1,Rabieh1,Rabih2,Race1,Racha1,Rachit1,Raddix1,Radwan1,Raegan1,Raegen1,Raekwon3,Rafael1,Rafay1,Rafe2,Raghav1,Ragwant#,Baby Boy Names2,Raheel2,Rahil2,Rahim2,Rahul7,Raiden1,Raidon1,Raiford1,Rain3,Raine1,Rais2,Raj1,Rajan1,Rajkamal1,Rajpal1,Rajpreet2,Rajveer1,Rajvir1,Ralph1,Ramadaan1,Ramanveer1,Ramaro4,Rami1,Ramie1,Ramneek1,Ramone1,Ramses1,Ramsey1,Rand1,Randin1,Random4,Randy1,Rani1,Ranjit1,Ranon1,Ranveer1,Ranvir1,Raphael1,Rasdon1,Rashad1,Rashaun1,Rasheed1,Raul1,Ravinder1,Rawad2,Ray3,Rayan1,Rayce1,Rayden1,Raydon#,Baby Boy Names1,Rayin1,Raymarc1,Raymart1,Raymon16,Raymond1,Rayn4,Rayne1,Rayvan1,Raza1,Razali1,Razeen1,Raziq1,Reagan1,Recien18,Reece3,Reed1,Reef1,Reegan1,Rees20,Reese2,Reeve2,Regan1,Reggie1,Reginald1,Rehan1,Rehman1,Rei1,Reichen23,Reid1,Reidwin1,Reighn1,Reign1,Reiken3,Reilly1,Reily1,Reimark1,Reme2,Remy1,Renaldo1,Renato1,Renick1,Renzhi1,Reshad1,Reshawn1,Reuban5,Reuben1,Reuel1,Revon1,Revraj#,Baby Boy Names3,Rex1,Rexer1,RexterKyle1,Reyaan1,Reza1,Rhain1,Rheal1,Rhenin20,Rhett1,Rhydar13,Rhys1,Rhythm1,Rian1,Riaz1,Ricardo22,Richard1,RicJay3,Rick1,RickWilliam7,Ricky1,Rico1,Rida2,Riddick1,Ridley1,Ridwan1,Rieger1,Riek1,RiekTungtiil1,Riel1,Rielly1,Ries1,Riese1,Rigdon1,Riggin1,Riggs1,Rilan136,Riley1,RileyAlan1,Rinedi1,Ring2,Rio1,Riota1,Rishaun1,Rishav1,Risto4,River1,Rivera1,Riyan5,Roan#,Baby Boy Names1,Roanin1,Rob1,Roba1,Robbie1,RobbieWilliam64,Robert5,Robin1,Robinvir1,Robson2,Robyn1,Roch1,Rocklyn3,Rocky1,Rodeen2,Roderick1,Rodney1,RodrigueNicolau1,Roelof1,Rofri4,Rogan2,Roger1,Rogue8,Rohan1,Rohin1,Rohit2,Roko2,Roland13,Roman1,RomanBoston1,Rome1,Romel3,Romeo1,Roméo1,Ronakh7,Ronald13,Ronan1,Rónán1,"RonanRainJamesTremblay"1,Ronav1,Roni1,Ronil4,Ronin1,Ronit1,Rony1,Rooney1,Roop1,Rordon9,Rory1,Roryck#,Baby Boy Names1,Roscoe2,Roshan9,Ross1,Rowad20,Rowan1,Roy1,Roycen1,Rozario3,Ruben2,Rueben1,Ruei1,Rufaro1,Rulon1,Russel11,Russell1,Ruyter1,Ry1,Ryaan182,Ryan1,Ryatt5,Ryden59,Ryder1,Ryely1,Ryerson1,Ryese1,Rygel18,Ryker30,Rylan3,Ryland7,Rylee7,Rylen29,Ryley6,Rylie1,Rylin1,Rylon1,Rysten3,Saad1,Saayujya1,Sabastian1,Sabber1,Sabian1,Sabin1,Saddyn1,Sadiq1,Saeed1,Safwan1,Sagar3,Sage1,Sagr#,Baby Boy Names1,Sahaj1,Sahajvir1,Sahej1,Sahejkarn3,Sahib5,Sahil1,Sahit1,Sahj1,Sahjed1,Said1,Saidh1,Saige2,Saihaj1,Saihejveer2,Saim1,Saint1,Sairyen1,Sajed1,Sajn1,Sakaria2,Saleem1,Salem1,Salo1,Salvatore18,Sam1,Samad1,Samatar3,Sameer1,Sameerullah2,Samer3,Sami1,Samim3,Samir1,SammiWalid1,Sammy4,Samson4,Samual146,Samuel1,SamuelJosef1,Samy1,Samyog1,Sandeep1,Sandro1,Sanket4,Santiago1,Santonio1,Saqeb1,Saren3,Sartaj#,Baby Boy Names1,Sascha7,Sawyer1,Saxen1,Saxon1,Sayad1,Sayf1,Saylor1,Sazon1,Schyler2,Scotland31,Scott1,Scottie1,Scout9,Seamus61,Sean1,Seàn1,SeanRaphael28,Sebastian9,Sebastien4,Sébastien1,Sebestyen1,Sebolatan1,See1,Sehaj1,Sehejpuran1,Seifeddin1,Sem1,Sena1,Senan1,Sequoia1,Sequoyah1,Sergej3,Sergio82,Seth1,Seungju1,Sevryn3,Seyed3,Shaan1,Shace1,Shackleton2,Shaden1,Shadi1,Shae1,Shafin1,Shah1,Shaheen1,Shahryar1,Shahvez1,Shahzadali#,Baby Boy Names1,Shahzaib1,Shahzeb1,Shahzoar1,Shai2,Shaidon1,Shaileshan1,Shakeel1,Shalon1,Shamel3,Shamus2,Shan16,Shane1,Shanveer1,Shao2,Shaquille1,Shashank1,Shaughnessy18,Shaun1,Shaunavon1,Shavaz1,Shaven16,Shawn1,Shay2,Shayaan1,Shayan5,Shayden1,Shaye1,Shayle1,Shaymus3,Shayne1,Shayon1,Shazil7,Shea1,Sheaden2,Sheamus1,Shehryar1,Shehzad1,Sheklun3,Shelby14,Sheldon1,Shelten1,Shem1,Shermal1,Sherwan1,Sherzahn1,Shezan1,Shi1,Shïilo1,Shiloh#,Baby Boy Names1,Shimaz1,Shirjeel1,Shiven1,Shivnesh1,Shoal1,Shole1,Shonveer1,Shryan1,Shu1,Shyaam1,Shyon1,Sicheng1,Sid1,Siddharth1,Siddhartha1,Sidney10,Silas1,SilverAshton1,Silvio1,Simione1,Simisola32,Simon1,Simone1,Simran1,Sina2,Sincere1,SirajUlArifeen1,Sirtaj1,Sirus2,Sky1,Skye10,Skylar10,Skyler1,SkylerLee3,Slade2,Slate2,Slater1,Slayde1,Slayton2,Sloan1,Sobaan1,Sohird1,Solan4,Solomon2,Sonny4,Soren1,Souriyo2,Spence51,Spencer#,Baby Boy Names1,SpencerLee1,Spirit1,Spiro1,Stacey4,Stanley1,Stanly1,Steele2,Steen1,Steeves5,Stefan2,Stefano1,Steffan1,Stein2,Stellan1,Stellen1,Stelyanos18,Stephen7,Sterling1,Stetson30,Steven1,Stevie3,Stewart1,Stirling2,Stone2,Storm1,Strait1,Stran2,Stratton3,Stryder4,Stuart1,Styles1,Stylez1,Subaig1,Suban1,Subhan1,Suhaib1,Suhail1,Suhayb1,Suhayl1,Suhrab1,Sujan1,Sukhjot1,Sukhmandeep1,Sukhmon1,Sukhmondeep1,Sukhraj2,Sukhvir1,Suknoor1,Sulabha#,Baby Boy Names1,Suleman2,Sullivan1,Sumeet1,Sumer1,Sumit1,Summit4,Sunny1,Susanto1,Suvam1,Sven1,SweetgrassRain2,Sydney6,Syed1,Sylvester1,Szymon1,T.1,Tabias1,Tadas1,Taedon1,Taeg1,Taegan1,Taelin1,Taetrin1,Tag2,Tage2,Taha3,Tahir7,Tai3,Tait2,Taj1,Tajveer1,Takai1,Taknoa1,Taleb1,Taléo1,Taler2,Talha1,Taliesin12,Talon1,Talyn1,Tamario1,Tama's1,Tamer1,Tane2,Tanis51,Tanner1,Tannon1,Tanzeel1,Taona#,Baby Boy Names1,Taqi2,Taran2,Taranpreet1,Tarantej1,Taras1,Tarek2,Tarik1,Tariq1,Tarleck1,Tarndeep1,Tarnveer1,Tarosh1,Tarren1,Tarrin1,Tarundeep1,Taryn1,Tase1,Tasloach16,Tate1,Tatum2,Taven2,Tavian1,Tavis1,Tavish1,Tawheed1,Taycen1,Taydem3,Tayden2,Taye2,Taylan1,Taylen2,Tayler41,Taylor1,Tayo4,Tayson1,Taytan3,Tayte1,Tayton1,Tayven1,Tayvian1,Tayvin1,Tayvis1,Taz8,Teagan1,Teaghan1,Teague1,Teagyn1,TealyndJay2,Ted#,Baby Boy Names1,Teddy3,Teegan1,Teelan4,Tegan1,Teger1,Tej1,Teja1,Tekoa1,Temitope1,Tenoa1,Tenzen1,Teo1,Téo1,Terelle1,Teremce1,Terence1,Terez2,Terran11,Terrance1,Térrek2,Terrell1,Terren3,Terrence1,TerRese7,Terry1,Teshan1,Teyton1,Tezayne1,Thaddeus1,Thaedon3,Thai1,Thaine1,Thane1,Thaniel1,Thartisio2,Thatcher1,Thayer1,Thayne1,Thearen1,Them3,Theo2,Theodor18,Theodore2,Theoren1,Theran1,Theron1,Theryn1,Thien1,Thiik#,Baby Boy Names1,Thijs1,Thinh1,Thom97,Thomas1,ThomasJay1,Thompson1,Thor1,Thornton1,Thorsten1,Thuan1,Thys3,Tiago1,Tidor1,Tidus1,Tie1,Tiegen1,Tiego1,Tien3,Tieran2,Tiernan1,Tieso1,Tillman2,Tim1,Timilehin1,Timotheus35,Timothy1,Tino3,Titan5,Titus1,Tivan1,Tiyler1,Tjay1,Toban1,Tobey1,Tobiah3,Tobias4,Toby7,Todd1,Toddor1,Tom9,Tomas2,Tomás7,Tommy1,Tomy5,Tony1,TonyJames1,Torbin1,Torek1,Toren#,Baby Boy Names1,Torey7,Torin1,Torrin2,Toryn3,Tosh1,Toshan1,Toshio1,Townsend5,Trace1,Tráden1,TraeEthan1,Traford1,Trai1,Trajan1,Traton1,Tratteele28,Travis1,Tray1,Traydan1,Trayson4,Trayton1,Tre1,Tremaine1,Tremayne1,Trennen10,Trent1,Trenten8,Trenton1,Treshawn2,Treston1,Trevallian1,Tre'vayne14,Trevor1,Trevyn23,Trey1,Treyc2,Treyce1,Treyden1,Treydon5,Treyton1,Trez1,Trice1,Triffon1,Trigger59,Tristan1,TristanKevin13,Tristen1,Tristian13,Tristin#,Baby Boy Names3,Triston15,Troy7,Trystan1,TrystanJai2,Trysten1,Trystian2,Trystin1,Tryton3,Tucker1,Tuff1,Tully1,Tunmise3,Turner1,Tushar74,Ty1,Tybalt2,Tyberius1,Tyce1,Tycen6,Tye1,Tyece1,Tykel4,Tylan1,Tylen175,Tyler1,TylerJay1,Tylle1,Tymani1,Tymko2,Tynan1,Tyrae1,Tyral1,Tyran1,Tyree1,Tyreice2,Tyrel8,Tyrell1,Tyrelle1,Tyren8,Tyrese1,Tyrique3,Tyron3,Tyrone1,Tyrrel1,Tyrrell2,Tyrus1,Tyrynn5,Tysen1,Tyshawn#,Baby Boy Names76,Tyson2,Tytan1,Tyvin1,T'Zion1,Udham1,Udhay1,Ugonna1,Ulysses2,Umair1,UmairBen3,Uriah2,Usman1,Uthman1,UzoNwaeze1,Vadin1,Vaiden1,Vail6,Van4,Vance1,Vanier1,Vann1,Vanshaj2,Varun1,Vashist1,VashKelly3,Vaughan5,Vaughn1,Vazir1,Ve1,Vedant1,Velyzar1,Veric1,Vern1,Vernon1,Verone1,Vicente20,Victor1,Vijay1,Vikas1,VillaEAli1,Vinay20,Vincent1,Vincenzo1,Vinesh1,Vinn1,Vishva1,Vladimir1,Vrij11,Wade#,Baby Boy Names1,Wahaj1,Walee1,Waleed2,Walid1,Walied12,Walker1,Wallace4,Walter1,Wani2,Warner1,Warrek6,Warren1,Warrick1,Warrington1,Warsame1,Wasif1,Wathab1,Watson1,Wayde1,Waylen7,Waylon1,Wayne1,Wedial1,Wendel1,Wendell1,Wes1,Wesam17,Wesley1,Wessam1,Western1,Westley3,Weston1,Wexxley1,Wilfred5,Will4,Willem149,William2,Willie2,Willis1,Willson6,Willy6,Wilson1,WindyBoy1,Winson1,Winstin3,Winston1,Wisdom1,Woi1,Wolfgang#,Baby Boy Names1,Wouter72,Wyatt1,Wyett1,Wylie1,Wynton1,Xabian1,Xaden1,Xaivier22,Xander1,Xavian28,Xavier1,Xavion1,Xiaomeng1,Xing1,Xsavier1,Xuezhi1,X'yprus1,Xzandar2,Xzander1,Yaaqoob1,Yadgar1,YafetDawit1,Yahya1,Yakob1,Yale1,Yamato1,Yan1,Yannick1,Yannis2,Yaseen1,Yasir3,Yasser1,Yassier1,Yassir1,Yat1,Yazan1,Yee1,YeSung1,Yifeng1,Yik1,Yoal1,Yonas2,Yong1,Yorick1,Younes1,Younesse2,Younus3,Yousef2,Youssef#,Baby Boy Names1,Yousuf1,Yul1,Yunus1,Yusef1,Yusha3,Yusuf1,Yuvrag1,Yuvraj1,Zabbeullah1,Zabihallah1,Zac1,Zacairy2,Zacarias1,Zacary2,Zach8,Zachariah1,Zacharias5,Zacharie152,Zachary16,Zachery10,Zack1,Zackari1,Zackariah21,Zackary11,Zackery1,Zackry1,Zade1,Zaden1,Zaeden1,Zaheed1,Zaiden5,Zain1,ZainAli2,Zak1,Zakareya4,Zakaria6,Zakary1,Zaker1,Zakim1,Zakkarri1,Zakrai1,Zalman1,Zamaan1,Zameer1,Zandel23,Zander1,ZanderLee1,Zandon22,Zane#,Baby Boy Names1,Zanetti1,Zarek1,Zavein1,Zavier4,Zayden1,Zaydin1,Zayn4,Zayne1,Zearin1,Zebulun2,Zechariah1,Zecharias1,Zedi1,Zeffryn3,Zen1,Zenan4,Zenon2,Zeth1,Zev1,Zevon1,Zhan1,Zia1,Ziad1,Zidane1,Zinedine3,Zion1,Ziyad1,Zoe1,Zorain1,Zubin1,Zuheyb1,Zulfikar1,Zyah1,Zyler1,Zylomon