Baby Boy Names Registered in 2005,#,Baby Boy Names1,A.J.1,A.S.M.1,Aadam1,Aaden1,Aad-Ty1,Aadyn1,Aahil1,Aaliaan1,Aalt3,Aarav1,Aarij62,Aaron1,Aaryan2,Aaryn1,Aayan1,Aayden1,Aazmir1,Aban3,Abbas1,Abd1,Abdallah1,Abdelkader1,Abderrahman1,Abdessamed1,Abdifatah1,Abdigani1,Abdikafi1,Abdinoor1,Abdiqafar1,Abdirahman1,Abdoul10,Abdul2,Abdulaziz1,Abdul-Kareem1,Abdullaahi7,Abdullah1,Abdullahi1,Abdulmalik1,Abdulrahman1,Abdulrehman1,Abed1,Abeeng3,Abel1,Abhijeet1,Abhijit1,Abhinandan1,Abishai1,Abith#,Baby Boy Names5,Abraham1,Abrahim3,Abram1,Abreu1,Abrom1,Abyaan2,Ace1,Aceton1,Achilles1,Achim1,Acoy1,Adain1,Adal129,Adam1,Adan6,Addison1,Addy2,Adeeb1,Adel2,Adem12,Aden1,Ader1,Adesh1,Adeyemi1,Adham1,Adhurim3,Adil3,Adin3,Aditya1,Adler3,Adnan3,Adonis24,Adrian2,Adriano1,Adriel4,Adrien1,Adryan1,Adyn6,Aedan2,Aeden3,Aedyn1,Affan1,Afraz1,Agamjot1,Agamroop1,Agape1,Agron1,Agustin#,Baby Boy Names1,Agustus2,Ahad1,Ahamed10,Ahmad17,Ahmed2,Ahmer1,Ahmet1,Ahmmad1,Ahreez1,Aidain136,Aidan1,Aidan-James127,Aiden1,Aidin4,Aidon1,Aidyn1,Ainsleigh1,Aitazaz1,Aitsam4,Ajay1,Ajitesh1,Akaash1,Akec2,Akhil2,Akira1,Akoon3,Akram1,Akshat1,Akshdeep1,Alaa1,Alador1,Alain6,Alan1,Alasdair2,Alastair7,Albert1,Alberto1,Albion1,Aldin1,Aldred1,Aldric1,Aldrik1,Aldwin7,Alec1,Aleck1,Aleczander2,Aleem9,Alejandro#,Baby Boy Names1,Alejandro-Michael1,Aleksa1,Aleksandar4,Aleksander1,Alekzander5,Alessandro30,Alex1,Alexadros178,Alexander1,Alexander-Jaden5,Alexandre1,Alexandros1,Alexey1,Alexis1,Alexsander1,Alfie1,Alfonso1,Alford4,Alfred37,Ali2,Alier1,Alijah1,Alimadi1,Alishan2,Alistair1,Alister1,Alix1,Aljon6,Allan2,Allen1,Allias1,Allister1,Alonzo1,Alozie1,Alperen1,Alphonse4,Alvin1,Alvir2,Amaan1,Amadeo1,Aman1,Amanallah1,Amankrishan1,Amanveer2,Amar1,Ambery1,Ambrose1,Amen1,Amery#,Baby Boy Names1,Amethyst1,Amin1,Amine4,Amir1,Amit1,Amitesh1,Ammar2,Ammon1,Amon3,Amos1,Amrik1,Amrinder2,Amrit1,Amritpal1,Amro1,Amun1,Anakin1,Anandjot2,Anas1,Anash1,Andaira1,Anden2,Anders2,Anderson1,Andon1,Andonis6,Andre7,Andreas1,Andrei1,Andres124,Andrew1,Andriy1,Andro1,Androcles2,Andrue1,Andun7,Andy1,Aneil1,Anes3,Angad4,Angel4,Angelo4,Angus1,Anhad1,Anikin1,Aniq2,Anish1,Anjel1,Anjrel#,Baby Boy Names3,Anmol1,Anmolpreet1,Ansen6,Anson1,Anthany63,Anthony2,Antoine4,Anton1,Antoneo1,Antoni11,Antonio3,Antony2,Antun1,Anvir1,Anyang1,Anzell1,Anzuruni1,Aodhan1,Aown1,Apaar1,Apollo1,Apolo1,Appollon1,Ara1,Arad1,Arahel1,Arashdeep1,Arbnor4,Archer1,Arda2,Arden1,Ardyn1,Arees2,Aren1,Arenza1,Ari2,Aric1,Aricin2,Ariel2,Aries1,Ariesh1,Arieus1,Ariffullah2,Arik1,Arin1,Arion5,Arjun1,Ark1,Arland#,Baby Boy Names2,Arlen17,Armaan1,Armaani1,Armaan-Singh1,Arman1,Armand1,Armando1,Armond1,Arnad1,Arnav3,Arnie1,Arnish2,Arnold2,Aron1,Aroop1,Arpit1,Arpon1,Arsalaan1,Arshan1,Arshawn5,Arshdeep5,Arthur1,Arturo3,Arvin10,Aryan1,Asa2,Asad1,Aschyr1,Aseel3,Ash1,Ashaz1,Ashdyn18,Asher1,Ashish1,Ashlen1,Ashmanjot1,Ashrat3,Ashten1,Ashtin83,Ashton1,Ashton-Jacob1,Ashton-Lee4,Ashtyn2,Ashwin1,Aspen1,Aspyn1,Assadullah1,Aston1,Atari#,Baby Boy Names1,Ateeb1,Ateeq2,Ater3,Athan1,Athen1,Atlantis1,Atlee1,A'Treal5,Atticus3,Aubrey1,Auden1,Audric1,August3,Augustus1,Aulden1,Aundre1,Ausiny1,Austan3,Austen169,Austin2,Auston3,Austyn1,Avan1,Aven28,Avery1,Avian1,Avineet1,Avneesh1,Avon1,Avory1,Avraham1,Avry1,Awab1,Awais1,Axel1,Axton1,Axxel1,Ayaan4,Aydan40,Ayden1,Ayden-Jacob2,Aydin2,Ayman1,Aymen2,Ayrton1,Ayub1,Ayush1,Azaz1,Azeriel#,Baby Boy Names1,Azmee1,Baazil118,Baby1,Badee1,Baeminet1,Baha3,Bahaa4,Bailey1,Baily1,Bain1,Bais1,Bakr1,Baldwin1,Baljot1,Balkaran1,Balroop1,Bamiyo1,Bangre1,Bao1,Bao-Vincent1,Barham1,Baron3,Barrett1,Barron1,Baryn1,Bas1,Basam2,Basem2,Basil1,Bassim1,Batist2,Bauer1,Bayden1,Baylen1,Bayne1,Bearwalker9,Beau1,Beaudrie1,Beauregard3,Beck2,Beckett1,Beckham4,Belal17,Ben3,Benedict3,Benen2,Benjamen171,Benjamin1,Benjamin-Robert#,Baby Boy Names1,Benjmein13,Bennett5,Benny2,Benoit2,Benson2,Bentley1,Bereket2,Bergen1,Berkyn1,Bernabe2,Bernard2,Bernhard1,Bernherdt1,Bernie1,Bevan1,Bhavanveer2,Bhavnoor1,Bhavshaun1,Bhavsimran1,Biar1,Bienvenido8,Bilal4,Billy1,Binaypal1,Bir1,Birkarn1,Bisman1,Bjar1,Bjorn1,BjornJack2,Bladen1,Blaiden1,Blain6,Blaine6,Blair4,Blaise1,Blaize46,Blake2,Blane1,Blayde1,Blayden1,Blayz1,Blayze5,Blaze2,Bo1,Boady1,Bobtail2,Boden1,Bodhi#,Baby Boy Names1,Bodi1,Bohdan1,Bohdi1,Boi2,Bol1,Bona1,Borden1,Boris1,Botan1,Bowen3,Boyd2,Brad35,Braden1,Bradey1,Bradin1,Bradlee32,Bradley4,Bradly2,Bradon59,Brady3,Bradyn24,Braeden2,Braedon1,Braedyn1,Braelin1,Braelyn1,Brahin15,Braiden5,Bram1,Brampton2,Brandan3,Branden1,Brander92,Brandon1,Brandt1,Brandyn1,Branse1,Branson1,Branston1,Brant1,Brasen1,Brasil1,Braven1,Braxden10,Braxton1,Braxtyn1,Braycen2,Braydan99,Brayden#,Baby Boy Names7,Braydon1,Braydyn2,Brayson2,Brayton1,Brayvon3,Breck1,Breckin1,Brekkan1,Brell1,Bren29,Brendan11,Brenden4,Brendon1,Brenen15,Brennan6,Brennen4,Brent1,Brenton1,Breoghan4,Bret1,Breton34,Brett3,Bretton1,Brey1,Breyan1,Breydon1,Breyson17,Brian4,Brice1,Brieman1,Brigam3,Briggs1,Brigham4,Brighton1,Briley1,Brisias1,Britain1,Britten1,Broc31,Brock2,Broden1,Broderick2,Brodey1,Brodi16,Brodie73,Brody1,Broedan1,Broedy2,Brogan#,Baby Boy Names1,Brohden1,Brok1,Bron3,Bronson1,Bronze1,Brook1,Brooklin1,Brooklyn2,Brooks1,Broyden5,Bruce1,Brunel13,Bryan32,Bryce1,Brycen3,Bryden1,Brydon2,Bryer1,Brylin2,Bryn1,Brynmor2,Brynn1,Brysen5,Bryson1,Brytan3,Bryton1,Buddy1,Burhanuddin3,Burke1,Byrnard4,Byron1,Caalum1,Cache1,Cadan13,Cade34,Caden2,Cadence1,Cadence-Oliver1,Cadin3,Caeden3,Cael10,Caelan2,Caeleb1,Caelen1,Caelin1,Caelum2,Cage1,Cahil2,Cai#,Baby Boy Names1,Caidan1,Caide12,Caiden1,Caidyn1,Cailan1,Cailin1,Cailyn1,Cain1,Cainin1,Caise2,Caius1,Caiyl1,Calan3,Calder13,Cale119,Caleb1,Calem4,Calen1,Calin6,Callan1,Callder17,Callum2,Calub3,Calum11,Calvin1,Cam7,Camden1,Camdon1,Camerino77,Cameron2,Camilo1,Camlen2,Camron1,Camron-Joey1,Candin1,Cannon1,Canon2,Canyon1,Caramon1,Cardiff2,Carl1,Carlin1,Carlo4,Carlos1,Carmelo6,Carmine1,Carney1,Caron1,Carpenter#,Baby Boy Names5,Carsen65,Carson1,Carsten3,Carsyn207,Carter1,Casdin1,Caseley9,Casey8,Cash1,Cashel1,Cashtin2,Cashton1,Cashus1,Caspar1,Casper1,Caspian1,Cassian1,Cassidy1,Cassius1,Cassuis1,Castin1,Caton2,Cavan1,Cavin1,Cayd1,Caydance18,Cayden1,Cayl1,Caylan1,Cayle1,Caylem1,Caylin1,Cayman1,Cayshaun1,Ceajay1,Ceazar1,Cebastian1,Cedar1,Cedere2,Cedric1,Cegan1,Celdrine1,Cesar-Paolo3,Chace11,Chad1,Chaduer17,Chance1,Chancey2,Chandler#,Baby Boy Names1,Channing1,Chanse1,Chanson1,Chanveer1,Chany1,Charanpreet37,Charles15,Charlie1,Charmi1,Charter69,Chase1,Chase-Kieran1,Chaseton1,Chasey1,Chavaz2,Chayce1,Chayse1,Chayska1,Chayton1,Chaz1,Chazdynn3,Chazz1,Ched1,Chep2,Chester1,Chet1,Chetan1,Chey1,Chez1,Chezney1,Chi1,Chidumaga1,Chinaemelum1,Chinedum1,Chistopher3,Chris1,Chrishawn1,Christain47,Christian1,Christian-Matthew1,Christian-Nguyen- Khang1,Christophe70,Christopher1,Christos1,Chun1,Chung1,Chypper7,Cian5,Ciaran#,Baby Boy Names1,Ciaron1,Cisco1,CJ1,Clancy4,Clarence8,Clark2,Clarke2,Claudio6,Clay1,Clayson12,Clayton1,Cleveland1,Clifford3,Clint4,Clinton3,Clyde1,Coalton6,Coby1,Cobyn1,Coda1,Coda-Kree2,Coden1,Codi2,Codie40,Cody10,Coen2,Cohan48,Cohen1,Cohin1,Colan1,Colbe1,Colbie1,Colbin42,Colby1,Coldan122,Cole2,Coleman1,Coleton22,Colin7,Collin1,Colson1,Colston4,Colt2,Coltan13,Colten1,Colter1,Coltin48,Colton2,Coltyn#,Baby Boy Names1,Conal1,Connar37,Conner1,Connery1,Connin1,Connley2,Connolly151,Connor4,Conor7,Conrad1,Conroy1,Constantin1,Constantine56,Cooper1,Corban1,Corbet1,Corbett34,Corbin1,Corbon1,Corbyn4,Cordell1,Cordelle8,Corey1,Cormac1,Cornelis2,Cornelius1,Cornell5,Corny1,Cort2,Cortez2,Corwin1,Corwyn9,Cory1,Coster1,Coulsen1,Coulson1,Cowan2,Cowen1,Coy4,Craig1,Crandal1,Crayton1,Creed1,Creedance1,Creedence1,Creedon1,Creek1,Creo1,Creston#,Baby Boy Names1,Cris1,Crispin2,Cristian1,Crouger6,Cruz1,Cue4,Cullen1,Curan1,Curran23,Curtis2,Cy1,Cylas1,Cylis1,Cypris8,Cyrus1,D.J3,Dade1,Daegan2,Daelan1,Daelin1,Daelyn2,Daemon1,Daesean1,Dagar1,Daillon2,Dailyn1,Daimen1,Daimon1,Dain1,Dainek1,Daisson1,Daja1,Dajan1,Dak23,Dakota1,Dakotah1,Dakowta1,Dalane3,Dale2,Dalen1,Daljit1,Dalla3,Dallan11,Dallas1,Dallen2,Dallin1,Dallon1,Dally1,Dallyn#,Baby Boy Names1,Dalten8,Dalton2,Damari1,Damek1,Dameon23,Damian22,Damien1,Damieon1,Daminic5,Damion25,Damon2,Damyn1,Dan1,Dana7,Dane1,Dangelo1,Danial147,Daniel1,Daniel-Bernard-Danger1,Daniil1,Danil1,Danillo1,Danish1,Daniyal10,Danny1,Danry15,Dante1,Dantin1,Danwill2,Danyal1,Danzel1,Daood1,Darcel1,Darcey5,Darcy8,Darian4,Darien1,Dario1,Darion13,Darius1,Darius-Draco1,Dariush2,Darnell1,Darrel15,Darren2,Darrian2,Darrien1,Darrion1,Darrison#,Baby Boy Names2,Darrius1,Darryen4,Darryl1,Darshan1,Darshdeep1,Dartanian1,Darus6,Darwin1,Daryan1,Daryll1,Daryn1,Da'Shayne1,Dashiell1,Dasius2,Dason2,Dathan3,Dave1,Daven1,Davey83,David1,David-James1,Davien8,Davin14,Davis1,Davram1,Davran1,Davyn1,Dawit46,Dawson2,Dawsyn7,Dax1,Daxson2,Daxton1,Daxx1,Dayan4,Daylan4,Daylen2,Daylin1,Daylon1,Daymiene2,Daymon4,Dayne1,Dayon1,Dayshen1,Dayten9,Dayton1,Dayton-Victor1,Dayvin1,Dayyan#,Baby Boy Names2,Deacon2,Deagan2,Deagen1,Deaglan12,Dean1,De'Andre1,Decen38,Declan1,Declie1,Declin1,Deedar4,Deegan2,Deep2,Deepak2,Degan1,Degen1,Dehl1,Deidrich1,Deigen2,Deigo3,Deion1,Deisel1,Deizel1,Dekkon2,Deklan1,DeKlan3,Deklin1,Deklyn1,Delainey1,Delaney1,Delano1,Delton1,Delvin1,DeMarco1,Demarco1,Demetri1,Demetrio3,Demetrios2,Demetrius2,Demitri1,Demitrius1,Denallie4,Deng1,Denim3,Denis9,Dennis1,Denten1,Denton6,Denver#,Baby Boy Names3,Denzel1,Deon1,Deondre1,Dequawn1,Derck20,Derek1,Derian1,Deric1,Derric4,Derrick1,Derrik1,Derwin1,Deryk2,Deshaun1,Desi3,Desmond2,Destin6,Devan1,Devante2,Deven22,Devin1,Devlan5,Devlin23,Devon1,Devonn2,Devrin1,Devun3,Devyn6,Dexter4,Dezmond1,Dhamon1,Dhaylin1,Dhillon1,Dhol4,Dhruv1,Diadan1,Dian1,Di'Angelo1,Diany1,Diedrich20,Diego1,Diemone1,Dierk-Geoffery4,Diesel1,Dieterick2,Diezel1,Diljot3,Dillan13,Dillon#,Baby Boy Names2,Dilon1,Dilpreet1,Dilraj2,Dilroop2,Dilshan1,Dilyn3,Dimitri1,Dimitrije1,Dimitrious1,Dino3,Dion1,Diondre1,Diosdado1,Dirk1,Divino1,DJ1,Django1,Dmitri1,Dmitry1,Doc1,Dolan3,Domanic2,Domanick2,Domenic1,Domenick1,Domenico1,Domenik1,Domingo1,Domingos53,Dominic12,Dominick15,Dominik1,Dominique1,Dominyk2,Domonic1,Domonik1,Domonique3,Don3,Donald1,Donavan1,Donavin1,Donevin17,Donovan2,Donte1,Dor4,Doran1,Doren9,Dorian1,Doruk#,Baby Boy Names1,Dothan11,Douglas1,Draco1,Draden1,Drae2,Draeden1,Drago1,Dragon2,Draiden16,Drake1,Drakko5,Draven1,Draydan13,Drayden1,Draydon1,Drayke1,Drayson5,Drayton1,Drayvon1,Drayzen2,Dre1,Dreaver1,DreShaun1,Dresion1,Dretin25,Drew1,Drewan1,Drey1,Dreyden-Aries1,Dreydin1,Dreymon1,Dreyton1,Dreyvon1,Drezell1,Drickus2,Dru7,Dryden1,Dugrey1,Dunamis9,Duncan1,Dunmoore1,Duntell1,Duran1,Durrel1,Durrell1,Durrelle1,Durwin1,Durwyn1,Dusan#,Baby Boy Names14,Dustin1,Dustyn2,Dwayne1,Dycen1,Dyego141,Dylan1,DylanThomas1,Dylen3,Dyllan2,Dylon1,Dymitri4,Dyson1,Eam2,Eamon1,Eamonn3,Earl1,Eassah1,Easson1,Easten22,Easton1,Eastyn1,Ebaad2,Ebad1,Ebben1,Ebenezer1,Ed1,Edan1,Ed-Bert2,Eddie5,Eden1,Edge1,Edison1,Edmond2,Edmund21,Edward1,Edward-Bence5,Edwin1,Edwyn1,Effram1,Efosa1,Ehab1,Ehsaan1,Ehsan1,Eiler1,Eirik1,Eissa1,Eiu1,Eja1,Ekambir#,Baby Boy Names1,Ekaum1,Ekenedilichukwu1,Ekjot1,Ekow1,Elcid1,Elden1,Eldon1,Elemo1,Elgin17,Eli16,Elias1,Elie57,Elijah1,Elijia1,Elijjah2,Eliot1,Elisah1,Eliseo1,Elisha1,Elkan1,Ella1,Elleazar10,Elliot4,Elliott1,Elmi1,Elmore1,Elton1,Elvin3,Elvis2,Elyas2,Emad3,Emanuel1,Emerance1,Emeric8,Emerson6,Emery2,Emile1,Emilian1,Emilio1,Emin1,Emir14,Emmanuel1,Emmet12,Emmett1,Emmette2,Emmitt1,Emory1,Emperor-Phu-Lac1,Emric#,Baby Boy Names1,Emry1,Enric1,Enrique2,Enzo1,Eoin1,Ephraim1,Ephrem1,Ephriam1,Ephrum1,Erasmus1,Ercel78,Eric5,Erich5,Erick29,Erik1,Erikson1,Eriond1,Erminio1,Ernav4,Ernest1,Ernesto3,Ernie1,Eron1,Ertugrul1,Erwin2,Eryk1,Esa1,Escher2,Eshaan3,Eshan1,Eshay1,Eshton1,Esomchi5,Esteban1,Estefan343,Ethan5,Ethen1,Ethyn2,Etienne1,Euan1,Eugene1,Eusebius176,Evan1,Evangelos1,Evann1,Everest1,Everet14,Everett1,Everist#,Baby Boy Names1,Evren2,Evyn14,Ewan1,Ewen1,Exzander1,Eyasu1,Eyoel1,Eythan1,Ezadin4,Ezekiel1,Ezias8,Ezra1,Faber2,Fabian2,Fahad1,Faisal2,Faizaan1,Faizan1,Fajar1,Falih2,Faolan3,Faraan1,Faraz1,Fardan1,Farhaan3,Farhan1,Faris1,Fariss1,Farouq1,Farrell1,Farshad1,Fawaz1,Fayez1,Feargus1,Fedor1,Felipe16,Felix1,Felix-Antoine1,Feodor1,Ferenc3,Fernando1,Ferris1,Fessehaye6,Filip2,Finlay8,Finley15,Finn1,Finnegan1,Finnigan#,Baby Boy Names1,Finnley1,Firoelle3,Fisher1,Fletcher1,Florent3,Forbes1,Ford1,Forest2,Forrest2,Foster1,Fox1,Foxx3,Francesco3,Francis1,Francisco1,Franco6,Frank4,Franklin1,Fransz5,Franz2,Fraser5,Frederick1,Fredrik1,Freeman1,Fritz1,Frost1,Fuad1,Fuat1,Fulton1,Furious3,Fynn1,Gabby1,Gabe1,Gabor1,Gabreal2,Gabreil116,Gabriel1,Gagandeep24,Gage1,Gaige1,Gaij1,Galaxia1,Ganesh1,Gannon1,Garang3,Gareth4,Garett1,Garin1,Garion#,Baby Boy Names2,Garnet1,Garott6,Garret18,Garrett2,Garrick1,Garrik1,Garrin4,Garrison3,Garry2,Garth3,Gary1,Gatdor1,Gauge1,Gautam1,Gauyn72,Gavin1,Gavrie1,Gavyn1,Gebran1,Geffery1,Gene1,Gentry1,Geo3,Geoffrey1,Geoffry1,Geordan1,Geordie16,George1,Georgeio1,Georgio3,Gerald1,Gerard1,Gerardo2,Gerhard1,Gerry1,Geshey1,Ghulam1,GianLuca1,Gianluca1,Gian-Marco4,Gianni1,Gianpaolo1,Gibril5,Gibson2,Gideon1,Gierhort1,Gil2,Gilbert1,Gion#,Baby Boy Names1,Giordan2,Giorgio1,Giovanni1,Giuseppe1,Glen1,Glendon1,Gmo1,Goanar1,Gonzalo1,Gopal1,Gordie11,Gordon1,Govind1,Graceon1,Gracien1,Gracin1,Gracyn1,Gradon9,Grady1,Graedon1,Graedy8,Graeme2,Graeson6,Graham2,Graison11,Grant2,Grayden1,Graydie6,Graydon3,Graysen35,Grayson8,Gregory1,Grey1,Greyden2,Greysen5,Greyson1,Greysyn1,Griffen15,Griffin1,Gryphen1,Gryphon2,Guerin1,Guevarro1,Guilhem1,Gunbir5,Gunnar1,Gunner1,Guot1,Gur#,Baby Boy Names1,Gureet1,Gurick1,Gurjaan1,Gurjap1,Gurjeevan1,Gurjot1,Gurkaran1,Gurleen3,Gurman1,Gurmanvir1,Gurmet2,Gurnoor1,Gursahib2,Gursajan1,Gursewak3,Gurshaan3,Gurshan1,Gurshan-Deep-Singh1,Gursharan1,Gurtab1,Gurtaj1,Gurwant1,Gustav1,Gustave1,Gustavo2,Guy1,Gyula1,Haaken1,Haakon1,Haamad1,Haashim1,Habib1,Habibullah2,Haden1,Hadeon1,Hadi1,Hadley1,Hadrian2,Hadyn4,Haiden2,Haider1,Halen3,Hamish5,Hamza4,Hamzah1,Hank1,Hans1,Hansen1,Harald#,Baby Boy Names1,Haran1,Harbind1,Harderickdeep1,Harding1,Hardy1,Harian1,Haris1,Harjaap1,Harjas1,Harjoban2,Harjot1,Harjyot1,Harkaran1,Harkeerat1,Harkevin3,Harkirat1,Harkrit1,Harleen1,Harlem10,Harley1,Harley-Ian1,Harlow6,Harman1,Harmanjot2,Haroon3,Harper1,Harris9,Harrison1,Harrold1,Harry3,Harshaan3,Harshan2,Harshdeep1,Harshpreet1,Harshveer1,Haruki1,Harune1,Harveer2,Harvey1,Harvin1,Harvinder1,Harvir1,Harwen2,Hasan1,Haseeb-Ullah1,Haseem1,Hashem1,Hashir2,Hassan#,Baby Boy Names2,Hassen1,Havelock2,Haven102,Hayden1,Haydin2,Haydn1,Haydon1,Haydyn1,Haye1,Haylen1,Hayvin1,Hazen1,Hea-In4,Heath1,Heaton1,Heiko1,Heinrich1,Heinry2,Henri1,Henrik20,Henry2,Herbert2,Herman1,Heron1,Hesston1,Hewitt1,Hezekiah1,Hidar1,Hijran1,Himat1,Hiroto2,Hisham14,Holden2,Holt1,Holton1,Hossen1,Houd4,Houston1,Hovie3,Howard1,Howie2,Hoyt1,Hubert1,Hudayfa41,Hudson4,Hugh1,Hughie1,Hughston4,Hugo#,Baby Boy Names1,Hugo-Matthew1,Humza100,Hunter1,Husain1,Husam1,Hussain2,Hussein1,Hussien1,Huthayfah1,Huy1,Huzaifa1,Hydar-Ali1,Hyrum3,Iain38,Ian1,Iaynan1,Ibraheem9,Ibrahim1,Ibssa1,Ideen1,Idelfonso1,Idrees1,Idriss1,Ignatius1,Ihsan1,Ijnse1,Ikenna1,Ikjot1,Ilaka3,Ilan1,Ilias1,Ilyaaseen1,Ilyas1,Imad2,Iman2,Immanuel1,Imran1,Inderjit1,Inderpreet1,Inderveer1,Indiana1,Inferno1,Inji1,Inshal1,Ioannis1,Ira1,Irfan1,Irtaza1,Irvin#,Baby Boy Names72,Isaac2,Isaak1,Isaaka1,Isai44,Isaiah1,Isak2,Ishaan1,Ishaanjeet4,Isiah1,Isidore2,Ismail1,Ismiel3,Israel1,Issa1,Issaac6,Issac1,Iszach11,Ivan1,Ivar1,Ivory1,Iyan1,Iyuael1,Izaac2,Izak1,Izrael1,Izzak2,Jaan1,Jabin1,Jabriel1,Jac29,Jace129,Jack1,Jackie1,Jack-James89,Jackson4,Jacky1,Jaclyn239,Jacob1,Jacobi1,Jacoby1,Jacsen1,Jacy4,Jad1,Jade35,Jaden1,Jadin1,Jadis1,Jadon1,Jadyn#,Baby Boy Names1,Jaedan1,Jaedbez2,Jaeden1,Jaedon1,Jaedyn1,Jaelan2,Jaelen1,Jafar1,Jaffar1,Jaffer2,Jagbir4,Jager5,Jagger1,Jagr1,Jagur1,Jahngeer1,Jahsiah2,Jai1,Jaid12,Jaiden3,Jaidyn1,Jaimie1,Jaimin1,Jaipal1,Jairen2,Jairus1,Jaiveer45,Jake34,Jakob2,Jakobi1,Jakobus3,Jakub1,Jakub-David1,Jal2,Jalal5,Jalen2,Jalil1,Jallal1,Jamaal7,Jamal124,James2,Jameson1,James-Wyatt1,Jamiah14,Jamie2,Jamieson1,Jamil2,Jamin2,Jamison#,Baby Boy Names3,Jan1,Ja'Naar1,Jan-Gerard1,Janks1,Jan-Michael1,Jannar1,Jansun1,Japen1,Japmeet1,Japnam1,Jaquain1,Jardin39,Jared1,Jaremy3,Jaren2,Jaret1,Jareth1,Jarett1,Jaris1,Jarnell2,Jarod2,Jarom3,Jarome5,Jaron1,Jarret5,Jarrett1,Jarrod1,Jarron2,Jarvis1,Jaryd1,Jaryd-Clinton1,Jaryk1,Jaryn6,Jase3,Jashan2,Jashandeep1,Jasiah1,Jasjeet2,Jaskaran1,Jaskarn1,Jaskirat1,Jaskran1,Jasman2,Jasmeet1,Jasnpreet1,Jasnum42,Jason16,Jasper3,Jaspreet#,Baby Boy Names1,Jaston1,Javan1,Javari1,Javaugn1,Javid3,Javier1,Javyn3,Jawad3,Jax4,Jaxen35,Jaxon23,Jaxson2,Jaxx2,Jaxyn8,Jay10,Jayce1,Jaycee1,Jaycen1,Jaycob1,Jaycus1,Jaydan1,Jayde-Brody106,Jayden1,Jaydence5,Jaydin9,Jaydon1,Jaydre1,Jaydus1,Jaydyn1,Jaykwon1,Jaylan2,Jaylen1,Jaylin2,Jaylon1,Jaymin1,Jaymison1,Jaymon3,Jayron1,Jaysel4,Jayson1,Jayton1,Jayven1,Jayvin1,Jayzl1,Jaziah1,Jazib1,Jean1,Jean-Herve1,Jean-Marie#,Baby Boy Names2,Jean-Pierre1,Jearahmel3,Jed1,Jediah1,Jed-Timothy2,Jeevan3,Jeff5,Jeffery19,Jeffrey1,Jeffry2,Jehad1,Jemuel1,Jenoah2,Jensen1,Jerahmeel1,Jerake1,Jerel13,Jeremiah1,Jeremie32,Jeremy4,Jericho1,Jericho-Rocky1,Jerimiah1,Jerimy2,Jermaine1,Jerold10,Jerome1,Jerone1,Jerramia1,Jerrell3,Jerry1,Jerry-Jean1,Jerzy1,Jeshua1,Jesiah3,Jess92,Jesse1,Jessee1,Jesse-James4,Jessie1,Jessy2,Jet6,Jethro10,Jett1,Jetteson1,JettNolan1,Jettson2,Jevan1,Jevin#,Baby Boy Names2,Jevon1,Jevons1,Jezek1,Jeziah1,Jhanzaib1,Jhevyn3,Jia1,Jiar1,Jiayin1,Jibraan1,Jierdy1,Jiggs2,Jihad3,Jim9,Jimmy1,Jindvir1,Jirehl1,Jiri1,Jivan3,Joah1,Joao2,Joaquin1,Job1,Joban1,Joben1,Joden1,Jody4,Joe44,Joel1,Joelyn8,Joey1,Joffre2,Johan1,Johannes73,John6,Johnathan1,Johnathen1,Johnathon1,John-Catlyn1,John-Luke1,Johnnie3,Johnny1,John-Paul1,Johnson1,Johny1,Jolan1,Jomil2,Jon1,Jona#,Baby Boy Names42,Jonah1,Jonahs22,Jonas63,Jonathan1,Jonathen8,Jonathon1,Jonel1,Jonhendrik1,Joonha1,Joram88,Jordan1,Jordan-Scott3,Jorden3,Jordin3,Jordon2,Jordy1,Jordyn1,Jorell1,Joren2,Jorge3,Jory1,Jorynel1,Jose3,Josef84,Joseph1,Josephe14,Josh253,Joshua1,Joshuah1,Joshwa1,Joshywa19,Josiah1,Josten2,Josue1,Jovan1,Jove1,Joven1,Jovi1,Jovin1,Jozef1,Jozeph1,Jratyn1,Juach5,Juan1,Jubiel7,Judah11,Jude1,Juden1,Jugraj#,Baby Boy Names1,Juin3,Jules1,Jules-Terry29,Julian9,Julien1,Julious4,Julius2,Jullian1,Julyan1,Junayd1,Juno1,Junpei1,Junshi1,Junup1,Jure1,Jurel10,Justice90,Justin1,Justine1,Justise4,Justus1,Justyce2,Justyn1,Jyris1,K.J.1,Kaamal1,Kaan1,Kaartik1,Kabe3,Kabir1,Kace1,Kacey2,Kache1,Kadam27,Kade79,Kaden8,Kadin5,Kadyn2,Kaedan1,Kaede6,Kaeden1,Kaedyn16,Kael5,Kaelan1,Kaelen2,Kaelin1,Kaelyb1,Kaetan1,Kage#,Baby Boy Names1,Kahdem1,Kahel1,Kahir1,Kahlin1,Kahne52,Kai1,Kaid6,Kaidan35,Kaiden1,Kaidyn2,Kailan1,Kailyn2,Kain1,Kaio1,Kairell1,Kai'ro1,Kaito1,Kai-Vinh1,Kalab11,Kalan1,Kalani25,Kale53,Kaleb1,Kaleel1,Kalel1,Kalem4,Kalen1,Kallen1,Kallun1,Kalo3,Kalob1,Kalub2,Kalvin1,Kalym1,Kamal3,Kamden1,Kamdyn5,Kameron1,Kamil1,Kamren1,Kamryn1,Kamyar8,Kane1,Kanin1,Kannon1,Kansas1,Kansys1,Kanvrpreet3,Kanyon#,Baby Boy Names1,Karambir1,Karamdeep1,Karan1,Karanjot1,Karanveer1,Karanvir1,Karar1,Karcyn5,Kareem1,Karim7,Karl1,Karlan1,Karl-Christian1,Karlen3,Karman1,Karmillo1,Karnvir4,Karsen8,Karson1,Karstan2,Karsten1,Karsyn5,Karter3,Kartik1,Karwan1,Kase3,Kasen1,Kash1,Kashan1,Kashif2,Kashius1,Kashton1,Kason1,Kasper2,Kass1,Kathon1,Kato1,Kavisha1,Kawach1,Kawar1,Kaycee1,Kaydan1,Kayde54,Kayden1,Kaydin1,Kaydon1,Kayel4,Kaylan3,Kayle#,Baby Boy Names2,Kayleb4,Kaylen2,Kaylin4,Kayne1,Kaynon1,Kaysan1,Kayvis1,Kazlin1,Kazon1,Kazuki1,Kazz1,Kazzdon1,KC1,Keadan10,Keagan2,Keagen2,Kean1,Keandre7,Keanu1,Kearon1,Kearse1,Keaten22,Keaton1,Kedem1,Kedrixx3,Keefer34,Keegan1,Keegen1,Keeghan2,Keelan19,Keenan1,Keesyn1,Keeton1,Keevan1,Keewatin1,Keian4,Keifer4,Keigan1,Keighan1,Keiht1,Keil2,Keilan1,Keileb1,Keilin1,Keiller1,Keilyn1,Kein1,Keinan1,Keion#,Baby Boy Names6,Keiran1,Keirnen1,Keirran1,Keisen9,Keith2,Keithan1,Keiven1,Kel1,Kelan1,Keldan2,Kelden1,Keldon1,Keli1,Kelland1,Kellar4,Kellen1,Kellton3,Kelly3,Kelsey1,Kelso1,Kelson5,Kelton4,Kelvin3,Kemper2,Ken1,Kenan1,Keniel2,Kenji1,Kenley2,Kennedy15,Kenneth3,Kenny1,Kensea1,Kensho2,Kent5,Kenton1,Kenyan1,Kenyen4,Kenyon1,Keon1,Keoni1,Kerem1,Keri1,Kerr1,Kerrick1,Kerry1,Kervin1,Kerwin1,Keshaun#,Baby Boy Names2,Keshav1,Keshay1,Kessler2,Keston1,Kestyn1,Ketch39,Kevin1,Kewei1,Keyan1,Keynan1,Keyrai1,Keyshawn1,Khai6,Khaled1,Khaleel3,Khalid3,Khalil1,Khari1,Kheops1,Khole1,Khush1,Ki1,K'i12,Kian1,Kicker1,Kidsamedee1,Kiedis8,Kiefer1,Kieler1,Kier25,Kieran1,Kieren1,Kiernan1,Kieron1,Kieryn1,Kiev1,Kieven1,Killian1,Kim1,Kimble2,Kimowan1,Kincaid1,King1,Kingsley1,Kingston1,Kinza2,Kip1,Kiral2,Kiran#,Baby Boy Names1,Kirby2,Kirk1,Kiron1,Kirubel2,Kit1,Kito1,Kiya1,Kiyan2,Kiyoshi1,Kjorvan1,Kjorven1,Klaas1,Klarenz1,Klay1,Kleider1,Knighten1,Knox9,Kobe1,Kobin1,Kobrin1,Koby7,Koda1,Kode1,Koden1,Kodi9,Kody9,Koen7,Kohen1,Kohin2,Kohl1,Koji1,Kol2,Kolbi10,Kolby5,Kole6,Kolten3,Koltin8,Kolton1,Komaldeep1,Konar1,Konner3,Konnor5,Konrad1,Konur1,Kooper1,Korban2,Korben4,Korbin2,Korbyn#,Baby Boy Names1,Kordic1,Koren2,Korey1,Kori1,Korven1,Korwin1,Kory1,Koryom1,Kosten1,Kourtny1,Koven2,Kowen1,Koy1,Kredence1,Kreedence2,Kreg1,Krillian1,Kris1,Krish2,Krishan1,Krishdev1,Krishna1,Krisjan15,Kristian1,Kristoffer9,Kristopher1,Kristos1,Kruz1,Krystjan1,Kuach1,Kubilay1,Kudzai1,Kulgagan1,Kunesu1,Kurosh3,Kurt2,Kurtis2,Kush1,Ky9,Kyan1,Kycen1,Kyden7,Kye3,Kylan1,Kylar74,Kyle2,Kylen17,Kyler1,Kyler-Joseph#,Baby Boy Names1,Kylin2,Kynan1,Kyr6,Kyran1,Kyrelle2,Kyren1,Kyrin1,Kyron1,Kyryn1,Kyvan1,Kyver1,La1,Laban1,Labib1,Lace1,Lacen17,Lachlan1,Lachlann1,Laec1,Laikken1,Lain3,Laine1,Laitham1,Lakaya1,Lambro1,Lamont1,Lan9,Lance1,Lancelot1,Landan19,Landen5,Landin44,Landon2,Landyn20,Lane1,Langely2,Larry1,Lars1,Lashon1,Laszlo1,Lat1,Latrell1,Latrelle1,Latryll1,Latzio1,Lauchlan1,Laukhush1,Lauren1,Lauriston#,Baby Boy Names4,Lawrence4,Lawson13,Layne1,Laysan1,Layth3,Layton1,Lazarin1,Lealand2,Leander1,Lee3,Leeland1,Leelin1,Leelyn1,Leelyne1,Leethon1,Lehi9,Leif1,Leighten4,Leighton2,Leiland1,Leilend1,Leith3,Lelan19,Leland1,Lelend1,L'emir1,Lenard1,Lendl1,Lendy1,Lennon1,Lennox2,Lenny21,Leo2,Leon3,Leonard1,Lequon1,Lester1,Letjor1,Letrell1,Letrelle1,Lev41,Levi1,Levin2,Levon1,Lewi4,Lewis1,Lews-Therrin2,Lex2,Leyland#,Baby Boy Names2,Leyton206,Liam1,Liam-Roger1,Lian2,Liban1,Libnan1,Lieam9,Lincoln1,Lincon7,Linden1,Lindon2,Linkin1,Linkoln1,Linus1,LJ1,Lleyton1,Lliam2,Lloyd1,Llyric1,L'Moe1,Lochlain8,Lochlan1,LochLan1,Lochlin1,Lochlyn1,Lodewyk1,Lodune220,Logan1,Logen2,Loic1,Loki1,Lombadu3,London2,Loren2,Lorenzo3,Lorne1,Lothar1,Loui1,Louie6,Louis1,Louis-Alexandre1,Loukka1,Lourens3,Lual1,Lubak7,Luc14,Luca109,Lucas1,Lucca#,Baby Boy Names3,Lucian1,Lucias2,Lucien1,Lucious8,Lucius1,Lucky1,Ludovic1,Ludovik1,Luiciano1,Luicious1,Luis1,Luis-Angelo1,Luk3,Luka25,Lukas1,Lukash1,Lukasz104,Luke1,Lukis1,Lukka1,Lukus1,Luqmaan1,Luuca1,Lux1,Luxton1,Lydan1,Lyle3,Lynden7,Lyndon1,Lyrin1,Maanus4,Mac1,MacConnall1,Macen1,Maciey1,Mack9,Mackenzie2,MacKenzie2,Macklin1,Mackson1,Maclaren1,Maclean1,Macsim7,Madden1,Maddix14,Maddox2,Maddux1,Madison1,Madox#,Baby Boy Names1,Madyk1,Maeson1,Magnum5,Magnus6,Maguire2,Mahad1,Mahamoud1,Mahdy1,Maheegan2,Mahir2,Mahmoud1,Maisam2,Maison1,Maizon1,Majd-Mazen1,Majok2,Makai1,Makale1,Makaveli1,Makeo1,Makoa1,Maksim1,Maksymilian12,Malachi3,Malakai1,Malaki1,Malakye9,Malcolm1,Malek5,Malik1,Malikai2,Maliki1,Malikie2,Malikye1,Malong1,Mamoon1,Manase3,Manav1,Manish1,Manjot1,Mannix1,Manny1,Manolo2,Manraj1,Manroj1,Manroop2,Manuel5,Manveer1,Manvir#,Baby Boy Names1,Maonyesho1,Maquire1,Marbub8,Marc1,Marc-Aidan1,Marc-Andre6,Marcel3,Marcello1,Marcellus10,Marco52,Marcus8,Marek2,Marik2,Mario1,Marion1,Marius1,Marjoelson38,Mark1,Markese1,Markis2,Marko17,Markus2,Marlon1,Marquise1,Mars1,Marschal17,Marshall12,Martin2,Marty2,Marvin4,Masen88,Mason3,Massimo1,Masud1,Masyn1,Mate1,Matei1,Mateland16,Mateo1,Mateus1,Mateusz1,Mathais1,Matham1,Mathan1,Matheau1,Matheo16,Mathew5,Mathias7,Mathieu#,Baby Boy Names1,Mathu1,Mathurin8,Matias1,Matisse1,Matix4,Matt1,Mattais20,Matteo1,Matteus228,Matthew4,Matthias1,Matthieu7,Mattias1,Mattie1,Mattix1,Mattox1,Matus1,Maui2,Maurice1,Maury7,Maverick1,Maveryk1,Mavrick1,Mavry2,Mawien28,Max6,Maxim3,Maxime1,Maximiliano4,Maximillian1,Maximis1,Maximo11,Maximus1,Maxin1,Maxon37,Maxwell3,Maxx1,Maxym1,Mayank1,Maysen1,Mayson1,Mayuran3,Mazen1,Mazin1,McAllister1,McCoy1,McIntyre1,Mckale1,Mckinley#,Baby Boy Names1,Mckinnon1,McLaren1,Mehar1,Mehki1,Mehrban1,Mehrshad1,Mehtaab1,Mekah1,Mekhai2,Mekhi1,Mel1,Melese13,Memphis1,Menglin1,Menno1,Mercury2,Merik1,Merlin3,Merrick1,Merrik1,Merryk1,Mert1,Mesgana1,Meshach1,Messiah1,Micael23,Micah129,Michael1,Michal12,Micheal1,Michell1,Micias1,Mick2,Mickey1,Mickyas1,Mieszko8,Miguel1,Mihan1,Miika1,Mika4,Mikael1,Mika'il1,Mikaill3,Mike1,Mike-Braden1,Mikel1,Mikeljan4,Mikhail1,Mikisow#,Baby Boy Names2,Mikkel1,Mikko1,Miko1,Milad2,Milan1,Milano1,Mileak12,Miles2,Miller2,Milo1,Milton1,Minal1,Ming1,Mingxin1,Miquell1,Miracle1,Miran1,Mit1,Mitch2,Mitchel23,Mitchell1,Mj1,Moamen1,Modi4,Mohamad20,Mohamed10,Mohammad16,Mohammed2,Mohamud1,Mohid1,Mohit1,Mohsen1,Mojalefa1,Molave1,Molsen1,Momin1,Momoh1,Moneeb1,Monias4,Montana1,Montthar2,Monty1,Mootii1,Morad35,Morgan1,Morteza2,Moses1,Moshe1,Mostafa#,Baby Boy Names1,Motasim1,Mouaid1,Mouamal2,Mouhamad1,Mouhamed1,Moussa1,Moustafa1,Moutaz1,Mowahed1,Moyosolu1,Muath1,Muawiye1,Mubarek1,Mudassir1,Mueez1,Muhadis12,Muhammad1,Muhammed1,Muhieddien1,Muiz1,Mujtaba1,Mukabbir1,Mukund1,Mullis2,Muneeb1,Mungo1,Munir1,Murad1,Murdoch1,Murray1,Musa2,Mustafa1,Mutasim1,Muzmial1,Mychael1,Mykhailo1,Mylan10,Myles1,Myron1,Myung1,Naa'il1,Nabeel1,Nabhan1,Naddus1,Nadeem1,Nadim1,Nahuel1,Nahum1,Nai-En#,Baby Boy Names1,Najeeb1,Naji1,Najib1,Nam1,Naolin1,Naryan9,Nash2,Nashua13,Nate1,Natesh197,Nathan5,Nathanael9,Nathanial65,Nathaniel1,Nathias1,Nathon1,Nathyn1,Natrel1,Navan1,Navdeep1,Naveed1,Navjosh1,Navjot2,Navraj1,Naythan1,Nazareth1,Neal1,Nebiyou1,Ned1,Neel8,Neil5,Nelson2,Neo1,Nero1,Nethanael1,Nevada2,Nevan1,Nevin1,Ngor1,Nhan1,Niall1,Niall-David1,Niam1,Nicholai153,Nicholas1,Nicholaus3,Nick1,Nickalous1,Nicklas#,Baby Boy Names1,Nickoda1,Nickolai15,Nickolas1,Nickolaus1,Nickson2,Nico1,Nicola2,Nicolaas24,Nicolas1,Nicolaus2,Niels8,Nigel1,Nihal1,Nihan1,Nikanthros3,Nikhil2,Nikita1,Nikko4,Niklas2,Niko3,Nikola1,Nikolaas3,Nikolai4,Nikolaos16,Nikolas2,Nikolaus1,Nikolay2,Nima1,Nimmerpreet1,Nino1,Niran1,Nirbhai1,Nirvan1,Nishan1,Nitesh1,Nitin2,Nixon185,Noah1,Noah-Mitchell1,Noam1,Nobel1,Noel2,Noelan1,Nohl82,Nolan1,Nole4,Nolen2,Nolin1,Nollan#,Baby Boy Names1,Nolton2,Noor2,Norman1,North1,Notorious1,Noumaan1,Noureldin-Surecrat1,Nouridine1,Nycholas1,Nyle4,Oakley1,Obinna2,Oden1,Odhen9,Odin1,Odinn1,Ogeller1,Oilver1,Olanrewaju1,Oleg3,Olin26,Oliver4,Olivier1,Oluwadanikanse1,Oluwafemi1,Oluwaseyi1,Oluwaseyitan1,Oluwatobiloba1,Oluwayiga1,Olvin1,Omaied1,Omair14,Omar1,Omario1,Omarion1,Omer1,Omid1,Ondre1,Onkar2,Oren1,Orest1,Orin6,Orion1,Orland2,Orlando2,Orrin1,Osama1,Osazuwa7,Oscar#,Baby Boy Names1,Oscar-Junior1,Oshwah2,Oskar2,Osman1,Ossen1,Osvaldo1,Otho1,Otto1,Owain167,Owen1,Owyn1,Ozan1,Ozbourne1,Ozias1,Paaris1,Paavon1,Pacen2,Pacey1,Paden1,Padon1,Paeyton1,Paisley1,Paiton2,Panagiotis1,Paolo2,Pardeep1,Paris1,Parjyot60,Parker1,Parks1,Parmveer1,Parth1,Parveer4,Pascal1,Paterson25,Patrick1,Patryk29,Paul1,Paulus4,Pavel1,Pawel2,Paxton1,Payten6,Payton1,Payum1,Pearson2,Pedro1,Pele1,Perry#,Baby Boy Names34,Peter1,Petr1,Peyasu10,Peyton1,Phelan1,Phelix1,Phenix2,Pheonix1,Phien1,Philemona9,Philip1,Philipp8,Phillip20,Phoenix1,Phong1,Phurrell9,Pierce1,Piers1,Piet2,Pietro1,Piita1,Pike1,Pilot8,Porter1,Prabhdeep1,Prabhjot1,Prabhvir2,Prabjot1,Pranav1,Prashant1,Prateek2,Pratham1,Presley1,Prestin22,Preston1,Prestyn1,Prezton1,Princedeep1,Prwil1,Psalm1,Puoch1,Pushkar2,Quade3,Quaid1,Quatin1,Quavis10,Quentin1,Quetzal2,Quin#,Baby Boy Names1,Quincey4,Quincy4,Quinlan1,Quinlen25,Quinn1,"Quinn-Anderson-Wallace"1,Quinn-Te1,Quintan8,Quinten5,Quintin11,Quinton1,Quintyn1,Raad1,Raanan1,Rabeah1,Race1,Rachan1,Radek1,Radley1,Raeden6,Rafael1,Rafal3,Rafe1,Rafeh1,Raheel1,Raheem1,Rahim1,Rahmad2,Rahul3,Raiden1,Raider1,Raif1,Raife1,Raihan1,Rain3,Raine1,Rainer1,Rainier1,Raistlin1,Raiyaan1,Raj1,Raja1,Rajanveer1,Rajeem1,Rajkran1,Rajman2,Rajvir1,Rakin2,Ralph#,Baby Boy Names1,Ram2,Rami1,Ramie1,Ramil1,Ramiz1,Ramsey1,Ramyn1,Ramzi1,Rand3,Randall6,Randy1,Randy-Alexander1,Rane1,Raneem1,Raniel2,Ranjeet1,Ranon1,Ransom1,Ranveer1,Ranvir1,Raphael2,Rashawn1,Rashed1,Ratomir1,Ravjeet1,Rawai5,Ray1,Raya1,Rayaan3,Rayan1,Rayce8,Rayden1,Raylan16,Raymond1,Rayn2,Rayne1,Rayshaan1,Rayyan1,Razaq2,Reagan2,Reagen1,Rebel2,Reda13,Reece5,Reed1,Reegan9,Reese1,Reeve7,Regan#,Baby Boy Names1,Reggie28,Reid1,Reign1,Reiley3,Reilly1,Reily1,Reine1,Reinhardt1,Reise1,Rembrandt2,Remi4,Remy4,Ren2,Renan2,Rene1,Reno1,Renshan1,Renton1,Reshad1,Reto4,Reuben4,Rex1,Rexford1,Rexther2,Rey1,Reyce1,Reyd1,Reyez1,Reyhan1,Reynen1,Reyven1,Rezon1,Rhaheem1,Rhayv12,Rhett1,Rhey1,Rhiley1,Rhonel1,Rhyder1,Rhylee15,Rhys1,Rhyse1,Riaan1,Riad1,Riain1,Rian1,Ricardo1,Richael20,Richard#,Baby Boy Names2,Richie3,Rick7,Ricky1,Ridge1,Ridley1,Riel2,Rieley1,Riely1,Riis1,Riker1,Rileigh1,Rilen141,Riley1,Rilyan3,Rio1,Ripkaran1,Rircardo1,Rishab1,Rishabh1,Rishav1,Rishawn2,Rishi1,Rishikesh1,Rishith10,River1,Rj5,Roan1,Robbert2,Robbie1,Robel57,Robert1,Roberto1,Robie7,Robin1,Robindeep2,Rocco1,Roche4,Rocky1,Roderick2,Rodney1,Rodvern3,Rogan1,Rogeli1,Rohaan1,Rohail10,Rohan1,Rohin1,Rohrik1,Rojhat#,Baby Boy Names1,Roka2,Roland17,Roman1,Romario1,Rome1,Romel2,Romeo1,Romi2,Ron1,Ronak7,Ronald1,Ronaldo19,Ronan2,Ronin3,Ronnie1,Ronyn1,Roojh1,Rorrick4,Rory1,Rosendo1,Roshaan1,Roshan1,Ross1,Rothanak1,Rougan1,Rourke1,Rourt1,Rovick22,Rowan1,Rowell2,Rowen1,Rowin1,Rowly4,Roy2,Royce1,Rozario8,Ruben1,Rudie1,Rudy1,Rudyard2,Rueben1,Ruhundaka1,Ruizhe1,Rumi1,Ruozhuo1,Ruslan1,Russ5,Russell1,Rusty#,Baby Boy Names1,Rutva167,Ryan1,Ryann1,Rydell3,Ryden58,Ryder1,Ryel2,Ryeland1,Ryelyn2,Ryen4,Ryerson1,Rygel1,Ryithe13,Ryker1,Rykker61,Rylan12,Ryland1,Ryle7,Rylee5,Rylen21,Ryley2,Rylie1,Rylin1,Ryne1,Ryzon4,Saad1,Saafi1,Saajan1,Saaqib2,Sabastian1,Sabir1,Sabri1,Sachkeerat1,Sadik1,Saeed1,Safar1,Safi-Arahman1,Safron1,Safwat1,Sagar6,Sage1,Sahadat1,Sahejvir4,Sahib1,Sahibdeep1,Sahibzada1,Sahijdeep5,Sahil1,Said#,Baby Boy Names2,Saif1,Saige1,Saiyid1,Sajad2,Sajeel1,Sajin1,Sakiamuni1,Sakshat3,Salah2,Saleem1,Saleh1,Salim2,Salix1,Salman1,Salvador12,Sam1,Samadhi1,Samar1,Samaroon1,Samatar1,Sameel4,Sameer4,Samer2,Sami2,Samir4,Samson1,Samual140,Samuel1,Samuel-Keith1,Samy1,Sandeep1,Sander1,Sanjay1,Sanjeev2,Sanjit1,Santana3,Santiago1,Sao2,Saqib1,Saree1,Sargunjot1,Sarino1,Sarmad1,Sasa1,Sascha2,Saul1,Savion1,Savo1,Sawan#,Baby Boy Names25,Sawyer1,Saxen1,Sayan1,Sayem2,Sayge1,Sayyed1,Schae1,Scot21,Scott1,Scye1,Seabert7,Seamus41,Sean1,Seann39,Sebastian8,Sebastien1,Sebastin1,Seger1,Sehhejvir1,Selby1,Sepan1,Sepehr1,Sergei4,Sergio98,Seth1,Sethen1,Severin1,Sevn1,Sha4,Shaan1,Shaanvir1,Shabaaj1,Shabab1,Shabeer1,Shaden1,Shadi3,Shae1,Shaeden1,Shaedyn1,Shahbaz1,Shaheen3,Shaheer1,Shahid1,Shahwaiz2,Shaine1,Shakil1,Shalon1,Shameem1,Shamen-Shyan#,Baby Boy Names1,Shammah1,Shandon17,Shane1,Shaneel2,Shannon1,Shareef1,Shariq2,Sharmarke1,Shatadru9,Shaun2,Shaw1,Shawaiz18,Shawn1,Shay3,Shayan7,Shayden1,Shaydon1,Shaymus4,Shayne1,Shaynen5,Shea1,Shealthielle1,Sheamus1,Sheel1,Shehar1,Sheheryar1,Shehzaad1,Shehzar1,Shekeal1,Shelby8,Sheldon1,Shelton1,Shem1,Shem-Benjamin1,Shergene1,Sherwin1,Sherzad1,Shey1,Shian2,Shivam1,Shohaib3,Shrey1,Shuab1,Sid1,Sidak2,Siddhant1,Siddiq1,Sidhant1,Sidney#,Baby Boy Names1,Sidney-John12,Silas1,Silas-Lee1,Silus1,Silver1,Simar3,Simeon1,Simer31,Simon1,Simon-Grant1,Simrat1,Sina1,Singh1,Sirajaldeen6,Skylar14,Skyler1,Skyy2,Slade3,Sloan1,Sobey1,Sohan1,Sohil1,Sohrab2,Solan6,Solomon1,Somaan-Naziel5,Sonny1,Sora3,Soren1,Sorin1,Soul1,Soulsay1,Soveren46,Spencer1,Spirit1,Stacie1,Stan5,Stanley1,Starlar1,Steel2,Steele1,Steen10,Stefan2,Stefano1,Stefanos1,Steffen1,Stennon3,Stephan17,Stephen#,Baby Boy Names1,Sterlen6,Sterling1,Stetsun5,Steve28,Steven2,Stewart1,Stiles4,Stone1,Stoney2,Storm1,Straduss2,Stryder1,Stryker2,Stuart1,Subayyal1,Subeg1,Sudharshan1,Sukhdeep5,Sukhman1,Sukhmeet4,Sukhraj1,Sukhsagar1,Sullivan1,Su-Min1,Sunil1,Sunny1,Surkhab1,Surya3,Sven1,Svitozar1,Swargdeep1,Swaylon1,Sy4,Sydney4,Syed1,Syed-Askar1,Sylee1,Sylis1,Symmon2,Syrus1,Syver1,Taalib1,Taanish1,Taddiwos1,Tae1,Taedon1,Taedyn1,Taein1,Taej#,Baby Boy Names1,Taelor1,Taelum1,Tafadzwanashe1,Tafheem1,Tag1,Tague3,Taha1,Taher2,Tai1,Taiden1,Taiga1,Taige1,Tailer1,Taiven1,Taiyo1,Tajko1,Tajus1,Takao1,Takezo1,Takumi1,Talal1,Talan5,Talen2,Talha1,Talhah1,Taliesin2,Talin11,Talon1,Taloot1,Talya1,Talyn1,Tamim1,Tamir1,Tang2,Tanish51,Tanner1,Tannon1,Tanton1,Tanveer4,Taran2,Tarek1,Tarenveer1,Tarick2,Tarik7,Tariq1,Tarn-Singh1,Taro1,Tarren2,Taryk#,Baby Boy Names3,Taryn1,Tase1,Tash1,Tashawn1,Tashfeen2,Tason16,Tate1,Tatenda1,Tathloch1,Tatrick1,Tatum1,Tauri1,Tauzen4,Tavian1,Tavien1,Tavion4,Tavis1,Tavyn1,Tavynn1,Tay1,Tayben7,Tayden2,Tayler22,Taylor1,Taymon1,Taysen1,Tayshan1,Tayshaun1,Tayshon1,Tayt1,Taytan1,Tayte1,Tayten1,Tayven1,Tayvien1,Tayvin1,Tazer1,Tazman1,Teag7,Teagan4,Teagen1,Teboum2,Teegan1,Teegin1,Teerat1,Teg9,Tegan1,Tegveer1,Tehgan#,Baby Boy Names1,Teig2,Teigan1,Teigen1,Tej1,Tenzin1,Teo1,Teodor1,Terek2,Terence1,Terin1,Terner1,Ternt2,Terran3,Terrance1,Terrel3,Terrell1,Terren3,Terrence1,Terrian1,Terrin6,Terry2,Teryn1,Teshon1,Tevan1,Teven1,Tevi1,Tex1,Teydon1,Thaddeus1,Thadeus1,Thadius2,Thai1,Thaiden1,Thaine1,Thairese4,Thane2,Thanh1,Thao1,Tharan1,Thayrelle1,Theason1,Theea4,Theo9,Theodore1,Theoren1,Theoron2,Therin5,Theron1,Therrin#,Baby Boy Names1,Thiep1,Thiess1,Thinh114,Thomas1,Thong1,Thorin1,Thorson1,Thorston1,Thorton1,Thoryn1,Tiace4,Tiago1,Tidjane1,Tiegan2,Tiernan1,Tiger2,Tighe1,Tijanni1,Tijesulope1,Tiler2,Tim2,Timmy1,Timon28,Timothy1,Timur1,Tisianno1,Titan6,Titus1,Tobi8,Tobias1,Tobin5,Toby5,Todd2,Toluwani1,Toluwaniyin1,Tom4,Tomas1,Tomias8,Tommy1,Tomohiro9,Tony1,Tor1,Toran1,Tore1,Toren6,Torin1,Torren1,Torsten1,Toryn#,Baby Boy Names1,Tosh1,Toshiyuki2,Trace1,Trad1,Tradyn2,Trae1,Traeon1,Traeton1,Traetyn1,Traie2,Trajan1,Trason33,Travis2,Travon1,Tray1,Trayce2,Trayden1,Traytin1,Trayton1,Tre1,Treagan1,Treat1,Treden1,Tremaine14,Trent1,Trentin6,Trenton1,Trestan1,Trestin1,Treston1,Treven2,Trevin1,Trevon13,Trevor18,Trey1,Treyce1,Treyson4,Treyton1,Treyvon1,Tri1,Trice1,Trinity1,Tripp1,Trisdon109,Tristan15,Tristen3,Tristian7,Tristin2,Triston#,Baby Boy Names1,Tristyn2,Triton17,Troy1,Tru1,Trung1,Trust1,Trycan2,Tryce2,Trystan5,Trysten1,Trystin1,Tsar4,Tucker1,Tuf3,Turner1,Tuzolana-Danielie1,Twain73,Ty1,Tyan1,Tyberius2,Tyce1,Tycen2,Tyden1,Tydon1,Tydus7,Tye1,Tygh1,Tykin1,Tylar1,Tylean1,Tylen149,Tyler1,Tyler-James1,Tylis1,Tylor1,Tymen1,Tymon4,Tynan2,Tyne1,Tyr1,Tyrae1,Tyran2,Tyree1,Tyreese4,Tyrel11,Tyrell2,Tyrelle1,Tyren6,Tyrese#,Baby Boy Names1,Tyresse1,TyRey1,Tyric1,Tyrin1,Tyriq7,Tyrone3,Tyrus6,Tysen1,Tyshon1,Tysin1,Tysjoun99,Tyson1,Ugnius1,Uilliam1,Ui'lliam1,Umair2,Umar3,Umer1,Uoan1,Uriah1,Uzair1,Vaarin1,Valen1,Valiant4,Van1,Vance1,Vanor1,Van-Tai1,Vanyel1,Vashawn1,Vassilis10,Vaughn1,Veer1,Veeresh1,Veersingh2,Vegas1,Venuja1,Vern1,Vernon1,Veron13,Victor1,Vidal1,Viggo1,Vijay2,Vikram1,Vildan1,Ville1,Vimy-Jones1,Vinal#,Baby Boy Names1,Vinay3,Vince27,Vincent1,Vincenzo1,Vinh1,Vinnie1,Viseth1,Vishal1,Vishek1,Vittorio1,Vladimir1,Vlajison1,Vlas1,Vo1,Volodimir1,Vonn1,Vrishab1,Vuk1,Wacey3,Wael1,Wageyah1,Wahaj1,Wahib1,Wajid1,Wakim1,Waleed13,Walker1,Wallace1,Walliek1,Wallis1,Walter2,Warner7,Warren1,Waryck2,Waseem1,Way1,Waylan1,Waylen4,Waylon2,Wayne1,Weldon14,Wesley1,Wesson2,West1,Westin5,Weston2,Wil1,Wildan1,Wilder#,Baby Boy Names1,Wilford4,Wilhelm10,Will4,Willem161,William1,Willie1,Willson2,Willy4,Wilson1,Winsor2,Winston1,Wisal1,Wol1,Wrylie78,Wyatt1,Wyatte1,Wylder1,Wyn1,Wynsten1,Xadrian2,Xaiden1,Xaiver1,Xan35,Xander1,Xanthan1,Xao24,Xavier1,Xiangcheng1,Xinyu1,Xyler1,Xzander1,X'ziah5,Yahya1,Yahye1,Yak1,Yakoda1,Yann1,Yannick1,Yannik1,Yaphet1,Yaseen1,Yash1,Yasha1,Yashveer1,Yasin1,Yassine1,Yazan1,Yazeed1,Yazien#,Baby Boy Names1,Yianni1,Yichen1,Yicheng1,Yingshang1,Yipeng1,Yody1,Yol1,Yom1,Yonason1,Yonatan1,Yong-Hyuk1,Yoseph1,Younes2,Yousef2,Youssef1,Yuri2,Yusef1,Yushaw2,Yusuf1,Yuvraj1,Yvan1,Yvaughn2,Yves1,Zab1,Zabian1,Zaccari3,Zach2,Zacharey1,Zachari3,Zachariah1,Zacharias1,Zacharie1,Zacharius150,Zachary1,Zacheria21,Zachery5,Zack1,Zackaria1,Zackariah1,Zackarie14,Zackary12,Zackery1,Zade1,Zaden1,Zaed1,Zahir1,Zaiden2,Zain1,Zaine#,Baby Boy Names1,Zakai2,Zakaria1,Zakarie2,Zakariya1,Zakariya-Mohamomad5,Zakary1,Zakeri1,Zakerie1,Zakery2,Zakk1,Zamian1,Zanair20,Zander11,Zane1,Zaniel1,Zarak1,Zavion2,Zayd1,Zayden2,Zayn4,Zayne1,Zebulon2,Zechariah2,Zeeshan1,Zeffren1,Zehua1,Zeidan1,Zennep1,Zenon1,Zenoviy1,Zephan2,Zephyr1,Zeryck1,Zeshan1,Zeth1,Zeyad4,Ziad1,Zidane1,Ziesel1,Zihan4,Zion1,Zoey1,Zohan2,Zoltan1,Zolton1,Zuhair1,Zuilfiqar1,Zulkifl1,Zyed#,Baby Boy Names1,Zylo1,Zyne1,Zyon