Baby Boy Names Registered in 2006,#,First Name16,.1,A.Hannan1,A.K.I.L.1,Aabid2,Aaden3,Aadi1,Aali1,Aaloke1,Aarav1,Aaren1,Aaric1,Aarmaan60,Aaron2,Aaryan1,Aasen1,Aashir1,Aavir2,Aayan1,Aayush1,Aazan1,Abass1,Abayomi1,Abbas1,Abbott1,Abd1,Abdal1,Abdale1,Abdalla1,Abdallah1,Abdelhakim1,Abdel-Halim1,Abdelmoez1,Abdelrahman1,Abdel-Rahman1,Abdelrhman1,Abdi1,Abdimajid1,Abdiqadar1,Abdirahman1,Abdoul7,Abdul1,Abdulahad1,Abdu-Lateef1,Abdulaziz1,Abdulfatah#,First Name1,Abdulgalim7,Abdullah1,Abdullah-Hatam1,Abdullahi1,Abdul-Latif1,Abdulrahim1,Abdulrahman2,Abdul-Rahman2,Abe2,Abel1,Abhan1,Abhayjeet1,Abhi1,Abhijeet1,Abhimaan1,Abhinav1,Abhishka1,Abir3,Abraham3,Abram2,Abran1,Abrar1,Abrey1,Abukar4,Ace1,Aceson1,Achit1,Achor1,Achuil139,Adam1,Adan1,Adao1,Adaon8,Addison1,Adedeji1,Adeel1,Adem1,Ademola13,Aden1,Adeshpratap1,Adheem1,Adheesh1,Adil2,Adin1,Adionyse#,First Name1,Adis6,Aditya1,Adler1,Adonis1,Ador32,Adrian1,Adriano1,Adriel5,Adrien1,AdrienTimothy2,Adrik1,Adyan2,Adyn1,Aedan1,Aeden1,Aedon1,Aedrian1,Aedyn1,Aeknoor1,Aekum1,Aeneas1,Aengus1,Aeric-Denzel1,Aeron1,Aévaun1,Aezron1,Afasik1,Affan1,Afif1,Afzal1,Agam1,Agok1,Ahamed12,Ahmad18,Ahmed1,Ahrash1,Ahriel1,Ahyan97,Aidan1,Aidan-James139,Aiden1,Aiden-Jeffrey1,Aidian3,Aidin1,Aidon#,First Name6,Aidyn1,Aiki1,Aimery1,Aimin1,Ainnelhyethum1,Aivian1,AJ1,Ajani7,Ajay1,Ajaydeep2,Ajeet1,Ajit1,Ajmal1,Ajustice1,Akaash1,Akam1,Akash1,Akiel1,Akin1,Akira1,Akol1,Akorede1,Akos1,Àkos1,Akot3,Akram1,Akrama1,Aksel10,Alan1,Alaric1,Alarik1,Alastair1,Alazar7,Albert2,Alden6,Alec2,Aleczander3,Aleem9,Alejandro1,Alek1,Aleksandar1,Aleksander1,Aleksei1,Ales1,Alessandre2,Alessandro#,First Name1,Alessio50,Alex1,Alexai1,Alexandar176,Alexander1,Alexandor13,Alexandre1,Alexandros1,Alexavier1,Alexi1,Alexie2,Alexis1,Alexsander1,Alexx1,Alex-Yohannes2,Alexzander1,Alfie2,Alfred1,Alfredo29,Ali1,Alijah3,Alix1,Alixx1,Allahkin7,Allan8,Allen2,Allister1,Allyus1,Almas1,Alozie1,Alp4,Alvin2,Aly1,Alyais2,Amaan1,Amadeo1,Amadeus1,Amador2,Aman1,Amani1,Amanjot1,Amanuel1,Amanvir3,Amar1,Amardeep1,Amare#,First Name1,Amaru1,Amay3,Ambrose3,Ameen1,Ameran1,Amin8,Amir2,Amit1,Amitoj1,Ammaar1,Ammar1,Ammar-Ul-Haque1,Amol1,Amoni1,Amou1,Amrinder3,Amrit1,Anaan5,Anakin1,Anantvir2,Anas1,Ancient2,Anden5,Anders6,Anderson1,Anderw1,Andon6,Andre4,André2,Andreas1,Andréas3,Andrei1,Andre-Rus1,Andres1,Andrés113,Andrew1,Andrey1,Andrez1,Andrick1,Andrzej16,Andy2,Aneesh4,Angad2,Angat3,Angel5,Angelo#,First Name1,Angelos1,Angok9,Angus1,Anhad1,Anickoli1,Anil1,Anir1,Anjay2,Ankit2,Anmol1,Anmoldeep1,Anna1,Annel1,Ansch2,Ansen1,Ansh9,Anson1,Anson-Gia1,Anthoney63,Anthony1,Antin1,Antoine4,Anton1,Antoni-Joseph1,Antonin12,Antonio1,Antwan1,Anwar1,Apollo1,Aqeel1,Aquilen1,Aram1,Aramis1,Arash1,Araz6,Archer1,Archibald2,Arden1,Arek1,Aren1,Ares1,Are's1,Arfain1,Argjent2,Arham3,Ari#,First Name2,Arian1,Aric1,Aricin2,Arie1,Ariel1,Aries2,Arion3,Aris3,Arjan1,Arjen8,Arjun2,Arlen1,Arlin2,Arlo10,Armaan2,Armaandeep4,Arman1,Armand1,Armandeep2,Armann1,Armen1,Armin1,Arnel1,Arnie1,Arnold3,Aron1,Arpad1,Arpit3,Arron1,Arron-Sharp1,Arsalan1,Arseny1,Arsham1,Arshan1,Arshdeep2,Arshveer1,Arshvir1,Arslan1,Art1,Artan1,Artemy9,Arthur1,Artin1,Artur1,Arturo5,Arvin#,First Name1,Arwyn2,Aryaan10,Aryan2,Ash1,Ashaan1,Ashab1,Ashawn1,Ashdon17,Asher1,ASher1,Ashlan1,Ashlar2,Ashley1,Ashmaan1,Ashmen1,Ashraf1,Ashrif4,Ashten5,Ashtin76,Ashton2,Ashur1,Ashvin1,Asia1,Asini1,Aspen2,Aston1,Aswat1,Athan1,Athanasios2,Atif1,Atlee2,Atley1,Atom1,Atrayl2,Atreyu1,Attar1,Attash5,Atticus1,Atwiine2,Aubrey1,Audam2,Auden1,August1,Augustine1,Augustus1,Aurele#,First Name1,Aussam-Youssef2,Austan2,Austen172,Austin2,Auston4,Austyn1,Avar1,Aveer1,Aven1,Averi33,Avery2,Avin2,Avinash1,Avneet1,Avnil2,Avrey2,Avyn1,Awais1,Awale1,Awaleh1,Awar1,Awed1,Awen1,Awnaur4,Axel1,Axton6,Ayaan2,Ayan3,Aydan38,Ayden4,Aydin1,Aydon1,Ayesh2,Ayham1,Ayin1,Aymaan2,Ayman1,Ayom1,Ayooluwa1,Ayoub1,Ayrton1,Ayub1,Ayul1,Ayush1,Ayushman1,Ayushvir#,First Name1,Ayyaan1,Ayyoub2,Azad3,Azan1,Azeem1,Azekel1,Azfar1,Azhan1,Aziz1,B.1,Babacar141,Baby1,Bachir1,Baden1,Badir2,Bahaa1,Bahar7,Bailey1,Bailin1,Baker1,Balázs1,Balin1,Baljot1,Balraj1,Banderas1,Banks1,Banroop1,Banshjot2,Bao1,Baracus1,Baraka1,Barauh1,Barnabas5,Barrett1,Barrington2,Barry1,Basabose1,Basel1,Bashir1,Basil3,Basim2,Bastian6,Bauer1,Baxter1,Baylian1,Baylin#,First Name8,Beau2,Beck2,Becker5,Beckett3,Beckham1,Beenadd1,Bemshima17,Ben2,Benaiah1,Benedict1,Benet1,Benett2,Benhard1,Beniah1,Benjamen157,Benjamin1,Benjamine1,Benji2,Benjiman1,Benjun1,Benn15,Bennett1,Benny1,Benoit1,Bensalih1,Bensen5,Benson1,Bentlee1,Bentley1,Bently1,Benton6,Berkley1,Bernard1,Bethel1,Bex1,Bexson1,Bharathkumar1,Bhavraj1,Bibek9,Bilal4,Bill2,Billal1,Billkui6,Billy1,Binay1,Binni#,First Name1,Binyam1,Biong1,Bior1,Birch3,Bishop2,Bjorn3,Blade1,Blaine9,Blair4,Blaise3,Blaize52,Blake1,Blayden1,Blayke2,Blayne1,Blayze2,Blaze6,Bo1,Boaz6,Bobby2,Bode1,Boden1,Bodey4,Bodie1,Boe1,Bohan1,Boimah1,Bokolo3,Bol1,Booker1,Boris3,Bosco1,Boss12,Boston1,Bovon1,Bowden7,Bowen1,Boyce4,Boyd1,Bracy2,Brad1,Bradely21,Braden1,Bradie2,Bradin1,Bradlee#,First Name22,Bradley3,Bradly1,Brado2,Bradon56,Brady2,Bradyn3,Brae2,Braedan14,Braeden1,Braéden4,Braedon3,Braedyn1,Brahim9,Braiden1,Braizlee3,Brandan11,Branden1,Brando79,Brandon1,Brandon-lee4,Brandt1,Branimir2,Branson4,Brant1,Branton2,Brasen1,Braunson20,Braxton1,Braydan101,Brayden1,Braydin2,Braydn13,Braydon1,Braydyn1,Braylen1,Braylon1,Brayson1,Brayton1,Breadyn1,Brec1,Breckan1,Brecken1,Breckin1,Breighton1,Brendal18,Brendan#,First Name8,Brenden1,Brendle7,Brendon23,Brennan8,Brennen2,Brennon5,Brent1,Brent-Michael1,Brenton2,Bret2,Breton32,Brett1,Bretton1,Breyden19,Brian1,Briar1,Briere1,Briggs1,Brigham1,Brighton1,Brigz1,Brin1,Brinder1,Briton1,Brixton1,Broc20,Brock1,Brodde1,Brodee2,Broden4,Broderick1,Brodi25,Brodie79,Brody3,Brogan1,Broghan5,Bronson1,Brooklen1,Brooklyn2,Brooks1,Browdy3,Bruce1,Bruno10,Bryan2,Bryant36,Bryce#,First Name3,Brycen1,Brychen4,Bryden2,Brydon1,Brylin2,Bryn1,Brynn1,Brynton8,Bryson3,Bryton1,Buchi1,Bulo1,Burhan2,Burke1,Burton1,Byishimo1,Byran7,Byron1,Cabri1,Cacel5,Cache1,Cacheton1,Cadderick14,Cade34,Caden1,Cadence1,Cadis1,Caedan3,Caeden3,Cael6,Caelan1,Caeleb1,Caelin1,Cage1,Cager-Denzel1,Cai1,Caidan1,Caide12,Caiden1,Cail1,Caillen1,Cainwyn2,Cairo1,Caisen1,Caison6,Caius#,First Name4,Calder15,Cale96,Caleb2,Calem2,Calen1,Cali1,Calin1,Calis3,Calix2,Callan1,Callaway2,Callen16,Callum4,Calum9,Calvin1,Calyx1,Cam5,Camden93,Cameron4,Campbell1,Campden1,Camren1,Camron1,Camryn1,Canyon1,Cardin4,Carl1,Carlin6,Carlos1,Carmello1,Carmeron1,Carrick6,Carsen113,Carson1,Carsten1,Carston1,Carsyn191,Carter2,Carver2,Casen10,Casey25,Cash1,Cashen4,Cashius1,Cashous1,Cashtan#,First Name1,Cashtien1,Cashtin3,Cashton2,Cashus3,Casper1,Cass1,Cassidy1,Cassious10,Cassius1,Catcher1,Cayce18,Cayden1,Cayle2,Cayleb2,Cayman1,Caynen1,Caysen1,Ceabriel1,Cecil1,Cedar3,Cedric1,Cédric1,Ceejay1,Cengizhan3,Cesar1,César1,Ceyón2,Chace16,Chad2,Chaim2,Chaise1,Chaisyn1,Chaker1,Chakwang1,Chamren1,Chan1,Chanan18,Chance1,Chancellor1,Chandler1,Changkuoth1,Channing1,Chanpreet1,Chao1,Charlen33,Charles#,First Name30,Charlie1,Charlton2,Charly90,Chase1,Chasen1,Chastin1,Chau1,Chayanne1,Chayne4,Chayse1,Chayton4,Chaz1,Chazz1,Ché1,Cherif2,Chesney2,Chester1,Chevez2,Chevy1,Cheyenne1,Chidi1,Chip1,Chol3,Chris1,Chrismark1,Christain51,Christian1,Christiano1,Christin1,Christo2,Christoph63,Christopher1,Chronis1,Chukwuemeka1,Chukwuka1,Chuntay1,Cian1,Ciaran1,Cier3,Cieran1,Cimmaron1,Cimmeron1,Cirdan1,Clancy7,Clark1,Claude#,First Name3,Clay1,Clayland1,Clayobrian14,Clayton1,Clayvin1,Clifford2,Clint4,Clinton1,Clyde1,Cobain1,Coban2,Cobey1,Cobi1,Cobie1,Cobin4,Coby1,Cochese2,Coda2,Codie53,Cody8,Coen1,Cohan47,Cohen2,Cohyn1,Colbey1,Colbin30,Colby151,Cole1,Coledan2,Coleman3,Coleton22,Colin9,Collin1,Colm1,Colman2,Colson3,Colt9,Colten4,Colter48,Colton1,Coltyn1,Colvin3,Conall2,Conan1,Connar1,Connel#,First Name21,Conner139,Connor9,Conor11,Conrad1,Conroy1,Constantine1,Coo-nah32,Cooper2,Corban2,Corben15,Corbin5,Corbyn4,Cordell3,Corey1,Corgan1,Corin1,Cormick1,Cornel1,Cornelio5,Cornelius1,Corny1,Corson2,Corwin14,Cory1,Coulton3,Courtland1,Covie1,Cowan1,Cowen2,Coy4,Craig1,Crawford1,Creadon1,Creed1,Creedence1,Creighton4,Cristian1,Cristiane2,Cristiano1,Crosby5,Cruz1,Cruze1,Cuda1,Cullen1,Curt17,Curtis#,First Name1,Curtiss3,Cuyler1,Cyler1,Cyngen1,Cyprus1,Cyrell1,Cyril13,Cyrus1,Cyton1,Daanyaal1,Dacian1,Dade1,Daegan2,Daelen2,Daemon1,Daemyn1,Daenen2,Daeson2,Daeton1,Dag2,Dagan1,Daiki1,Daimien1,Daimion2,Dain3,Daine1,Daiten1,Daiton4,Dakoda18,Dakota1,Dakotah1,Dalason5,Dale3,Dalen1,Dalin1,Daljit14,Dallas1,Dallas.T.2,Dallen6,Dallin2,Dallon1,Dalon11,Dalton1,Damanjeet1,Dameion1,Dameko#,First Name1,Damen1,Dameon23,Damian18,Damien7,Damion17,Damon2,Damyn1,Dan1,D'Andre13,Dane1,Dang1,Danh2,Danial136,Daniel1,Daníel-Davíd1,Danielle1,Danik1,Danilo2,Danish1,Daniyaal1,Daniyal1,Dannan1,Dannial2,Dannie8,Danny15,Dante4,Danté4,Danton2,Danyal1,Danyl6,Darcy2,Daren11,Darian2,Darien4,Darion17,Darius1,Dariyn1,Darko3,Darnell13,Darren1,Darreston2,Darrian1,Darrias1,Darrien1,Darrin1,Darrius#,First Name2,Darryl1,Darshveer1,Darwin1,Daryan1,Daryl1,Daryus1,Dashiell1,Dason1,Dathan1,Dathen1,Daulton1,Dave107,David1,Davien6,Davin1,Davin-David13,Davis1,Davis-James1,Davison3,Davon1,Davonne1,Davyd1,Dawhii1,Dawian2,Dawood44,Dawson5,Dax2,Daxon1,Daxson1,Daxton3,Daylan1,Dayle6,Daylen1,Daylin2,Daymen1,Daymeon1,Daymian4,Dayne1,Dayshaun2,Dayson2,Daytin16,Dayton1,Daz1,Ddonavon1,Deacan11,Deacon#,First Name2,Deagan1,Deaglan1,Deakan1,Deaken1,Deakyn10,Dean1,DeAndre1,Deandre1,Deanthony1,Decker40,Declan1,Declin1,Decon8,Deegan1,Dekkam5,Deklan3,Deklen2,Deklin1,Deklun1,Deklyan1,Delacruz2,Delaney2,Delano1,Delay1,Delbert1,Delet1,Delford1,Delmer1,Delmond-Rudolph1,Delonn2,Delton1,Delvin1,De'Mauri1,Demetrios1,Demetrius1,Demitri1,Demitry1,Denerian3,Deng2,Denim4,Denis1,Denmar4,Dennis1,Dennon2,Denny1,Denson#,First Name1,Denton8,Denver3,Denzel1,Deo2,Deondre15,Derek1,Deron6,Derrick2,Derwin1,Desean1,Deshance3,Deshawn1,DeShawn1,De'Shon9,Desmond1,Desten4,Destin1,Destyn1,Destynd1,Detroit1,Deus1,Devalin3,Devan1,Devansh1,Devanté1,Devaughn1,Devaun25,Devin3,Devlin35,Devon1,Devonte1,Devries1,Devyn7,Dexter1,Dezlan1,Dezmin1,Dezmond1,Dezzmen1,Dhanjay1,Dhruv1,Dialo20,Diego4,Diesel1,Diezel-Blaze1,Dijwar1,Dilaver#,First Name1,Dilbaag1,Diler1,Dilkaran6,Dillan1,Dillin9,Dillon2,Dilshawn1,Dima1,Dimitar3,Dimitri1,Dimorian1,Din6,Dion1,Diontae1,Direll1,Dirk1,Divakar1,Dixan2,Dixon1,Djibrine1,Dmitri1,Dmitrius2,Dmitry1,Dmytro1,Doan1,Dodong1,Doel1,Dokota3,Domanic1,Domanique1,Domanyc1,Domenek3,Domenic1,Domenico69,Dominic14,Dominick14,Dominik1,Dominiko2,Dominique1,Dommenyk3,Domonic1,Domonik4,Donald1,Donavan4,Donavin1,Donavon#,First Name1,Donevan1,Donevin1,Donivan1,Donnie1,Donnovan21,Donovan1,Donovin1,Dontae1,Dontay1,Donte1,Donté1,Doran5,Dorian1,Doruk1,Doryen1,DoTayne-Tebekew-Belachew14,Douglas1,Dracon1,Draden1,Dradyn15,Drake1,Draken2,Draven8,Drayden1,Drayder1,Draydon1,Draylen3,Drayson1,Drayten4,Drayton1,Drazel1,Dre1,Dreaden1,Dredan1,Dreiden1,Dreton13,Drew3,Dreyden1,Dreydin1,Dreyton1,Drizz2,Drudan1,Drune3,Dryden1,Duang1,Duff#,First Name14,Duncan1,Durell1,Durias1,Duric1,Dusharpreet19,Dustin1,Dusty3,Dustyn1,Dutch1,Dwan3,Dwayne1,Dwight132,Dylan1,Dylanie1,Dylan-Lukas1,Dylen1,Dylin4,Dylon1,Dyson1,Eaden1,Eammon5,Eamon1,Eamonn1,Ean1,Eastin22,Easton1,Eathan1,Ebenezer1,Ebubekir1,Edan2,Eddie1,Eddy2,Eden1,Edgar1,Edin1,Edis3,Edison1,Edmon1,Edmond1,Edouard1,Edreyk1,Eduard1,Eduardo19,Edward9,Edwin1,Eedyn#,First Name1,Efe1,Efraim1,Efrayim1,Egan1,Egide1,Ehren1,Ehsan1,Eian1,Eidan1,Eirik1,Eisa1,Eitan2,Eithan1,Ekamjot1,Ekin2,Ekundayo1,Eldar1,Eldin1,Eldon1,Elenilson1,Elgin1,Elhanan15,Eli1,Eliah1,Elian25,Elias1,Eliaza1,Elie51,Elijah1,Elijha3,Eliot1,Eliott1,Elisha1,Eliud19,Elliot9,Elliott5,Ellis1,Ellyas1,Elmer1,Elmo1,Elolo1,Elon1,Eloy2,Elroy1,Elshadey1,Elton#,First Name1,Elvis1,Ely1,Elyan1,Elyas1,Emanual3,Emanuel11,Emerson4,Emery1,Emett8,Emilio1,Emmanual8,Emmanuel18,Emmett2,Emmit1,Emmitt1,Emric1,Endre1,Enigk2,Enoch1,Enrique1,Enzo1,Eoghain3,Ephraim1,Ephram1,Ephriam65,Eric2,Erich2,Erick1,Eric-Simon21,Erik1,Erilinyth1,Erin1,Erjon3,Ernest1,Ernesto1,Ernie1,Ertugrul2,Ervin1,Ervine1,Eryn1,Eryx1,Esaum3,Eshaan1,Eshan1,Eshton1,Espen#,First Name1,Essay1,Esteban1,Eston1,Eternity367,Ethan1,Ethanael1,Ethan-James1,Ethen1,Ethon3,Ethyn2,Étienne1,Etornam1,Ettore2,Euan2,Eugene173,Evan2,Evander1,Evan-Lee1,Ever20,Everett4,Evin1,Evinh1,Evon1,Evrin4,Evyn11,Ewan1,Ewing1,Excell1,Eyad1,Eyan1,Eyobell1,Eyosias1,Eythor2,Ezana1,Ezekeil3,Ezekiel15,Ezra2,Fabian1,Fadi1,Fadl2,Fahad1,Faisal1,Faizalikhan1,Faizan1,Fardeen3,Fareed#,First Name2,Farhad2,Farid3,Faris1,Farley1,Farris1,Faseeh1,Fawzi1,Fayez1,Fazillath1,Fedor10,Felix3,Félix1,Fenwick1,Feran2,Fergus5,Fernando1,Ferozudin2,Filip1,Finbar1,Findlay1,Findley8,Finlay6,Finley16,Finn5,Finnegan1,Finnén1,Finnian1,Finnley1,Fionn1,Fischer1,Fisher1,Fitz1,Fiyinfoluwa4,Fletcher1,Florin1,Floyd6,Flynn1,Fonzo1,Fopefoluwa2,Forrest3,Foster3,Fox1,Foxtyn3,Francesco5,Francis1,Francisco#,First Name2,Franco1,François12,Frank1,Frankay5,Frankie2,Franklin1,Fransz3,Franz3,Fraser1,Frazer1,Frédéric5,Frederick1,Frédérick1,Frost1,Fudil1,Fulton1,Furqan1,Fyodor1,Gabe100,Gabriel1,Gabriele2,Gabrielle1,Gaël1,Gaganpreet43,Gage4,Gaige1,Gairen2,Gareth2,Garett1,Garette4,Garner2,Garnett1,Garon2,Garret19,Garrett1,Garrick1,Garrison1,Garth9,Gary4,Garyn1,Gassan2,Gaston2,Gatlin1,Gaudencio1,Gaurav2,Gavan#,First Name1,Gaven103,Gavin1,Gavril5,Gavyn1,Gazi1,Gee1,Gemini1,Gene3,Geoffrey1,Geoffry1,Geordi1,Geordon23,George1,Geovanni4,Gerald1,Gerald-Gunder1,Gérard1,Geremy1,Gerhard1,Gerias1,Gerrious3,Gerrit1,Ghanim1,Gian1,Giancarlo3,Gianluca2,Gibson11,Gideon1,Gïlan1,Gilbert1,Gilby1,Giles1,Gilles1,Gino2,Gio1,Giordano1,Giorgio4,Giovanni4,Giuseppe1,Gleb1,Glen2,Glenn1,Goal1,Gobind1,Goblaije2,Godwin#,First Name1,Gopesh1,Gordie7,Gordon2,Goy1,Gracin1,Gracyn4,Graden1,Gradin14,Grady3,Graeme2,Graeson15,Graham1,Grainger1,Graison4,Grant1,Gray2,Graycen1,Graydan6,Grayden3,Graydon42,Grayson1,Gregg1,Gregor1,Gregorio12,Gregory1,Gregson1,Grey2,Greysen7,Greyson2,Griffen22,Griffin1,Griffon2,Gryffin1,Gryffyn1,Gryphon1,Guanar1,Guardian1,Guerin1,Guian3,Guillaume1,Guled1,Guleid1,Gulraj1,Guma1,Gunjan3,Gunnar#,First Name1,Gunner1,Gurbaksh1,Gurchetan1,Gurdeya1,Gurinder1,Gurjaap1,Gurjeet2,Gurjeevan1,Gurkaran1,Gurkirat2,Gurman1,Gurmat1,Gurmoney1,Gurmukh1,Gurmun1,Gurneel1,Gurnoor1,Gurpreet1,Gursaje1,Gursewak2,Gurshaan5,Gurshan1,Gursharn1,Gursimar1,Gurtaj3,Gurveer1,Gurveet2,Gurvir5,Gus1,Gustav1,Gustavo1,Haakon1,Haaris1,Habib1,Habibullah1,Haddis4,Haden1,Hadeon4,Hadi1,Hadley1,Haeden1,Hael1,Hafiz4,Haiden1,Haiden-Alexander1,Haider#,First Name1,Hakam1,Hakeem1,Hale2,Halen1,Halet1,Halikson1,Hamaali1,Hamam1,Hameem1,Hammad1,Hammam16,Hamza1,Han1,Haneef1,Hank2,Hans1,Hanul1,Hanyu1,Harbir1,Hardy1,Hareet4,Haris1,Harjan1,Harjas1,Harjit1,Harjodh1,Harkamal4,Harlan1,Harlen5,Harley2,Harman1,Harmanjeet1,Harmanjot2,Harmen1,Harnoor2,Harold1,Haroon1,Haroun1,Harpartaap4,Harper1,Harpreet1,Harrattanbir1,Harrell1,Harrin4,Harris16,Harrison#,First Name4,Harry1,Harsarwan1,Harsehaj2,Harsh1,Harshan1,Harshavardhan1,Harshdeep1,Harshith1,Harshvir1,Harsukh1,Hartaj1,Harveen1,Harvey2,Harvir3,Hasan1,Haseeb1,Hashaam1,Hasheem2,Hashir1,Hassaan7,Hassan1,Hassen1,Hassn1,Hassnain1,Hastin1,Hastings1,Hatim2,Haven1,Hawie91,Hayden3,Haydn2,Haydon2,Haydyn1,Hayen2,Hayes1,Haylen1,Hayzen1,Hazen8,Heath1,Heathley1,Heaton1,Hector3,Heinrich1,Hemang1,Hemat1,Hemesh#,First Name1,Hendricks2,Hendrik1,Henjo1,Henri1,Henrich30,Henry1,Herbert3,Herman1,Heston1,Hezekiah1,Hiader1,Higazi1,Hilfred1,Himatsurjit1,Hinton1,Hiram1,Hisui1,Hiyab13,Holden1,Holton1,Hosain1,Hosea1,Hoshang1,Houssam5,Houston3,Howard1,Howie1,Hudaifa1,Huddson2,Hudsen50,Hudson1,Hudsyn3,Hugh1,Hughie5,Hugo1,Hukum1,Humza1,Hung97,Hunter1,Huntyr1,Husain1,Husam1,Husayn1,Husnain2,Hussain1,Hussam#,First Name4,Hussein1,Hussen2,Hussien1,Huthaifa1,Hutton1,Huzaifa1,Hyan1,Hyatt1,Hyden1,Hyrum5,Iain31,Ian1,Ibad2,Ibraheem1,Ibrahem13,Ibrahim2,Iden1,Iebe1,Ikamjot1,Ikes1,Ilhan3,Ilyas1,Imaad1,Iman-Aly1,Immanuel3,Imran1,Inderbir2,Indiana1,Indie1,Innis1,In-Woo1,Iorek1,Irfan1,Irie79,Isaac9,Isaak49,Isaiah1,Isaiah-Darrold1,Isaiahis1,Isaiah-Mikael-Tafari1,Isaias7,Ishaan1,Ishaanpreet3,Ishan2,Ishaq1,Ishar#,First Name1,Ishkaran1,Isiah1,Islam3,Ismael1,Ismaiil3,Ismail4,Israel1,Israt2,Issa2,Issac1,Issam1,Issiah1,Ittetsu14,Ivan1,Iván1,Iven1,Ivor2,Izaak1,Izaiah1,Izaiak1,Izak1,Izayik1,Izeyah1,Iziak1,Izsak1,Izsák1,Izson1,Izyan1,J1,J.R.1,Jabin1,Jabriel32,Jace1,Jacek1,Jacelin2,Jacen1,Jacey1,Jachai3,Jachin151,Jack1,Jackie1,Jacksen106,Jackson2,Jacky242,Jacob1,Jacob-Danny-Micheal#,First Name1,Jacob-Eliezer1,Jacobo1,Jacobus1,Jacoby1,Jacoden1,Jacon3,Jacques1,Jacson1,Jacy2,Jad1,Jada1,Jadd2,Jadden2,Jade41,Jaden1,Jadin3,Jadon1,Jadyl1,Jadyn1,Jae7,Jaeden2,Jaedon3,Jaeger1,Jaeris1,Jaevon1,Jafer3,Jager5,Jagger1,Jagnoor1,Jagroop1,Jagveer1,Jahan1,Jahden1,Jaheem1,Jaheim1,Jahmir1,Jahvon2,Jai1,Jaicob2,Jaideep8,Jaiden1,Jaidon1,Jaimen1,Jaipal1,Jaipreet1,Jaise#,First Name1,Jakan61,Jake1,Jakeb1,Jakem2,Jaken27,Jakob1,JaKob1,Jakoby1,Jakoda3,Jakub2,Jal1,Jalal1,Jaleal1,Jaleel4,Jalen1,Jalil1,Jamaine3,Jamal1,Jamar3,Jameel1,Jameil1,Jamen124,James1,James-Jeffrey7,Jameson12,Jamie1,Jamil3,Jamin1,Jamisen2,Jamison1,Jamshaid1,Jamuel3,Jan1,Jan-Michael1,Janu1,Japdeep1,Japjot1,Japnoor1,Jarayne37,Jared5,Jaren2,Jaret1,Jarett1,Jarin1,Jarl1,Jarlath#,First Name1,Jarod1,Jarom3,Jarome4,Jaron1,Jarrad4,Jarred2,Jarren2,Jarret5,Jarrett1,Jarrick1,Jarrie1,Jarrik1,Jarrod1,Jarrot4,Jarvis2,Jaryn11,Jase1,Jasen2,Jashan2,Jashandeep1,Jasjeet1,Jasjot2,Jaskaran1,Jaskaran-Singh2,Jasman1,Jasmandeep1,Jasmanjot1,Jasmeet1,Jasmeher1,Jasnoor53,Jason18,Jasper1,Jasraj1,Jassirit1,Jaten1,Javan1,Javen1,Javier1,Javier-Omid2,Javon1,Javonté5,Jawad7,Jax3,Jaxen1,Jaxin73,Jaxon#,First Name1,Jaxsen15,Jaxson1,Jaxten2,Jaxton2,Jaxx2,Jaxxon1,Jaxyn11,Jay1,Jayan20,Jayce1,Jaycel2,Jaydan3,Jayde1,Jaydell120,Jayden2,Jaydin5,Jaydon1,Jaye1,Jay-J1,Jayk1,Jayke1,Jaykob3,Jaylen1,Jayler3,Jaylin1,Jaylon2,Jayme1,Jaymen1,Jaymin2,Jayneil2,Jayse2,Jaysen4,Jayson1,Jaystin1,Jayston1,Jay-T1,Jayton1,Jazeb1,Jazen1,Jazz1,J'den5,Jean1,Jeanathan2,Jean-Luc1,Jean-Marc1,Jean-Paul#,First Name1,Jean-Vital1,Jebediah1,Jedadiah2,Jedd1,Jed-Ethan3,Jeevan1,Jeevanjit6,Jeff2,Jefferson1,Jeffery21,Jeffrey1,Jeffrey-Roni1,Jeje1,Jeno1,Jensen1,Jenson1,Jens-Peter1,Jephthah1,Jerae2,Jerald1,Jeramiah1,Jeran1,Jerard1,Jered-Daniel2,Jerek1,Jerell1,Jerelle16,Jeremiah1,Jeremie1,Jeremmi54,Jeremy1,Jeremy-James1,Jeric3,Jericho2,Jermaine1,Jermiah1,Jerod1,Jeroen7,Jerome1,Jeromy1,Jerrhan6,Jerry1,Jerryck1,Jerwin1,Jerzy2,Jesiah#,First Name1,Jess70,Jesse7,Jessie1,Jessie-James2,Jessy1,Jet1,Jeter1,Jethro6,Jett1,Jettln2,Jevan1,Jevin2,Jevon1,Jhet1,Jhett1,Jhon1,Jiakai1,Jiali2,Jian1,Jian-Carlos2,Jibreel3,Jibriel1,Jignesh1,Jihad1,Jim1,Jimi1,Jimin1,Jimmie7,Jimmy1,Jimu1,Jin1,Jinde1,Jing-Ho1,Jinh1,Jinhun1,Jinton1,Jinu1,Jiro1,Jitamanyu1,JJ1,J'mel3,Joah8,Joaquin1,Joash1,Joban1,Jobanvir#,First Name1,Jobe2,Jock1,Joden1,Jodhbir1,Jodhveer1,Jodhvir2,Jody9,Joe1,Joedy1,Joeffrey35,Joel1,Joël1,Joelle1,Joep1,Joeryia2,Joesph9,Joey1,Joffrey7,Johan2,Johann76,John10,Johnathan4,Johnathon1,John-Benedict1,John-Evan1,Johnnie1,Johnno5,Johnny1,Johran1,Joktan1,Jon48,Jonah18,Jonas1,Jonatan54,Jonathan3,Jonathon2,Jonathyn1,Jonel1,Jonell1,Jonnie1,Jonny1,Jonpatrick1,Joonie1,Joram2,Joran88,Jordan#,First Name1,Jordee1,Jordell2,Jorden1,Jordie1,Jordin5,Jordon1,Jordon-lee3,Jordy1,Jordyn2,Jorel1,Jorell2,Jorge1,Jori1,Jorryn4,Jory2,Josaiah1,Jose1,José1,Josef81,Joseph1,Joseph-Samuel1,Josey11,Josh245,Joshua1,Joshuah1,Joshua-Teagan2,Joshwa1,Josia26,Josiah1,Josip1,Jotham2,Jovan1,Jovanjeet1,Joven1,Jovi2,Juan1,Juaquin1,Juarez9,Judah16,Jude3,Judson1,Juelz1,Juenp1,Jujhar32,Julian1,Julían#,First Name1,Julian-James1,Julian-Philippe2,Julien1,Julio10,Julius1,Jullian1,Junaid1,Junayd1,JunJia1,Junlin1,Jupinder1,Jurzy2,Justen15,Justice101,Justin1,Justin-Kenneth7,Justus2,Justyce1,Jwokdoj1,Jy1,Jyles1,J'zyn3,Kabir2,Kacey1,Kacper1,Kadam3,Kadan22,Kade63,Kaden1,Kadence1,Kader3,Kadin3,Kadyn2,Kaedan11,Kaeden1,Kaedon20,Kael1,Kaelan1,Kaeleb1,Kaelem1,Kaelen1,Kaemen1,Kaesyn4,Kage1,Kagen2,Kahil#,First Name1,Kahl1,Kahlil33,Kai1,Kaice1,Kaid3,Kaidan31,Kaiden1,Kaidyn1,Kaienne2,Kaige3,Kail1,Kailan2,Kailer1,Kaillum2,Kain1,Kainan3,Kaine1,Kaithen1,Kaius5,Kalan34,Kale56,Kaleb1,Kaleden1,Kal-El1,Kalelle2,Kalem6,Kalen1,Kaler3,Kalib1,Kalil1,Kalin1,Kalixto1,Kallan1,Kalle3,Kallen1,Kallum1,Kalobe1,Kalub2,Kalum1,Kalvin1,Kalym2,Kamal5,Kameron1,Kamin1,Kamren1,Kamron#,First Name1,Kamyar1,Kane1,Kanishk1,Kaniyen1,Kannaa1,Kannyn2,Kanye1,Kanyon1,Karam5,Karan3,Karanveer1,Karanveer-Singh2,Karanvir1,Karden3,Kareem1,Kariim4,Karim1,Karish7,Karl1,Karlos3,Karman1,Karmdeep1,Karmon2,Karsen13,Karson5,Karsten6,Karter1,Kartik1,Karver1,Kary2,Kase4,Kasen4,Kasey10,Kash1,Kashtin2,Kashton1,Kashtyn1,Kasim1,Kason1,Kasper1,Kassidy1,Kassius1,Kastden1,Kastin1,Katsuhiro1,Kaulen#,First Name1,Kauner2,Kavan1,Kavi1,Kavisha1,Kayce1,Kaycee1,Kayd1,Kaydan59,Kayden1,Kaydin1,Kaydron1,Kaydyn1,Kayhan1,Kay-J1,Kayl1,Kaylan6,Kayle2,Kayleb2,Kaylem1,Kaylib1,Kaylo1,Kaylum1,Kaylzeah2,Kayman2,Kayne1,Kayode1,Kaysar1,Kaysea1,Kaysen1,Kayson1,Kaysun1,Kayto1,Kaze1,Kazen1,Kazio1,Kazumasa1,Kazz1,Kazzer10,Keagan4,Keagen1,Keagin1,Kealey1,Keamon2,Keanan3,Keane1,Keanno#,First Name1,Keanon1,Keantae1,Keanu2,Keaten1,Keatin14,Keaton1,Kebron1,Keean2,Keedan1,Keefe1,Keefer41,Keegan4,Keelan1,Keelin17,Keenan1,Keeneye1,Keenian1,Keenin1,Keenon2,Keeran1,Keeton1,Keets2,Kegan1,Kei1,Keian1,Keiden1,Keidis2,Keifer3,Keigan1,Keigen2,Keil2,Keilan9,Keiran1,Keirden1,Keiren1,Keirin1,Keiron1,Keiryn1,Keishaun3,Keith4,Kelan1,Keland1,Keldon1,Kelen2,Kellan1,Kellaneo#,First Name4,Kellen1,Keller1,Kellin7,Kelly2,Kelsey1,Keltic5,Kelton1,Kelvyn1,Kemper1,Ken1,Kenai1,Kendall3,Kendrick1,Kendrid1,Kenechukwu1,Ken-Gabriel1,Kenith1,Kennedey18,Kenneth1,Kenny1,Kensei3,Kent9,Kenton1,Kenyen1,Kenyin1,Kenynè5,Kenyon2,Keon1,Kerek1,Kerian1,Kerric2,Keshav1,Keshawn1,Keshin1,Kesin1,Kesler1,Kessler2,Keston1,Keton1,Ketyn2,Keven39,Kevin1,Keyan1,Keyanu1,Keydon1,Keylin#,First Name1,Keyon1,Keyvan1,Khaleb1,Khaled1,Khälen5,Khalid2,Khalil1,Khalin1,Khang1,Khanh1,Khedit1,Khorason1,Khylle1,Khyver9,Kian1,Kidus1,Kiean3,Kiefer2,Kiel1,Kienan2,Kienen21,Kieran2,Kieren1,Kiernan1,Kiestin1,Kilan1,Kilien1,Killian1,Kilo1,Kinden1,King2,Kingsley4,Kingston1,Kinley1,Kinsleigh3,Kiran2,Kirby1,Kiri1,Kirk1,Kirstian1,Kirstopher1,Kirtveer1,Kirubell2,Kishan1,Kîsik1,Kiun#,First Name1,Kiva1,Kivan1,Kiyan1,Klaas1,Klo1,Knoa1,Knox1,Koah3,Koal10,Kobe1,Koben3,Kobi1,Kobryn6,Koby4,Koda1,Koden1,Kodi1,Kodice9,Kody1,Koehin1,Koehn1,Koel15,Koen1,Koeyn1,Kofi1,Kofie11,Kohen2,Kohl1,Kohlor1,Kohta2,Kolbe11,Kolby5,Kole1,Kolin1,Kolos1,Kolt7,Kolten7,Kolton1,Koltyn1,Kolven1,Kona1,Konai1,Koner1,Konlan1,Konner2,Konnor#,First Name3,Konrad2,Konstantinos1,Konyae3,Kooper7,Korben9,Korbin3,Korbyn1,Kormac2,Kory1,Kose1,Koul1,Krae1,Kreig6,Krish1,Krishal1,Krishan2,Krishna9,Kristian1,Kristjan1,Kristján2,Kristofer1,Kristoffer3,Kristopher1,Krrish1,Kruz1,Kshitij1,Kuanen1,Kue-Hwan1,Kulraj1,Kumail1,Kuol1,Kuothnyuer1,Kur1,Kurby1,Kuren2,Kurt11,Kurtis1,Kuruk1,Kusha1,Kwentyn1,Kwok-Qiang1,Kwynton7,Kyan1,Kyden8,Kye1,Kyelen#,First Name1,Kyez3,Kylan1,Kylar67,Kyle1,Kylen21,Kyler2,Kynan2,Kyran1,Kyrell2,Kyren1,Kyrian1,Kyron1,Kyshawn2,Kyson1,Kysyn1,Kyzer1,Labinot1,Lacavaler1,Lachey6,Lachlan1,LaDainian1,Ladainion1,Ladd1,Laeon1,Lahiru1,Lain1,Laine1,Laird1,Lakai2,Laken1,Lakota1,Lance1,Landan12,Landen1,Lander3,Landin75,Landon1,Landy4,Landyn15,Lane1,Larenz3,Larry3,Lars1,Larson1,LaShay1,László#,First Name1,Latrelle3,Lauchlan1,Laughlin1,Laurens1,Lavindu1,Lavon6,Lawrence2,Lawson6,Layne1,Layth7,Layton1,Lazar1,Lazarus1,Lazzare1,Leander1,Leandro1,Leathen1,Leban1,Lee1,Leeam1,Leelan5,Leeland2,Leelin1,LeeLin1,Leiam3,Leif1,Leigham4,Leighton2,Leiland2,Leith1,Leithen1,Leks54,Leland1,Lelend1,Lemuel1,Lennert1,Lennin2,Lennon4,Lennox17,Leo5,Leon5,Leonard3,Leonardo1,Leonel3,Leopold1,Leroy#,First Name1,Lester1,Lethaniel1,Letrel1,Létrell2,Lev1,Levente60,Levi1,Leviathan1,Levon4,Lewis1,Lex1,Lexx1,Leyland1,Leyten1,Leythan5,Leyton1,Lezander211,Liam2,Lian2,Liddel1,Lieff1,Liem1,Lilas25,Lincoln1,Lincon5,Linden1,Linken5,Linkin2,Linkoln1,Linus1,Lleyton1,Lloyd1,Loagen1,Lobjot9,Lochlan1,Lochlin1,Locke1,Loek1,Loewen240,Logan2,Logen1,Loghan1,Login1,Lohnito2,Loïc2,Loki#,First Name1,Lokosang4,London2,Lonnie1,Lonson1,Lord1,Loren3,Lorenzo1,Lorin1,Lorne1,Lorrin5,Louis1,Louis-Félix1,Lovedeep1,Lovenoor1,Loveveer1,Lowan1,Lowell4,Lowen1,Lowyn1,Loyd1,Lual20,Luc18,Luca154,Lucas1,Lucean5,Lucian2,Lucien3,Lucius2,Lucus1,Luhan5,Luis1,Luiz1,Luk13,Luka39,Lukas1,Lukasz117,Luke1,Lukus1,Lunden1,Luqman1,Lusala1,Luther1,Lux1,Luziano1,Lyem3,Lyle#,First Name6,Lynden8,Lyndon1,Lynkon1,Lyon1,Lyran5,Lyric1,Lyth1,Maahir1,Maan-David1,Maaz1,Mac1,Mace1,Macean1,Macen1,MacEwan1,Maceyn1,Maciej1,Mack1,Mackaden1,Mackay5,Mackenzie1,MacKenzie1,Macklin1,Maclaren1,MacLean1,Maclean1,Maclin1,MaCoy1,Macson1,Macy-Brett1,Madai1,Madan4,Madden2,Maddix2,Maddon13,Maddox1,Maddux1,Maddyx1,Madex1,Madox1,Madric1,Madyx1,Maeson5,Magnus1,Maguire1,Mahaan#,First Name3,Mahad1,Mahamed2,Mahdi1,Mahekun1,Mahetaj1,Mahid2,Mahir1,Mahki4,Mahmoud1,Mahon2,Maison1,Majd1,Majok1,Makai1,Makhi1,Makinnis1,Maklin2,Maksim1,Maksymus1,Makuac1,Malachai14,Malachi2,Malachy3,Malakai1,Malakas1,Malaki20,Malcolm2,Maleek3,Malek5,Malik1,Malikie1,Malique1,Malith1,Malykhi1,Malyki1,Manaal1,Manasseh1,Manav1,Mani1,Manjot1,Mankaran1,Mannan1,Mannix1,Manny1,Manpinder1,Manraj#,First Name1,Mansell1,Mansha1,Manshaan2,Mansoor1,Mansukh2,Manuel5,Manveer7,Marc1,Marc-Albern1,Marc-Andre1,Marc-Andrei1,Marcas3,Marcel1,Marcello1,Marchello12,Marco4,Marcos54,Marcus13,Marek1,Marino1,Mario1,Mariol1,Marion2,Marius33,Mark1,Markez1,Markjomel8,Marko1,Mark-Ron14,Markus1,Marlo1,Marlon1,Marnix3,Marques1,Marseilles4,Marshal15,Marshall1,Marshel12,Martin1,Martin-Yoann1,Marty1,Martyn1,Marvin2,Marwan1,Masab1,Masaharu#,First Name1,Masan1,Masato1,Mase3,Masen1,Masin1,Maslin108,Mason1,Masroor3,Massimo1,Matais1,Mateen1,Matej21,Mateo2,Mateus3,Mateusz1,Mathaios1,Matheson1,Matheu19,Mathew9,Mathias2,Mathieu1,Mathius1,Mathok1,Mathys4,Matias1,Matieu1,Matio1,Matshilonda5,Matt2,Mattaeus1,Mattais1,Mattayus17,Matteo1,Matteus1,Matthais1,Mattheao229,Matthew1,Matthews5,Matthias4,Matthieu1,Matthiew5,Mattias1,Mattityahu1,Mattius3,Matus2,Maurice#,First Name1,Mauricio1,Maurits1,Maury6,Maverick1,Maverik1,Mavik1,Mavricky32,Max1,Maxam1,Maxamillion1,Maxen2,Maxence1,Maxi8,Maxim1,Maximiliaan4,Maximilian4,Maximillian1,Maximo6,Maximus1,Maxton23,Maxwell1,Maxx1,Maxxan1,Maxxim1,Mayank1,Mayceo1,Mayer1,Mayom1,Mayra1,Maysen1,Mayven1,Mazzin-Mohammed1,Mbanwi1,McArthur1,McCaulley1,McCoy1,McCrae1,McEwan2,McKay1,McKenzie1,McKinnley1,Meharjot1,Meherab1,Mehmet1,MehrAli2,Mehtab#,First Name5,Mekhi1,Mekyah1,Meldin6,Memphis1,Menas1,Mensur3,Merek1,Meric1,Merlin1,Merrek5,Merrick4,Merrik1,Merton1,Mervyn1,Meysyn1,Mic2,Mica1,Micael24,Micah109,Michael18,Micheal1,Michel1,Mick1,Mickai9,Miguel1,Mihai1,Miikka1,Mikaeel1,Mikael1,Mikai1,Mikail1,Mikail-Mirandad1,Mikale3,Mike1,Mikeel2,Mikka1,Mikkel1,Miko1,Mikyus1,Milad2,Milan1,Milano17,Miles1,Millen5,Miller3,Milo#,First Name2,Milton1,Min1,Mina1,Miracle1,Mirza1,Misha1,Mitch3,Mitchel27,Mitchell1,Mitchelle1,Miyaki1,Moe10,Mohamad15,Mohamed13,Mohammad1,Mohammad-Ali-Abdelrahman16,Mohammed1,Mohanad1,Mohanned1,Mohayat-Din1,Mohibullah1,Mohid1,Mohit1,Mohmed1,Mohsin1,Moïse1,Momo1,Monem1,Montgomery1,Monydhar17,Morgan2,Morley1,Morningsky1,Morphious1,Morrison3,Moses1,Moshe2,Mostafa1,Moty1,Mou1,Mourad1,Moussa1,Msizi1,Muayid1,Muhaidin24,Muhammad#,First Name3,Muhammed1,Muhanad1,Muhanned1,Muhiedin1,Muhyadin3,Mujtaba1,Mukarb1,Munachi1,Muneeb1,Munib1,Munis1,Munther1,Muoch1,Muotdid4,Murray1,Murtadha1,Murtaza3,Musa1,Musah1,Mustaan6,Mustafa1,Mustapha1,Muthias1,Muttaqi1,Myatt1,Myeehkun1,Mykal15,Myles1,Mylin1,Mytchal1,Naayel1,Nabeel1,Nader1,Nadir3,Nahom1,Nahom-Befekadu1,Naimatullah1,Nakima1,Namari1,Namraj1,Nana1,Nanthaniel1,Naode2,Narcisse1,Nareg1,Nasean#,First Name1,Naser10,Nash1,Nasir1,Naslund3,Nasser1,Nassif1,Natanya1,Natas25,Nate218,Nathan3,Nathanael1,Nathaneil1,Nathanel6,Nathanial62,Nathaniel5,Nathen1,Natnael1,Natorius1,Naufil1,Navdeep1,Navid1,Navjot1,Navpreet2,Navraj1,Naweed2,Nayan1,Nazar1,Nazareth1,Nazem1,Neakuteleab2,Neal1,Neale1,Nedal1,Nedim1,Neekon1,Neel2,Neelan1,Nehaan1,Nehemiah8,Neil1,Neiltaj1,Nels4,Nelson1,Nene2,Neo1,Nery#,First Name1,Nevada2,Nevaeh2,Nevan1,Nevek1,Neven2,Nevin1,Nevyn1,Nexon1,Ngawang1,Nguan1,Niall1,Nibron1,Nicah133,Nicholas7,Nick1,Nickalas1,Nicklaus1,Nickohlus8,Nickolas1,Nicky2,Nico1,Nicodemus2,Nicola1,Nicolai29,Nicolas1,Nicolino1,Nidal3,Nigel1,Nigral2,Nihal1,Nîkânkâ2,Nikash4,Nikhil3,Nikita1,Nikki1,Niklas3,Niko2,Nikola2,Nikolai15,Nikolas1,Nikolaus3,Niles1,Nils1,Nirjyot1,Nirvaan2,Nishaan#,First Name5,Nixon1,Nnamdi1,Noa225,Noah1,Noah-Kai1,Noam1,Nobaldeep1,Noble1,Nodin1,Noé3,Noel1,Noelyn1,Noirik92,Nolan3,Nolen1,Nooh1,Noraiz1,Norman1,Norwin1,Noureldin1,Nova1,Nozzey1,Nulat1,Nvuselelo1,Nyan1,Nyawelo1,Nyle1,Nyok1,Nyshawn1,Oakland1,Oaklee7,Oakley1,Obadiah1,Obinna2,Ocean1,Ochiel1,Octavian1,Odeh3,Oden5,Odin1,Ofri1,Oghenerukevwe1,Ojay1,Okello1,Ole47,Oliver#,First Name3,Olivier1,Olt1,Oluwadurotimi1,Oluwasegun1,Oluwaseun3,Om27,Omar1,Omed1,Omni1,Omraan1,Oranye2,Oren1,Orin1,Orinn5,Orion4,Orlando1,Orrin2,Orson1,O'ryan7,Oscar1,Oscer3,Oskar1,Osman1,Otis2,Otto1,Owan158,Owen1,Oyama1,Oyesiku1,Ozaer1,Ozzy1,Pace2,Pacey1,Paden1,Paisyn2,Palmer1,Pancho2,Paolo1,Paras1,Parav1,Parbir77,Parker1,Parman1,Parmdeep1,Parmjit1,Parrami#,First Name3,Parth1,Parthiv1,Parveshbir1,Patani1,Patricio46,Patrick2,Patryk31,Paul1,Paul-Antony1,Paulo1,Pavel1,Pavit1,Pavle1,Pawanveer4,Paxton9,Payton1,Pearce1,Pedro1,Pei1,Peppe1,Percy1,Pernell1,Perry1,Peshraw1,Petar1,Pete46,Peter1,Petion1,Petro1,Petros15,Peyton1,Pheonix1,Phi2,Philemon14,Philip1,Philip-Ivan2,Philippe8,Phillip1,Phineaus1,Phinehas24,Phoenix1,Phoenyx8,Pierce1,Pierceson1,Pilot2,Piotr#,First Name1,Pipehgwance1,Piranavann1,Pito11,Porter1,Prabhdeep1,Prabhgun1,Prabhjot2,Prabhroop1,Prabjot1,Pranavan1,Pranit1,Pranjal5,Presley32,Preston1,Preston-Lee1,Princeraj1,Priyansh1,Promesse1,Promise3,Prosper1,Pryce1,Pryor2,Pukhraj2,Puneet1,Qahyim1,Qamar2,Qasim1,Qazi1,Qendrim1,Qian1,Quade1,Quaid1,Quenten10,Quentin3,Quincy6,Quinlan1,Quinlyn41,Quinn1,Quinnten1,Quint3,Quinten6,Quintin8,Quinton2,Quintus1,Qutab1,Quynn#,First Name1,Raafat2,Raahil1,Race1,Rachid1,Raddix1,Radek1,Radih1,Radison1,Radley1,Radu2,Radwan1,Radzil1,Raed1,Raef4,Rafael1,Rafe1,Rafee1,Rafiel3,Raheem1,Rahul6,Raiden2,Raidon1,Raikkonen1,Rain4,Raine2,Rainen1,Rainie2,Rainier1,Raisi2,Raistlin1,Raith1,Raiyyan1,Rajat1,Rajkamaldeep1,Rajveer1,Rakan1,Rakeem1,Ralph1,Ralph-Julien1,Ram1,Ramanjot1,Ramez3,Rami1,Ramin1,Ramond1,Ramsey#,First Name1,Ramy1,Ramzi1,Ran2,Randall2,Randeep1,Random1,Randsen3,Randy1,Ranen1,Ranger1,Rannon2,Ransley1,Ranteg-Singh2,Ranvir4,Raphael1,Raphaël1,Rapheal1,RaShawn1,Rasnoor1,Rathik1,Raul1,Raushan2,Raven1,Rawley3,Ray2,Rayaan2,Rayce4,Rayden3,Rayhan1,Raylen8,Raymond1,Rayne2,Rayyan1,Rayyen1,Rayz3,Reagan1,Redha1,Redik1,Redmond1,Ree13,Reece1,Reech11,Reed1,Reef1,Reegan1,Reelan#,First Name1,Reen13,Reese1,Reetak1,Reeve4,Regan1,Reghan1,Reginald1,Reginold1,Rehaan1,Rehan1,Rehman1,Rehmat22,Reid1,Reif1,Reigan4,Reilly1,Reint2,Reis1,Remco1,Remi1,Remington1,Remy2,Rémy1,Renald1,Renato1,Renauld1,Rennek1,Reno1,Renton1,Renxuan1,Reo1,Reshawn8,Reuben1,Rex1,Reyad1,Reyd1,Reygon1,Reyhn1,Rhayver1,Rhede20,Rhett1,Rho1,Rhoan1,Rhownen1,Rhune1,Rhyan#,First Name1,Rhyatt1,Rhyd1,Rhyder1,Rhyle1,Rhyley17,Rhys1,Ri1,Riad1,Riak1,Rian1,Riaz1,Ribal2,Ricardo2,Rich22,Richard1,Richmond3,Rick1,Rickul4,Ricky1,Riddik1,Ridge1,Ridhey1,Ridley1,Ridwan1,Riel1,Rigby1,Riggs1,Rigin1,Rikin138,Riley1,Riller1,Rinaldo1,Rinold1,Rionel1,Riordan1,Ripandeep1,Rishav1,Rishi1,Ritik13,River1,Rivers1,Rkan6,Roan4,Robbie3,Robel46,Robert#,First Name1,Robert-John1,Roberto3,Robin1,Robinpreet2,Robson2,Rocco1,Rockwell3,Rocky2,Rod1,Rodden1,Roderic2,Roderick2,Rodney1,Rodolphe1,Rodrick1,Rodrigo1,Roehl1,Roenen2,Rogan1,Rogelio2,Roger2,Roghan1,Rohaan1,Rohail9,Rohan1,Rohdy1,Rohit1,Rohith1,Rohnan1,Roko2,Roland1,Rolando1,Rolen1,Roma20,Roman3,Rome2,Romeo1,Romin1,Romyn3,Ron2,Ronak4,Ronald20,Ronan1,Ronelo1,Ronik13,Ronin#,First Name1,Rony15,Rory7,Ross1,Rouge1,Rourke2,Roushdi33,Rowan1,Rowdy1,Rowen2,Rowyn3,Roy4,Royce1,Rubayat1,Ruben1,Rubin1,Rudra4,Rudy1,Rudyard3,Rueben1,Rufus1,Rune1,Rupert1,Rushton1,Russel12,Russell1,Rustin151,Ryan1,Ryas2,Ryatt3,Ryden74,Ryder1,Ryeden1,Ryel1,Ryen1,Ryersen1,Ryic1,Rykan2,Ryken17,Ryker1,Rykker64,Rylan6,Ryland1,Ryle7,Rylee1,RyLee1,Rylee-Kris#,First Name1,Ryleigh4,Rylen2,Ryler18,Ryley7,Rylie4,Rylin1,Rylyn1,Ryson2,Ryver2,S.4,Saad1,Sa'Ad1,Saagar1,Saahil1,Saajan1,Saajid3,Sabastian1,Sabian1,Sabiq1,Saboor1,Sacha1,Sachalsultan1,Sachin1,Sachit1,Sadak1,Sadin1,Sadiq1,Saeed1,Saelun1,Safan1,Sagal9,Sage1,Saghir1,Sahaj1,Sahajvir1,Sahasro1,Sahej7,Sahib1,Sahibdeep4,Sahil1,Sahtu1,Sai1,Saiche2,Said1,Saiden1,Saied#,First Name2,Saif1,Saifan2,Saige1,Saihaan1,Sailor1,Sairaj1,Sajan1,Sajanvir1,Sajed1,Sakai1,Saksham1,Saleh2,Salem2,Salih1,Salko1,Salmahn4,Salman9,Sam1,Samandeep1,Samar2,Sameer1,Sameet1,Samel1,Samer3,Sami1,Samim1,Samin3,Samir1,Sammy1,Sampsen1,Samrit5,Samson1,Samson-Alexander2,Samual137,Samuel1,Samuel-Birhanu1,Samul1,Sana1,Sandro2,Sandy1,Sang1,Sanidh1,Sanija2,Sanjay1,Sant5,Santiago#,First Name1,Santino1,Santoosh1,Santos1,Saqib1,Sarac1,Sardool2,Sarim1,Sarpreet2,Sartaj1,Sartajpreet3,Sasha1,Satveer1,Saugat2,Saul1,Saurav1,Savatei1,Savek1,Savian1,Savine1,Sawal22,Sawyer1,Sawyrr2,Saxon1,Saxton1,Sayaan1,Schayle19,Scott2,Scotty1,Seager5,Seamus52,Sean1,Seán1,Seann1,Seath24,Sebastian6,Sebastien3,Sébastien1,Sebastion1,Sédric1,Seena1,Seerah1,Seeros1,Sefat1,Segan3,Sehaj1,Sehajdeep#,First Name1,Sehajpal1,Sehan1,Sekai1,Sem1,Senai1,Seneca1,Serandon2,Serge1,Sergio1,Serhat1,Serkan1,Serres81,Seth1,Sethan1,Sevastian1,Sevastián1,Sevee1,Severin1,Severino1,Seville1,Seyed1,Shaan1,Shaanvir2,Shade2,Shaden1,Shady4,Shae1,Shahab1,Shahen1,Shahil1,Shahzad1,Shaiden1,Shakir2,Shamus1,Shan17,Shane1,Sharmarke1,Shashwat9,Shaun15,Shawn1,Shawrick5,Shay1,Shayaan3,Shayan1,Shayde3,Shayden#,First Name2,Shaydin3,Shaye5,Shayne1,Shaz1,Shazab2,Shea1,Sheadon3,Sheamus1,Sheimys3,Shelby12,Sheldon1,Shelton1,Shepperd1,Sherman1,Sheryar2,Shinji1,Shirdon1,Shiro1,Shiv1,Shiva4,Shivam1,Shivanker1,Shivniel1,Shivraj1,Shiwayne1,Shlok1,Shooter1,Shravan1,Shrone1,Shyenne1,Shyne1,Siavosh2,Siddharth1,Siddiq1,Sidharth-Kabier6,Sidney1,Sikandar15,Silas2,Silvanus1,Simba5,Simeon35,Simon1,Simran1,Simrat1,Simrit1,Sincere#,First Name1,Singh1,Sipeng1,Siraj1,Siwoo1,Siyal1,Skipper4,Sky1,Skye5,Skylar14,Skyler6,Slade4,Slater6,Sloan1,Soban1,Sobhan1,Sobit1,Soham1,Sohan1,Solaiman1,Sollance9,Solomon1,Somrett4,Sonny1,Soran6,Soren1,Sóren1,Soromtochi1,Soroosh1,Sothearak1,Souriyane58,Spencer1,Spener2,Spenser1,Stajan1,Stanislav3,Stanley1,Staven1,Steaven1,Steele9,Stefan1,Stefanos6,Stephan1,Stephden15,Stephen1,Stephon5,Sterling#,First Name3,Stetson2,Steve26,Steven1,Stewart2,Stirling1,Stockton2,Stone2,Storm1,Stratton1,Striden2,Stryder6,Stuart2,Styles1,Subeg1,Suber1,Sufwaan1,Sufyaan1,Suhail2,Suhayb1,Sukhchain1,Sukhjot1,Sukhkaran2,Sukhman1,Sukhpal1,Sukhpreet2,Sukhraj1,Sukhsaj1,Sukhvir1,Sulayman1,Sullay3,Sullivan2,Sultan1,Sumair4,Sumeet1,Sumner1,Sundance1,Sunday1,Sunny1,Sunveer1,Surya1,Sushaant2,Sven1,Sweetgrassman12,Syed1,Syed-Zarmaan1,Sylar#,First Name3,Sylas1,Sylis1,Sylus1,Symeon1,Symon1,Synde1,Syrak1,Syran1,T.J.1,Taecyn1,Taeghan1,Taen1,Taezen3,Tage6,Taha1,Tahim1,Tahmid1,Tahoor-Ul1,Taiden1,Taisei1,Taiten1,Taitsen1,Taitt1,Taiyo1,Tajbir1,Takoda1,Takumu6,Talan1,Talbot1,Taleb2,Talen4,Talha1,Tali2,Talin2,Talis1,Tallon5,Talon3,Talyn1,Tamanjeet1,Tamaru1,Tamryn1,Tanar1,Tane1,Tanin1,Tanjot1,Tannen#,First Name47,Tanner1,Tanveer1,Tanvir1,Tao1,Tara1,Taran1,Taras3,Tarek1,Taren1,Tareq1,Tarey2,Tarik1,Tarion3,Tariq1,Tarkan1,Tarnvir1,Tarok1,Tarquin1,Tarquinn2,Tarren3,Tarun1,Tat17,Tate1,Tatem2,Tatum3,Taven2,Tavian1,Tavien4,Tavin3,Tavis3,Tavish1,Tavon1,Tawd4,Tayden3,Taye1,Taylehn2,Tayler1,Taylon26,Taylor1,Taymur3,Tayshaun2,Tayson1,Tayte1,Tayten2,Tayton1,Tayvian#,First Name1,Tayvin1,Tayyib1,Taz1,Tazzden1,Teacon1,Teaden9,Teagan3,Teagen4,Teague2,Tearin3,Ted2,Teddy5,Teegan1,Teethlac5,Tegan1,Tegran1,Teigan2,Teigen1,Tejas1,Tejpal1,Tejveer1,Tell1,Telson1,Temitope1,Tennesy1,Teo1,Téo1,Teofisto1,Teran1,Terelle3,Terence1,Teric1,Terik1,Terran7,Terrance2,Terrell2,Terrence1,Terrin7,Terry1,Tery1,Teryn1,Teton3,Tevin1,Teyrnen1,Teyshaun1,Tgn#,First Name1,Thaddeus1,Thaedan1,Thaison1,Thanh1,Tharyn2,Thatcher1,Thayen1,Thayer1,Thayne4,Theo7,Theodore1,Théodore1,Theodorus1,Theophilus5,Theoren1,Theo-Russell1,Theran1,Theryn1,Theuwis1,Thierry96,Thomas1,Thomas-John1,Thor1,Thoren1,Thorin1,Thurman1,Ti2,Tiago1,Tian1,Tiberius1,Tiego1,Tiên1,TiePeng1,Tieran1,Tiergan6,Tiernan1,Tiger1,Tigran2,Tilden1,Tim1,Timmy1,Timon1,Timoteo31,Timothy1,Tio1,Tirian#,First Name1,Titan5,Titus2,Tivon1,Tiyam1,TJ1,Toan1,Tobi9,Tobias1,Tobit13,Toby1,Toby-Joe2,Todd1,Tokaji1,Tom5,Tomas2,Tomasz1,Tombeck1,Tomi4,Tommy13,Tony1,Toprak2,Toren1,Torger1,Tori2,Torin1,Torren1,Torrez1,Torrin2,Torsten1,Torston1,Toryn1,Toviel3,Trace4,Trae1,Trai1,Traiden1,Trance16,Travis1,Trayce1,Traydee1,Trayden1,Trayer1,Trayven1,Trazom1,Tre1,Tre'Dell#,First Name1,Treedon1,Treigh1,Treighton1,Trekker1,Trelanne1,Trennis8,Trent1,Trentan1,Trenten10,Trenton1,Trephaine2,Trestan1,Tresten1,Treston1,Trestyn1,Trevan2,Trevin16,Trevor1,Trevyn18,Trey1,Treycen1,Treyden1,Treygon2,Treyson3,Treyton1,Treyzen1,Trias1,Tridib1,Trigg1,Trinity1,Tripen2,Tripp1,Trishtin1,Tristain128,Tristan24,Tristen1,Tristian7,Tristin1,Tristn5,Triston2,Tristyn1,Triton17,Troy1,Trustin1,Truth1,Trux#,First Name1,Trygve4,Trystan2,Trysten1,Trystin3,Tryston2,Trystyn1,Tuan6,Tucker1,Ture4,Turner1,Tushaan1,Tut1,Twan50,Ty1,Ty.1,Tyan4,Tyce1,Tyden1,Tydeus1,Tydus7,Tye1,Tyerese1,Tyesn1,Tyeson3,Tylan1,Tylen1,Tyleon143,Tyler2,Tylor2,Tynan1,Tyran1,Tyrant1,Tyrayn1,Tyrec1,Tyrece1,Tyree1,Tyreese1,Tyrel5,Tyrell1,Tyrelle2,Tyren1,Tyrence5,Tyrese3,Tyrin1,Tyrol2,Tyron#,First Name5,Tyrone2,Tysen1,Tysir89,Tyson1,Tyssen4,Tytan1,Tyton1,Tytrell1,Tytus1,Tyvin1,Tywayne1,Uche2,Uday1,Udayveer4,Udhay1,Ulian1,Ulrik1,Ulysses1,Umair2,Umar1,Umed1,Updesh1,Urban1,Uruk1,Usmaan4,Usman1,Uthmaan1,Vadden1,Vaden1,Vadim1,Vagellis2,Valin1,Vallen4,Van6,Vance1,Vandalai1,Vanden1,Vandyn1,Vane3,Vann1,Vanndemier1,Vardaanpreet1,Varian1,Varyk1,Vasili1,Vasily#,First Name1,Vaso10,Vaughn1,Ved2,Vedant1,Veer1,Vehbe1,Velcan1,Vern1,Vickram16,Victor1,Victordean1,Viet4,Vikram4,Vince35,Vincent1,Vincenzo1,Vineeth1,Vinn1,Vinodh1,Vinsent1,Vinson2,Vinton1,Viraj1,Virgil1,Visaya1,Vishal1,Vitto1,Vivaan1,Vlad2,Vladimir1,Vladislav1,Von1,Voven1,Vraj3,Wacey4,Wade1,Wadi1,Waeil1,Wael1,Wafeed1,Wais1,Wal1,Waled3,Waleed1,Wali1,Walid#,First Name14,Walker1,Wallace8,Walter1,Warner4,Warren1,Warwick1,Waryk1,Wâseskwan1,Wasim1,Wayde1,Waylen1,Waylon1,Waylynd3,Wayne1,Weichin1,Weikai1,Wells1,Wengel17,Wesley1,Wessel1,West1,Westland2,Westley9,Weston1,WhiteElk1,Wikus1,Wil1,Wilhelm1,Wilks5,Will1,Willard4,Willem1,Willex178,William1,William-1,William-Andrew1,William-Bofei1,William-Duy4,Willy1,Wilmark6,Wilson1,Wilton1,Winandus1,Wind4,Winston1,Winter#,First Name1,Wol1,Wolfgang1,Wryder98,Wyatt1,Wyatt-Tucker1,Wyland1,Wylee1,Wyler1,Wylie1,Wylliam1,Wynn1,Xadyn1,Xaine23,Xander1,Xandynn2,Xaviar50,Xavier1,Xaviour1,Xayvion1,Xiao1,Xiathe1,Xinen2,Xzander2,Xzavier1,Xzyler1,Yacoub1,Yagazie1,Yahia1,Yahye1,Yak1,Yakub1,Yanick1,Yanis1,Yaniv1,Yanive1,Yankagi1,Yannick1,Yannik1,Yaseen3,Yash1,Yashman1,Yashua1,Yasir1,Yassin-Yaqub1,Yawar1,Yazal#,First Name1,Yeabsira1,Yeabssira1,Yehcob1,Yianni1,Yiannis1,Yisroel1,Yonata1,Yonis1,YooJin1,York-Omama1,Yosias1,Yossef1,Yostyn1,Younes4,Yousef2,Yousif1,Yousof1,Youssef1,Youtin1,Yovan2,Yuan1,Yuanze1,Yug1,YuMin1,Yusha4,Yusuf1,Yuunis4,Yuvraj1,Yuxi1,Zac1,Zaccheo1,Zach1,Zachariah1,Zacharias2,Zacharie136,Zachary13,Zachery1,Zacheus9,Zack1,Zackariah1,Zackarie16,Zackary1,Zackary-Robert17,Zackery1,Zaden1,Zaedan#,First Name1,Zafir1,Zaharias1,Zahid1,Zahir4,Zaid4,Zain1,Zaine4,Zak1,Zakai1,Zakaria1,Zakariah1,Zakariya3,Zakary3,Zakery1,Zakhary2,Zakk2,Zakkary1,Zaland1,Zale1,Zalmay2,Zaman14,Zander1,Zandyr16,Zane1,Zan-ul-Abdeen1,Zarius1,Zarry1,Zavhier2,Zavier1,Zavior1,Zayaan4,Zayd4,Zayden1,Zayen1,Zaylen1,Zaylin2,Zayne1,Zealand1,Zean5,Zechariah1,Zednik1,Zedrich1,Zeke1,Zeldon1,Zeno3,Zenon#,First Name1,Zephan1,Zephen2,Zeshan1,Zev1,Zevan2,Zeyad1,Zeyade1,Zhakirullah1,Zhixuan1,Ziad1,Zinadine3,Zion1,Zohaib1,Zohran1,Zorain2,Zorawar1,Zorien1,Zuhair1,Zye1,Zyhra1,Zyler1,Zyne1,Zyon