#,Baby Boy Names1,A.2,A.J8,Aaden1,Aadesh1,Aadi2,Aadil1,Aadit1,Aadon1,Aadyn1,Aahil1,Aaidan1,Aameen1,Aamir4,Aarav1,Aarin1,Aarish1,Aariz59,Aaron1,Aaroosh1,Aarry1,Aarshin1,Aarvin6,Aaryan1,Aashay5,Aayan1,Aazan7,Abbas1,Abd1,Abdallah1,Abdarrahman1,Abdel1,Abdel-All1,Abdelmoumen1,Abd-ElRahman1,Abdel-Rahman1,Abderrahman1,Abdi1,Abdikarim1,Abdinajib1,Abdinasir3,Abdirahman1,Abdirahman-Afi1,Abdisatar1,Abdourrahman11,Abdul1,Abdulah1,Abdulallah1,Abdul-Barry1,Abdulbasit1,Abdul-Hakeem#,Baby Boy Names2,Abdulkadir1,Abdul-Kareem1,Abdulla15,Abdullah1,Abdullaha1,Abdul-Mannan2,Abdulrahman1,Abdulrahmman1,Abdulrazzak1,Abdulwahid1,Abdur-Raafay1,Abdus1,Abdusalam1,Abe1,Abeer1,Abeghoni6,Abel1,Abel-Befekadu1,Abele1,Abenezer1,Abhaydeep1,Abhayjeet1,Abhijitpal1,Abhinav1,Abhishek1,Abhyuday1,Abiel1,Abiheek1,Abo-Bakeir5,Abraham2,Abram1,Abramham1,Abriel1,Abshir1,Absolom1,Abu1,Acdous2,Ace1,Achal1,Acheil1,Achilles1,Achmad121,Adam3,Adan1,Addam6,Addison1,Addon1,Adee2,Adem14,Aden#,Baby Boy Names1,Adeshwar1,Adhal3,Adham2,Adian1,Adil1,Adison4,Aditya1,Adjani1,Adlai3,Adler1,Adnan1,Adolfo1,Adonaël1,Adonis1,Adonnis35,Adrian1,Adrianne1,Adriano1,Adrianos1,Adriatik1,Adriel4,Adrien2,Adris1,Adym6,Aedan2,Aeden2,Aedyn1,Aekam1,Aengus3,Aeron1,Aeshan1,Aeson1,Afanasi1,Afnan1,Aganj1,Aganze1,Agoth1,Aguer2,Agustin1,Ahad1,Ahkhasa11,Ahmad1,Ahmar21,Ahmed1,Ahmed-Kader2,Ahmet1,Ahnaf1,Ahsan1,Ahyaan1,Ahyan#,Baby Boy Names76,Aidan1,Aidden158,Aiden2,Aidin1,Aidric2,Aidyn1,Aiesh1,Aijay4,Aikam1,Aimon1,Ajay1,Ajaypal1,Ajmal-Raheem1,Akaal1,Akaash1,Akamjeet3,Akash1,Akashdeep1,Akhil1,Akia1,Akira1,Akito1,Akiva1,Akol3,Aksel1,Akuentok1,Alaat1,Alain1,Alamo5,Alan1,Alaric1,Alarick1,Alasdair1,Alastair1,Alaster1,Alat1,Alban11,Albert1,Alcedric1,Alden1,Aldin1,Aldrick9,Alec1,Aleczander2,Aleem1,Alehandro10,Alejandro1,Alek1,Alèk3,Aleksander#,Baby Boy Names1,Aleksay1,Aleksey1,Alen7,Alessandro2,Alessio41,Alex251,Alexander1,Alexander-James1,Alexander-Linn10,Alexandre1,Alexandros1,Alexei1,Alexey1,Alexi1,Alexis1,Alexsander1,Alex-William1,Alexxandr1,Alexzander1,Alex-Zander2,Alfred1,Alhasan43,Ali1,Ali-Alshura1,Alias1,Alic1,Alihamza1,Alijah1,Ali-Shahid3,Alistair2,Alister1,Al-Karim13,Allan4,Allen1,Allex1,Allistair1,Allister1,Almir1,Alondre1,Aloniab1,Alonso2,Alonzo2,Alpha1,Alphonse1,Alton1,Alvian9,Alvin1,Alyaan2,Amadeus2,Aman#,Baby Boy Names1,Amandeep1,Amanuel2,Amar2,Amari1,Amarpaul1,Amber1,Ambroise1,Ambrose1,Ambrozy1,Ameen2,Ameer1,Ameet1,Amelio1,Amen1,Amgalansanaa1,Amiel2,Amine4,Amir1,Amir-Hussain1,Amitoj1,Ammaar1,Ammar1,Ammon1,Amon2,Amos2,Amr1,Amraj2,Amrit1,Amritdeep1,Amritveer2,Amro1,Amron1,Amyas1,An3,Anakin1,Anand1,Ananda1,Ananiah3,Anas1,Anay1,Anden3,Anders1,Andersen10,Anderson6,Andre2,André4,Andreas1,Andreas-James8,Andrei2,Andrej#,Baby Boy Names7,Andres1,Andres-Mauricio117,Andrew1,Andrey5,Andy1,Anees1,Angaad1,Angeles12,Angelo1,Angelus4,Angus1,Anicio1,Aniket1,Anis1,Anish1,Ankashdeep1,Anmol1,Annas1,Anoop1,Anraj1,Ansel1,Anselm1,Ansen2,Ansh2,Anson1,Antahn1,Anthon1,Anthoni61,Anthony3,Antoine5,Anton1,Antonino17,Antonio1,Antonio-Cesar1,Antonios1,Antonious5,Antony1,Antwan1,Antwane2,Antwone1,Anuman1,Anushveer1,Anwar1,Anwit1,Anzel1,Aodhán1,Apollo1,Aqeleux1,Aquiles1,Araf#,Baby Boy Names1,Arafi1,Aram1,Arash2,Arav3,Archer2,Arda1,Ardan4,Arden2,Aref1,Areis1,Ares1,Areth1,Arez1,Arhan1,Arhee3,Ari1,Arian2,Aries1,Arif1,Arion1,Aris5,Arjan15,Arjun1,Arkadius1,Arlan2,Arlen1,Arley1,Arlin2,Arlo1,Arlynd15,Armaan6,Arman2,Armand2,Armando1,Armanveer1,Armanvir1,Armeet1,Armin1,Armonge1,Arnie2,Arnold1,Arnoldo1,Arnvir1,Arol7,Aron1,Arran1,Arrow1,Arsalah1,Arsh2,Arshan#,Baby Boy Names1,Arshdeep1,Arshia1,Arshman1,Arshnoor1,Arshveer1,Artem1,Arth1,Arthas7,Arthur1,Artin1,Artsaw1,Arturo3,Arun1,Arven2,Arvin1,Arvind2,Arwin1,Aryaman1,Aryamann10,Aryan1,Aryndeep1,Aryon1,Aschwynn1,Aseef4,Ash1,Ashan1,Ashay1,Ashaz24,Asher1,Ashes1,Ashghar-Ali1,Ashley1,Ashmit1,Ashok3,Ashten71,Ashton1,Ashtyn1,Ashwin1,Asiniy1,Asmir1,Astin1,Astrid2,Atem2,Ater1,Athan1,Athanasios1,Atharv1,Athen1,Athian1,Athryn#,Baby Boy Names1,Atila1,Atis2,Atlas1,Atley1,Atman2,Atom1,Attalics1,Atta-Ul-Haadee5,Atticus1,Attila1,Aubrey1,Auden1,Augon1,August2,Augustin1,Augustus1,Aulin1,Aunthor1,Ausim7,Austen149,Austin1,Austinn4,Auston3,Austyn1,Ava2,Avan1,Avaneesh1,Avelino3,Aven33,Avery1,Avherson3,Avi1,Avidan1,Avidor1,Aviel1,Avik1,Avory2,Avraham1,Avraj1,Avrey1,Avrian1,Awab1,Awad2,Awais1,Aweit7,Axel1,Axeton1,Axl1,Axle4,Axton#,Baby Boy Names1,Axtyn10,Ayaan1,Ayauntaye4,Aydan47,Ayden1,Ayden-Christopher7,Aydin1,Ayen1,Ayers1,Ayhem5,Ayman1,Ayokunle1,Ayoob4,Ayoub1,Ayren1,Ayron1,Ayson3,Ayub4,Ayush2,Ayvin1,Ayyub1,Ayzek1,Azad1,Azariah1,Aziel1,Azrene1,Azriel1,Azrik1,Bacca1,Bachir1,Backr1,Baelen1,Baher1,Bahman4,Bailey1,Bailin1,Bak1,Baker1,Bakr1,Baladitya1,Balawal1,Baljoban2,Baljot2,Balkaran1,Balrosevir1,Bam1,Ban1,Banan1,Bankz1,Banny#,Baby Boy Names1,Bao1,Baoqi1,Baqir1,Barack1,Barak1,Barnaba4,Baron1,Barret7,Barrett1,Barron1,Bartholomew1,Barton1,Baruch1,Bas1,Bashir5,Basil1,Basit2,Bassel1,Bassit1,Bastian1,Bastien1,Batu1,Bauer3,Baxter1,Bazil1,Bazyl8,Beau2,Beauregard7,Beck2,Beckam11,Beckett6,Beckham2,Behzod1,Bekkett3,Belal16,Ben1,Benat1,Ben-Ben3,Benedict1,Benett1,Benhard1,Benicio1,Benjamen193,Benjamin1,Benjamyn1,Benjie1,Benjimen1,Benneit1,Bennet25,Bennett#,Baby Boy Names5,Benny2,Bensen7,Benson1,Bent4,Bentley1,Benton1,Benvear1,Beren2,Bergen1,Berkley2,Bernard1,Bernhard1,Berrik1,Bethel1,Bevan1,Bexon1,Beyazit1,Bhavdeep1,Bhavin1,Bik7,Bilal1,Billal7,Billy1,Birkland1,Birpal2,Biruk1,Bishavtaj1,Bishop1,Biyo1,Bjorn3,Blade1,Blain2,Blaine4,Blair1,Blaize82,Blake1,Blalin1,Blay1,Blayde1,Blayden2,Blayk1,Blayke3,Blayne2,Blayze8,Blaze1,Blazen1,Bleeval1,Blessed1,Blythe8,Bo#,Baby Boy Names1,Boaz3,Bobby3,Bode3,Boden6,Bodhi1,Bodi2,Bodie1,Boe1,Bofan1,Bogdan1,Bohdan1,Bohdi1,Bohdy1,Bohe2,Bol1,Boland1,Bond1,Bora2,Boris2,Bosco7,Boston1,Bowden3,Bowen1,BoWen1,Bowie1,Bowyn2,Boyd1,Brad1,Braddock1,Braddon32,Braden2,Bradford1,Bradlen18,Bradley2,Bradon68,Brady4,Bradyn1,Brae3,Braedan12,Braeden4,Braedon5,Braedyn1,Braely1,Braeson1,Brahma1,Braian1,Braidan6,Braiden1,Braidin1,Braidyn#,Baby Boy Names1,Bralon2,Brandan12,Branden1,Brandin61,Brandon11,Brandt1,Brandyn1,Branek5,Branson3,Brant1,Brauc1,Braun1,Braven1,Brawn3,Braxten24,Braxton1,Brayan2,Braydan103,Brayden1,Braydin16,Braydon1,Braye1,Brayer5,Braylon1,Braysen1,Brayson1,Brazen-Lee1,Brean1,Breanan1,Breaux1,Brecken1,Brehn1,Brekken1,Brekyn1,Brendal23,Brendan7,Brenden2,Brendin2,Brendon15,Brennan6,Brennen1,Brennon7,Brent1,Brenton1,Brenyelle1,Bret2,Breton18,Brett2,Bretton1,Brevyn#,Baby Boy Names1,Brexton3,Breyden26,Brian2,Briar1,Brice1,Bricen1,Briesk1,Brigden1,Brigham1,Brighton4,Briley2,Britton2,Brixton23,Brock1,Broddy3,Broden1,Brodi22,Brodie1,Brodin114,Brody1,Brodye5,Brogan1,Brokk3,Brolin2,Bronc2,Bronson1,Brooke2,Brooks1,Broxten1,Broydun3,Bruce5,Bruno9,Bryan24,Bryce5,Brycen5,Bryden1,Brydon1,Bryen1,Brylan1,Bryley4,Bryn1,Bryon2,Brysen1,Bryslend11,Bryson1,Bryton1,Burak2,Burke1,Byrham4,Byron#,Baby Boy Names1,C.J7,Cache10,Cade1,Cadel34,Caden1,Cadence1,Caebri4,Caeden1,Caedren1,Caedync11,Cael1,Cáel6,Caelan2,Caeleb1,Caelen1,Caelum1,Caemyn3,Cage1,Cahan1,Cahl1,Cai13,Caiden1,Caidyn1,Caige2,Cain1,Cainan3,Caine2,Cairo4,Caius1,Caje1,Cal2,Calab6,Calder15,Cale110,Caleb1,Calem2,Calen1,Caliah1,Calibur1,Calin26,Callum10,Calum13,Calvin2,Cam1,Cambrien10,Camden1,Camdon84,Cameron4,Camilo1,Camran#,Baby Boy Names1,Camrin1,Camron1,Canaan1,Cane2,Cannon1,Canon1,Canyon1,Carden2,Carey6,Carl1,Carlin1,Carlisle2,Carlito9,Carlos1,Carlton2,Carmelo2,Carmine1,Carrick4,Carsen88,Carson2,Carsten1,Carston1,Carsyn164,Carter1,Carter-Jon1,Carvan3,Carver1,Cas2,Case1,Casen20,Casey42,Cash1,Cashious4,Cashis2,Cashius1,Cashlin9,Cashton1,Cashtyn1,Cashus2,Cason1,Caspar1,Casper1,Cassel1,Cassious8,Cassius1,Catch1,Cavan33,Cayden1,Caydin2,Cayle#,Baby Boy Names2,Cayleb1,Caylen2,Caylum1,Cayman1,Caymanh1,Caysen1,Caysh1,Cayson1,Ceagan1,Cecil3,Cedric1,Cédric1,CeeJay1,Celt1,Celton1,Ceren2,Cesar9,Chace8,Chad1,Chadd1,Chadrick1,Chadstone1,Chaise1,Chaitanya1,Chan24,Chance2,Chandan2,Chandler1,Channing1,Chans1,Chanse1,Chany1,Chanz1,Charankamal1,Charbel36,Charles1,Charles-Émile23,Charlie1,Charlton1,Charson1,Chas115,Chase1,Chasen1,Chaseton1,Chasten1,Chaudhary3,Chayse1,Chayton5,Chaz1,Chazden#,Baby Boy Names1,Ché1,Chédan1,Cheikh1,Cheng1,Chephren1,Chesley1,Chesney1,Chessney4,Chet2,Chevy1,Chiemeziem1,Chika1,Chile1,Chili1,Chimere1,Chinmay1,Chino1,Chit1,Chloé2,Chol1,Chonza1,Choudry6,Chris1,Christen53,Christian1,Christiano1,Christien1,Christoff1,Christoph64,Christopher1,Chryson1,Chucrallah-Camille1,Chukwunonyelum1,Chukwuyem1,Chuska5,Cian1,Ciarann1,Cj1,Clancy1,Clarence12,Clark1,Clarkson2,Clay10,Clayton1,Clazance1,Clement1,Clendyn1,Cleve1,Clifford1,Clint#,Baby Boy Names1,Clinten5,Clinton2,Clive2,Cloud1,Coady1,Coal1,Cobey1,Codell1,Codeperre26,Cody12,Coen81,Cohen1,Colbe1,Colben46,Colby128,Cole2,Coleman1,Coleson1,Coletin1,Coleton1,Colgan26,Colin1,Collin1,Collton1,Colsen5,Colson2,Colt18,Colten5,Colter3,Coltin56,Colton3,Coltyn1,Conall2,Conan1,Conel1,Conlan1,Conley1,Connal1,Connar1,Connel1,Connell16,Conner127,Connor10,Conor4,Conrad1,Constantine1,Constantinos1,Conway65,Cooper2,Corban#,Baby Boy Names2,Corben39,Corbin4,Corbyn1,Cordé1,Cordell5,Corey1,Corlan1,Cormac5,Cornelius3,Corny1,Corson4,Corvin3,Corwin1,Corwyn3,Cory1,Coulter1,Covell4,Cowen1,Cowin1,Coy1,Crae9,Craig1,Cree1,Creed1,Creedance1,Creeden1,Creedin1,Creedon1,Creeloz1,Creighton2,Creston1,Crevan1,Crew2,Crimson1,Crispin4,Cristian1,Cristiano1,Crosby1,Croston1,Crowin2,Crue1,Cruise1,Cruize22,Cruz1,Cullen1,Curly1,Curt14,Curtis1,Cuyler1,Cyle#,Baby Boy Names1,Cylus1,Cyrell1,Cyril1,Cyrille1,Cyris16,Cyrus1,D.J.1,Daanish1,Daedin1,Daegan1,Daelyn1,Daeman2,Daemon1,Daenin1,Daezyn1,Dag1,Dagrin1,Dagur1,Dahir1,Dahlak1,Dailon1,Daily1,Daimon1,Daine1,Dainen2,Daiton1,Dakoda10,Dakota1,Daksh1,Dakshdeep1,Dakshpreet1,Dalal3,Dale2,Dalen1,Dalin14,Dallas1,Dallen1,Dallin3,Dallon3,Dallyn1,Dalon11,Dalton1,Daltyn3,Dalyn1,Daman1,Damen2,Dameon22,Damian26,Damien1,Damiloju#,Baby Boy Names2,Damion19,Damon4,Dan28,Dane1,Daneil3,Dang1,Dani1,Danian183,Daniel1,Daniël1,Danion1,Daniyal1,Dannie7,Danny1,Dantae19,Dante2,Danté1,Danton2,Danyal1,Danyl2,Danylo1,Danzel1,Daoud1,Darcelle2,Darcy1,Darek1,Darel5,Darian1,Darias8,Darien1,Darikson4,Darin2,Dario2,Darion1,Darious21,Darius1,Dariyn3,Darnell1,Darrel1,Darrell18,Darren1,Darrian1,Darrin1,Darrion1,Darrius1,Darryl1,Darryn1,Darsh1,Dartagnan2,Daryl#,Baby Boy Names1,Darynn1,DaSanto1,Dash2,Dashawn1,Dashel1,Dashiell1,Dason1,Dataar1,Dathan1,Daulton1,Dauntae2,Daunte2,Dave2,Daven2,Davey1,Davi104,David1,David-Guenther1,David-Hemla8,Davin6,Davis1,Davone1,Davyn1,Dawit1,Dawood1,Dawsen46,Dawson17,Dax6,Daxon1,Daxsyn8,Daxton1,Daxx1,Daxyn1,Daxzen1,Dayan1,Dayin1,Daykota2,Daylan1,Daylen1,Daylon1,Daymen1,Daymeon1,Daymien1,Daymion2,Daymon4,Daymond1,Dayn10,Dayne23,Dayton1,Daytona#,Baby Boy Names19,Deacon3,Deagan3,Deaken1,Deakin1,Deakyn11,Dean1,DeAndre1,Decker46,Declan1,Declin1,Decllan1,Dedrick9,Deegan1,Deekin1,Deel2,Degan1,Deimos1,Deisel2,Dekker1,Dekkon3,Deklan1,Dekland2,Deklen3,Deklin1,Delaine1,Delaney2,Delano1,Deleep1,Delford1,Delorian1,Deltyn1,Delywn1,Demarco1,Demeon1,Demetri1,Demetrios1,Demetrius1,Denem2,Deng6,Denis1,Deniz5,Dennis1,Dennison2,Denny2,Denton8,Denver3,Denzel2,Deo1,Deon1,Deondre#,Baby Boy Names1,Dereck18,Derek1,Dereon1,Derian2,Derick1,Derion1,Dermot1,Derrick1,Derron2,Deryk1,DeSean1,Deshak2,Deshawn1,Deshawnden1,Desi8,Desmond3,Destin1,Destry3,Devan1,Devang1,Devarez1,Devaughn1,Devdan1,Deven1,Deveon1,Devilin14,Devin1,Devinder1,Devis3,Devlin22,Devon1,De'von1,Devontay1,Devrin1,Devyn1,Dewy1,Dex15,Dexter1,Dextin1,Dexton1,Dexzen1,Dez1,Dezai1,Dezmond1,Dhamma1,Dharian1,Dhelchris1,Dhieu1,Dhruv1,Diamon#,Baby Boy Names2,Diamond3,Diaz1,Dickson15,Diego7,Diesel1,Diether1,Diew1,Diezel1,Diezyl1,Diing1,DilJoban7,Dillon1,Dilraj1,Dilshad3,Dimitri1,Dimitriy-Anthony10,Dion1,Dionne1,Dirk1,Dirks1,Divjot1,Dixon1,Diyon1,Dj1,Djeunne-Jethro1,Djiba1,Dken1,Dmitri1,Dmitriy1,D'mone1,Doc1,Dodge3,Dolan1,Dolce1,Dolph1,Domenico72,Dominic5,Dominick16,Dominik1,Dominio1,Dominique1,Domino1,Domnin2,Domonic1,Domonik1,Domynick3,Don9,Donald2,Donavan1,Donaven#,Baby Boy Names1,Donavin2,Donavon1,Donavyn1,Dong-Ha2,Donnie11,Donovan1,Donovin2,Dontae1,Dontay3,Donte1,Donté1,Doran2,Dorian1,Dorien1,Dorin1,Dougall6,Douglas1,Dov1,Dow1,Dracon1,Draeko1,Draiden1,Draidin13,Drake1,Draken1,Drason7,Draven9,Drayden1,Draydon1,Drayel1,Drayk2,Drayson3,Drayton1,Dre1,Dreayle1,Dredan2,Dredyn1,Dresden21,Drew1,Drey2,Dreyden3,Dreyton1,Drezden1,Drin3,Dryden1,Dual2,Duane3,Duke1,Dulton7,Duncan#,Baby Boy Names1,Dundreb1,Duol1,Durell1,Durnin1,Duron1,Dustan13,Dustin1,Dusty1,Dustyn1,Dut1,Dwan2,Dwayne2,Dwight1,Dyelan120,Dylan1,Dylin1,Dyllahn6,Dyllan1,Dyllon1,Dylon1,Dysis2,Dyson1,Eadan1,Eagle1,Eagon3,Eamon2,Eamonn1,Earl1,Eashan1,Eassah1,Easten52,Easton2,Eathan2,Eathen1,Eben5,Ebenezer1,Ebin1,Ebrahim3,Eddie3,Eddy1,Eden3,Edgar1,Edgard1,Edge1,Edi2,Edmond4,Edmund1,Édouard1,Eduard2,Eduardo#,Baby Boy Names24,Edward5,Edwin1,Eesa1,Eesah3,Egan1,Ege1,Egor1,Egypt1,Ehan1,Ehmel1,Ehsan-Ul1,Ehtan1,Ehtisham1,Eiad1,Eian1,Eighan1,Eik1,Ekamdeep1,Ekenedilinna1,Ekiah1,Eknoor1,Eko1,Elaan1,Elamin1,Elazer1,Eldar1,Eldon1,Eldrich1,Elesh1,Elgin38,Eli1,Elia1,Eliah25,Elias1,Eliezer1,Eligh1,Elijaah56,Elijah1,Elio1,Eliodoro2,Eliot1,Elioth1,Eliott1,Elis1,Elisapa1,Elisée2,Eliseo3,Elisha1,Elli12,Elliot#,Baby Boy Names14,Elliott5,Ellis1,Ellison1,Elmer1,Elric1,Elshadye1,Elson3,Elton1,Elum3,Elvis2,Emad1,Emal2,Emanuel1,Emeka1,Emerald2,Emerick18,Emerson1,Emerson-Lance10,Emery1,Emil2,Emile1,Emiliano7,Emilio15,Emmanuel1,Emmell2,Emmerson1,Emmet18,Emmett1,Emmit4,Emmitt1,Emory1,Emran2,Emry1,Enad1,Endon7,Enoch1,Enrico3,Enrique1,Enver7,Enzo1,Eoann1,Ephraim1,Era1,Erdem2,Eren70,Eric1,Erich3,Erick18,Erik1,Erík#,Baby Boy Names1,Erkan1,Ernest1,Ernest-Lee4,Ernie1,Errol1,Ervin1,Erwan1,Esaias1,Esam1,Esen7,Eshaan2,Eshan1,Esim1,Eskander1,Eskender5,Esteban1,Estefamous1,Ethai366,Ethan1,Ethan-Ronan5,Ethen3,Etienne1,Étienne2,Euan2,Eugene189,Evan1,Evander1,Evarret1,Even2,Everest31,Everett1,Everly1,Evert1,Evin1,Evrett8,Ewan1,Ewen1,Exavier2,Eyad1,Eyoel1,Eysa1,Eysic1,Eythan1,Eyzek1,Ezar1,Ezekial9,Ezekiel1,Eziah19,Ezra1,Ezyaan#,Baby Boy Names1,Faaiz1,Faaran1,Fadi1,Fadol1,Fahad1,Fahim1,Fahmi1,Faiz1,Faizaan4,Faizan1,Falcon1,Falkon1,Faolan1,Farahan1,Fardous2,Fares1,Farhan1,Farid1,Faris1,Farjaad1,Farouk1,Farryn1,Farzad1,Farzan1,Fassi1,Fateh1,Fawks1,Faysil1,Fayzan1,Federico1,Feenax3,Felipe21,Felix4,Félix1,Félix-Olivier1,Fenix2,Fenton1,Ferdinand2,Fergus1,Ferguson1,Fernand2,Fernando1,Feryn1,Fhillip1,Fiel1,Field1,Fin1,Finas1,Findlay8,Finlay#,Baby Boy Names10,Finley35,Finn1,Finneas3,Finnegan1,Finneus1,Finnian1,Finnigan1,Finnley1,Fionian1,Firomsa2,Fischer3,Fisher1,Fisihatsion6,Fletcher3,Flint1,Florean1,Floyd1,Ford2,Forrest1,Forrester1,Fouad1,Fox5,Francesco5,Francis5,Francisco1,Franco2,Francois1,Franek6,Frank2,Frankie3,Franklin1,Franky6,Franz1,Fraser1,Fraz2,Freddy2,Frederic5,Frederick1,Frederik6,Fredrick1,Freedom2,Friedrich1,Fuad1,Fynley6,Fynn1,Fynnegan1,Fysel4,Gabe1,Gabel1,Gaberiel#,Baby Boy Names113,Gabriel1,Gabriele1,Gabrielglen1,Gabriel-Vincent1,Gadisa1,Gael1,Gaël1,Gaganpreet36,Gage1,Gage-Koltan2,Gaige1,Gailard1,Galvin1,Gannon1,Garang1,Garet1,Gareth1,Garett1,Garner2,Garnet1,Garnett4,Garret10,Garrett1,Garrin1,Garrison1,Garry1,Garryt1,Garth1,Garveen3,Gary1,Gatlin3,Gauge1,Gaultier3,Gaurav1,Gavan2,Gaven119,Gavin1,Gavindeep1,Gavriel5,Gavyn1,Gaw1,Geffen1,Genaro1,Genevun1,Gentry1,Genuine2,Geoffrey30,George1,Georges1,Gerad#,Baby Boy Names7,Gerald1,Gerard1,Gergo1,Gerhard1,Germaine1,Gerry1,Ghaven1,Gheaideang2,Ghislain1,Giacobbe1,Giacomo1,Gian1,Giancarlo1,Giang1,Gianluca1,Gianmarco2,Gibson12,Gideon1,Gierhard1,Gierherd1,Giffen1,Gilad6,Gilbert2,Gino1,Gio1,Giordano5,Giovanni1,Giuseppe2,Glenn1,Godable1,Godson1,Gohar1,Gonzo1,Gopal1,Gordan8,Gordon1,Gordyn1,Govind2,Goy1,Gracen3,Gracin1,Gradey1,Gradin1,Gradon52,Grady1,Gradyn2,Graeden1,Graedy1,Graedyn6,Graeme#,Baby Boy Names2,Graeson16,Graham1,Graisom1,Graison8,Grant1,Grason3,Gray9,Grayden10,Graydon1,Grayer1,Graysan4,Graysen64,Grayson2,Greg12,Gregory1,Greisen1,Gresham2,Grey1,Greydon1,Greysen8,Greyson2,Griffen39,Griffin1,Grizz1,Gryffin1,Gryphon1,Guet1,Gugandeep1,Guillaume1,Gulman1,Gulshaan4,Gunnar2,Gunner2,Guntas1,Gurbaaz1,Gurbaj1,Gurbaksh1,Gurjaap1,Gurjazz1,Gurjot1,Gurjovan1,Gurjyot1,Gurkaran3,Gurkirat3,Gurman1,Gurmann1,Gurnak1,Gurneet1,Gurpreet1,Gurrayan#,Baby Boy Names1,Gursahaj1,Gursamar1,Gursaroop1,Gursewak1,Gurshaan1,Gurshabd1,Gurshagan2,Gurshan1,Gursimran1,Gurtaran2,Gurvir1,Gustave1,Haaris1,Habben1,Habib1,Haddi1,Haddon1,Haden8,Hadi2,Hadley1,Hadrian1,Hady1,Hadyn5,Haiden2,Haidyn1,Hailin1,Hairmon1,Haitham2,Hale1,Hamadi1,Haman1,Hamdalah1,Hamdan1,Hameedullah1,Hammad18,Hamza3,Hamzah3,Han2,Hanad1,Hanbo1,Hangal1,Hani1,Hank1,Hanlin1,Hannan1,Hans1,Hansen1,Hanson1,Hanzala1,Happy#,Baby Boy Names1,Hardeep1,Hardy1,Haresh2,Haris2,Harjaap1,Harjan2,Harjap1,Harjen1,Harjhap2,Harjot3,Harlan1,Harland1,Harlem4,Harley1,Harlin1,Harlon3,Harman1,Harnoor2,Harold1,Haroon1,Harpartap6,Harper1,Harre4,Harris22,Harrison5,Harry1,Harsan1,Harshabd1,Harshbir1,Harshveer1,Hartesh1,Hartley1,Harun1,Harveer2,Harvey1,Harvir4,Hasan1,Haseeb6,Hashim1,Hasnain1,Hasnat2,Hassaan13,Hassan1,Hassanali1,Hasthimuni1,Hastin1,Hatif1,Hauron1,Hauxley2,Haven#,Baby Boy Names1,Haviland1,Hawk1,Hawke1,Hawksley1,Haydar119,Hayden1,Hayden-Cruz7,Haydn2,Haydon1,Haydyn1,Hayeden1,Hayes1,Haysen1,Hayven1,Haywood1,Haze2,Hazen1,Hazoor1,Healy1,Hearther5,Heath1,Heaton1,Heaven1,Hebat-Allah2,Hector1,Héctor1,Hee1,Heersa4,Heinrich1,Helius2,Hendrix1,Henock2,Henri1,Henrik2,Henrique44,Henry1,Henry-Hoa1,Herbert4,Herman1,Hermes1,Hero1,Heston1,Heydon1,Hezikiah1,Hidar1,Hielan1,Hieson1,Hilaire1,Hiro1,Hishaam#,Baby Boy Names1,Hisham1,Hiyab11,Holden1,Holdyn1,Honour1,Horan1,Hossam2,Houston2,Howard1,Hoyce1,Hrijoy1,Hsaan1,Htee1,Huan1,Hubert1,Hudaifa1,Hudsen98,Hudson3,Hudsyn7,Hugh1,Hughie5,Hugo1,Hung132,Hunter1,Hunzalah1,Huruy1,Huseyn4,Hussain6,Hussein1,Hussein-Walid1,Hussien1,Hutson1,Huw1,Huxley3,Huzaifa1,Hyder1,Hylen4,Hyrum4,Iain58,Ian1,Ibaad4,Ibraheem25,Ibrahim1,Ibsa1,Idan1,Ifeanyichukwu1,Ignacio1,Ignatius1,Ihsan1,Ikejot#,Baby Boy Names1,Ikjot1,Ikveer1,Ilario2,Ilhan1,Ilias2,Iliyan2,Ilya1,Ilyar2,Ilyas1,Imaad1,Imaan2,Immanuel2,Imran1,Indiana2,Indy1,Ingsam1,Inicko1,Innocent1,Ioan-Alejandro1,Iosif1,Iqra5,Ira1,Irman1,Irshad1,Irshan4,Isa100,Isaac6,Isaak1,Isack50,Isaiah2,Isaias1,Isaiya1,Isam1,Iseah5,Ishaan1,Ishan1,Ishaq1,Ishmael2,Isiah1,Iska1,Isley2,Ismael4,Ismail3,Israel1,Issa5,Issac1,Issak1,Issam1,Issiah16,Ivan#,Baby Boy Names1,Iván1,Iven1,Ivin2,Izaac7,Izaak1,Izaan2,Izaiah1,Izayah1,Iziah1,Izyan1,J1,J.1,Jaabir1,Jáaden2,Jabez3,Jabin1,Jabir1,Jabril1,Jabyn1,Jaccob38,Jace1,Jacee1,Jacen2,Jacey1,Jachak1,Jachin1,Jaci182,Jack2,Jackie124,Jackson1,Jacky1,Jaco258,Jacob1,Jacób3,Jacobi1,Jacobie1,Jacobus2,Jacques1,Jacx1,Jacy2,Jad3,Jade41,Jaden1,Jaden-Gabriel5,Jadon1,Jaece1,Jaed2,Jaeden1,Jaeden-Rae1,Jaedon#,Baby Boy Names1,Jaegan1,Jaeger1,Jaerrah1,Jaetin1,Jaevon1,Jaewon1,Jaezen1,Jaffer1,Jagan1,Jagar1,Jagdeep1,Jager4,Jagger1,Jagjot1,Jago1,Jagori1,Jagrav1,Jaguar1,Jagveer1,Jahkeem1,Jahred1,Jahswill1,Jahvon1,Jahvonne1,Jahzion4,Jai1,Jaid1,Jaideep17,Jaiden1,Jaidén1,Jaidin2,Jaime1,Jaimen1,Jaimie1,Jainam1,Jaipreet1,Jair-El1,Jaitin4,Jaiveer60,Jake1,Jakeb1,Jakiyah1,Jakkoby31,Jakob1,Jakob-Anthony1,Jakobe1,Jakobi1,Jaks1,Jakson4,Jakub#,Baby Boy Names1,Jakzen3,Jalal4,Jalen1,Jalil6,Jamal1,Jamar1,Jamarco143,James1,James-Dominic1,James-Lucas1,James-Marley4,Jameson9,Jamie1,Jamiel1,Jamieson2,Jamil1,Jamin1,Jamis2,Jamison1,Jamon1,Janav1,Janith1,Jansen1,Jaoquin1,Japheth2,Japjot1,Japnoor28,Jared1,Jarek1,Jarel1,Jarem4,Jaren1,Jareth3,Jarett1,Jariah1,Jarid1,Jarod1,Jarold2,Jarome3,Jaron1,Jarray1,Jarred3,Jarren3,Jarret7,Jarrett1,Jarrin4,Jarvis2,Jaryn3,Jasdeep9,Jase#,Baby Boy Names1,Jasen1,Jaser1,Jash2,Jashan1,Jashandeep1,Jashanpreet1,Jasiah2,Jasim1,Jaskakan2,Jaskaran1,Jaskarn2,Jasman1,Jasmanjit1,Jasmanvir1,Jasmeet1,Jasmit1,Jasmun1,Jasnam1,Jasnoor53,Jason1,Jason-Kongolo19,Jasper1,Jassa1,Jastyn1,Jathan1,Javaid1,Javan1,Javen4,Javier1,Javin1,Javis1,Javon4,Jawad9,Jax9,Jaxen2,Jaxin90,Jaxon1,Jaxsen27,Jaxson5,Jaxton1,Jaxx2,Jaxxen1,Jaxxon3,Jay2,Jayan20,Jayce1,Jaycee1,Jaycen1,Jayceon1,Jaycob#,Baby Boy Names1,Jaydan1,Jaydeep165,Jayden1,Jaydence1,Jaydn5,Jaydon2,Jaydyn1,Jayesh1,Jaylen1,Jaymason1,Jayme1,Jaymes1,Jaymeson1,Jaymin1,Jay-Oliver1,Jayron1,Jayse3,Jayson1,Jayten1,Jaythan1,Jayton1,Jazzy1,J'Dey4,Jean1,Jean-Isaac2,Jean-Luc1,Jean-Paul1,Jean-Pierre1,Jebriel1,Jedan1,Jedd1,Jedi2,Jediah3,Jedidiah1,Jeel4,Jeevan3,Jeff4,Jeffery17,Jeffrey1,Jegan1,Jemaine1,Jenard1,Jenil6,Jensen1,Jenson1,Jerecho1,Jered1,Jerek18,Jeremiah1,Jeremie#,Baby Boy Names33,Jeremy1,Jérémy1,Jeresyn4,Jericho1,Jerico1,Jeriden1,Jerimiah1,Jerison1,Jermaine4,Jerome1,Jerrel1,Jerren1,Jerrett1,Jerrin13,Jerry1,Jersey1,Jervi1,Jeryith1,Jesiah1,Jesper1,Jesperdale1,Jess75,Jesse1,Jesse-James5,Jessie1,Jesson1,Jessy1,Jessye1,Jesús3,Jethro19,Jett1,Jevan1,Jeven2,Jevin1,Jeydan1,Jhevon1,Jiaming1,Jiaxing1,Jibraan1,Jibreel1,Jibriil1,Jiezi2,Jihad1,Jikany1,Jim1,Jimin6,Jimmy1,Jin1,Jinjou1,Jireh#,Baby Boy Names2,Jivan1,JM2,Joachim1,Joachim-Marco1,Joah4,Joaquin2,Joaquín1,Joas1,Joash1,Joavon1,Job4,Joban2,Jobandeep1,Jobe1,Joben1,Joby1,Jock1,Joden6,Joe1,Joeffry52,Joel1,Joelen1,Joesph6,Joey1,Joffrey5,Johan2,Johann3,Johannes87,John7,Johnathan7,Johnathon1,John-Isaac11,Johnny1,John-Paul1,Johnson1,John-Thomas1,John-Vallery1,Jokgoun1,Jolan1,Jolin1,Jomha5,Jon1,Jona36,Jonah1,Jon-Antone27,Jonas67,Jonathan2,Jonathen5,Jonathon2,Jonny#,Baby Boy Names1,Jophy2,Jorah1,Joran91,Jordan1,Jordan-Douglas4,Jorden2,Jordin4,Jordon4,Jordy1,Jordyn1,Jordyn-Kyler2,Jorel3,Jorge2,Jorgen1,Joriel1,Jorrin2,Jorryn4,Jory5,Jose2,José5,Josef113,Joseph1,Joseva9,Josh1,Joshawa238,Joshua1,Joshua-Blair1,Joshua-Ramzi2,Josia21,Josiah1,Josmar1,Josua3,Josue1,Jotsaroop2,Journey4,Jovan2,Jovanni2,Jovanpreet2,Joven1,Jovian1,Jovic-James2,Jovin1,Jowe1,Joziah1,Jozsef1,JR1,Jron1,Jua5,Juan1,Juanjose#,Baby Boy Names1,Jubal1,Jubertniño11,Judah1,Judd23,Jude1,Judge1,Judis1,Jugraj1,Jugroop1,Jules32,Julian1,Juliano7,Julien1,Julio9,Julius1,Juliuz2,Jullian1,Julyen1,Juma1,Juma-Junior1,Junaid1,Jung1,Junha4,Junior1,Juntaro1,Jurell1,Jürgen1,Juris1,Jurmain1,Jury1,Jushiah1,Jusmun19,Justice79,Justin4,Justine3,Justus2,Justyn1,Jutyar3,Juvraj1,Jyson2,Kabeer2,Kabir1,Kabri1,Kacey1,Kache1,Kacy1,Kadden38,Kade56,Kaden3,Kadence#,Baby Boy Names3,Kadin1,Kado3,Kadyn1,Kaeb1,Kaedan1,Kaedell11,Kaeden3,Kaedyn19,Kael2,Kaelan2,Kaeleb1,Kaelem-James4,Kaelen1,Kaelix2,Kaeson2,Kage1,Kagen1,Kahhari3,Kahlen48,Kai1,Kaice2,Kaid3,Kaidan49,Kaiden1,Kaidin1,Kaidon4,Kaidyn1,Kai-Khosrow2,Kail1,Kailan1,Kaileb1,Kailen1,Kailum2,Kain1,Kainai4,Kaine1,Kaine-Elijah1,Kainen1,Kaion1,Kais1,Kaiser1,Kaison3,Kaius1,Kaj1,Kal1,Kalam6,Kalan1,Kalder36,Kale1,Kaleal#,Baby Boy Names67,Kaleb1,Kalebb1,Kaleemullah2,Kalem7,Kalen1,Kalev1,Kalim5,Kalin1,Kalist2,Kallan1,Kallin3,Kallum1,Kalo1,Kalon1,Kalub1,Kalum3,Kalvin1,Kalym1,Kalyn1,Kam1,Kamardeep1,Kambiz1,Kamden6,Kameron1,Kamil3,Kamran1,Kamsiyonna1,Kanden15,Kane1,Kanor1,Kansas2,Kanye1,Kaplan1,Karamjot1,Karamveer1,Karamvir3,Karan1,Karandeep1,Karanveer9,Kareem3,Karim4,Karl1,Karlen1,Karlos1,Karl-Rylee1,Karlyle1,Karma3,Karman1,Karmen2,Karsen#,Baby Boy Names16,Karson2,Karsten1,Karston2,Karsyn14,Karter1,Karthik1,Kartik1,Karun1,Karver2,Kasch1,Kase4,Kasen5,Kasey15,Kash1,Kashanga1,Kashdyn1,Kashis1,Kashius1,Kashlyn1,Kashner1,Kashten1,Kashtin12,Kashton1,Kashtyn1,Kasin2,Kason1,Kasper1,Kasra1,Kassim1,Kau1,Kavan1,Kavish1,Kawika1,Kawish1,Kaya1,Kaycen1,Kayd3,Kaydan2,Kayde82,Kayden1,Kaydence5,Kaydin1,Kayd'n1,Kaydon2,Kayel2,Kayi1,Kayinoluwa1,Kayita1,KayJay4,Kayl#,Baby Boy Names2,Kaylan3,Kayle4,Kayleb1,Kaylem3,Kaylen1,Kaylex1,Kaylib1,Kaylin1,Kaylon1,Kayn7,Kayne5,Kaysen5,Kayson1,Kayten1,Kayu1,Kazlen1,Kdas1,Kden14,Keagan1,Keaghan1,Kealin1,Kean3,Keanan1,Keandre7,Keane1,Keanen1,Keanon2,Keanu1,Keaston1,Keaten19,Keaton1,Kedan1,Keeanu1,Keedyn41,Keegan2,Keelan2,Keelin21,Keenan2,Keenen1,Keenrue1,Keerat2,Kegan1,Keian1,Keiden1,Keidis1,Keifer3,Keigan1,Keigan-John-Keian1,Keiichiro1,Keiji#,Baby Boy Names1,Keilan1,Keilen1,Keilin4,Keiran1,Keiren1,Keirin1,Keir-Rowan1,Keistyn8,Keith1,Keithen1,Keivaan1,Kelechi3,Kellan1,Kellar1,Kellen1,Kelly1,Kelso1,Keltan8,Kelton3,Kelvin2,Kemal4,Ken1,Kenan1,Kenani1,Kendal2,Kendall1,Kenden4,Kendrick1,Kenechukwu1,Kenna2,Kennedy10,Kenneth1,Kennith1,Kenny1,Kenson3,Kent1,Kenton1,Kenward1,Kenyi5,Kenyon1,Kenzo4,Keon1,Keoni1,Kepler1,Kerik2,Kerry1,Kerubel1,Keshavaran1,Keshawn4,Kesler#,Baby Boy Names3,Kessler1,Kesten2,Keston1,Kestyn1,Keswick1,Ketan1,Kethan1,Keton50,Kevin1,Kevin-James1,Kevinoor1,Kevis1,Keyahn1,Keyan1,Keyaundre1,Keyen1,Keygan2,Keygen1,Keygon1,Keyin1,Keynan1,Keyshawn1,Keyvin1,Keyzden1,Khadar1,Khael1,Khai1,Khaibar1,Khail1,Khale9,Khaled1,Khalel1,Khalen6,Khalid1,Khalil1,Khalin1,Khang1,Khashraj1,Khayaal1,Kheler2,Khenan1,Kheo1,Khodor1,Khoen3,Khoi1,Khubib1,Khyler1,Kiam17,Kian1,Kidusse#,Baby Boy Names1,Kie2,Kiefer1,Kien1,Kienan1,Kier30,Kieran1,Kieren1,Kiernan1,Kieryn1,Kietric1,Kihei1,Kiingston1,Kile3,Killian1,Kim1,Kimi1,Kimoni1,Kinan1,Kinder1,Kingsley2,Kingstin47,Kingston1,Kinnon2,Kiran1,Kiranveer1,Kirat2,Kirby1,Kirill3,Kirk1,Kironmoy1,Kirubel1,Kishan1,Kishawn1,Kishore1,Kiyus1,Klinton1,Klo1,Knight1,Knox1,Knoxly1,Knute1,Ko1,Koal17,Kobe1,Kobee1,Kobey2,Kobi1,Kobie1,Kobie-Dre1,Kobin#,Baby Boy Names2,Koby5,Koda1,Koden2,Kodi5,Kody1,Kodyn16,Koen1,Ko'en1,Kogan17,Kohen6,Kohl1,Kohlin1,Koi1,Koji1,Kojun1,Kolbe11,Kolby13,Kole1,Koleten1,Kolin1,Kolsen1,Kolt1,Koltan6,Kolten2,Koltin9,Kolton1,Koltyn1,Kong6,Konnor4,Konrad1,Konstantinos2,Kooper1,Korban2,Korben5,Korbin3,Korbyn1,Korden1,Koren1,Korey1,Korrdell1,Korsen1,Kort1,Korvyn1,Kory1,Kosta1,Koston1,Kota1,Kovey1,Kowen1,Kowyn#,Baby Boy Names1,Koye1,Krar1,Kraven1,Krayden1,Kreden1,Kreedance1,Krew1,Kris9,Krish1,Krishiv2,Krishna1,Krishnan1,Krishneet1,Krislan1,Krissen7,Kristian2,Kristofer5,Kristopher1,Krsna1,Kruise2,Kruz1,Kruze2,Krystian1,Krystof3,Krzysztof1,Kshitij1,Kue-Gene1,Kuer1,Kueth1,Kunal1,Kunio1,Kuom1,Kuot1,Kurosh3,Kurt4,Kurtis1,Kurtus1,Kuryu1,Kushick1,Kutay1,Kwabena1,Kwasi-Boahene1,Kya1,Kyal4,Kyan1,Kyden2,Kye1,Kyelar1,Kyelen1,Kyezik#,Baby Boy Names5,Kylan4,Kylar69,Kyle2,Kylen9,Kyler1,Kyley1,Kylian1,Kyran1,Kyrann1,Kyray1,Kyrell3,Kyren1,Kyrie1,Kyron1,Kysen5,Kyson1,Kyton1,Kyus1,Kyzin1,L.J.1,Lac1,Lace13,Lachlan1,Lachlann1,LacWain1,LaDainian1,Ladainian1,Laerich1,Laiker1,Laine1,Laith2,Laken1,Lakhjyot1,Laksh1,Lakshay1,Lakshya2,Lam5,Lance1,Landan19,Landen2,Lander3,Landin63,Landon8,Landyn1,Landynn10,Lane1,Langdon1,Larix4,Larry3,Lars#,Baby Boy Names1,Larsen2,Larson1,Larz1,Lasse1,Laszlo1,Lat1,Lathen1,Latif2,Latrell1,Lauchlin2,Lauren1,Laurence1,Lauson1,Lavern5,Lawrence6,Lawson9,Layne1,Layten1,Laythan8,Layton1,Layton-Robbie-James1,Lazar4,Lazarus1,Lazura1,Lazzarith1,Lealand2,Leander1,Leandro2,Ledger1,Ledum2,Lee1,Leejay1,Leelan2,Leeland1,Leelend1,Leelind1,Leelynd1,Leevan1,Leewin1,Legacy7,Leif1,Leigh6,Leighton1,Leighton-Abraham1,Leiland1,Leith10,Leland1,Leleand1,Lelin1,Lelyn#,Baby Boy Names2,Lemar1,Lemuel3,Lennon6,Lennox1,Lenny1,Lenra16,Leo1,Léo5,Leon1,Leonard5,Leonardo1,Leonidas1,Leoniel2,Leopold2,Leroy1,Lesean1,Leslie1,Leston1,Letoius56,Levi2,Levon4,Lewis3,Lex1,Lexin1,Lexon2,Lexus2,Lexx1,Lexxin1,Lexxton1,Leyao1,Li231,Liam1,Liban1,Libon1,Liburn1,Liddell1,Lief1,Liem1,Liibaan1,Likhit54,Lincoln3,Lincon1,Lindan8,Linden1,Lindi1,Lingfei1,Ling-Hui2,Link2,Linken5,Linkin#,Baby Boy Names2,Linkoln2,Linus1,Linux1,Lionel1,Lioul-Samuel1,Liraz1,Livio1,Lleyton1,Lliam3,Lloyd1,Loakai2,Loay1,Lochlain7,Lochlan1,Lochland2,Lochlann1,Locke2,Locklan1,Loewen217,Logan1,Logen1,Loghan1,Lohan1,Loki1,Lokklan1,Lokula2,London1,Lonnie1,Loránd1,Loren16,Lorenzo1,Loreto1,Lorne1,Lou1,Louaie3,Louie1,Louik5,Louis1,Louis-David1,Louis-Pascal1,Lovuyo1,Lowan1,Lowen1,Loxley3,Lual7,Luc13,Luca1,Lucah188,Lucas1,Lucas-John#,Baby Boy Names1,Lucca2,Lucian3,Lucien1,Lucipher4,Lucius1,Lucus4,Luis10,Luka1,Lukan50,Lukas102,Luke1,Luken1,Lundyn1,Luqmaan1,Luqman1,Luther1,Luzcían1,Lwandiswa1,Lwinter2,Lydell1,Lydon1,Lyle4,Lynden1,Lyndon1,Lynkoln1,Lyon3,Lyric1,Lyriq1,Lyum3,Maaz1,Mabok1,Mac1,MaCabe1,Macarthur1,MacDonald1,Macen1,Macgregor1,MacIntyre1,Maciver1,Mackail1,Mackayle3,Mackenzie1,Macklen1,Mackley2,Macklin1,Maclaren2,Maclean1,Macord1,Macyn1,Madais#,Baby Boy Names9,Madden1,Maddex1,Maddison3,Maddix1,Maddoc1,Maddock24,Maddox2,Maddyn1,Maden1,Madex1,Madhav1,Madik1,Madison3,Madyx1,Maelen1,Maelon2,Magni4,Magnus1,Magun2,Mahad2,Mahamed1,Mahat1,Mahdi1,Mahdy-Ryad1,Mahid1,Mahikan1,Mahin2,Mahir1,Mahiveer4,Mahmoud1,Mahmud1,Maikal1,Maison1,Maiteland1,Maithias1,Majdi1,Makai1,Makalele1,Makayle1,Maker1,Maks10,Maksim1,Maksym3,Maksymilian1,Makumi12,Malachi1,Malaci6,Malakai1,Malau1,Malav#,Baby Boy Names19,Malcolm5,Malek1,Malex14,Malik1,Malikai1,Malikiah1,Malith1,Malkin1,Malwal2,Mamadou1,Maming1,Mamza1,Manbir1,Mance1,Maneet1,Manish1,Manix1,Manjot1,Manmohit1,Mannan2,Mannix3,Manny1,Manpreet4,Manraj2,Mansoor1,Mansur2,Manuel1,Manveer4,Manvir1,Manykuer1,Manyuon1,Manzal6,Marc1,Marc-André1,Marcas1,Marcau4,Marcel1,Marcél1,Marcell1,Marcelo1,Marchi1,Marcio9,Marco1,Marcoe1,Marcos61,Marcus13,Marek1,Mari1,Marial5,Mario#,Baby Boy Names19,Mark1,Markian1,Marklyn4,Marko2,Markos8,Markus1,Marley5,Marlo4,Marlon2,Marlow1,Marlowe1,Marques2,Marquez5,Marshal12,Marshall1,Mart1,Martes20,Martin1,Martino1,Marton1,Márton1,Marty1,Marveric7,Marvin1,Masen151,Mason1,Massey1,Massimiliano1,Massimo2,Masyn1,Matais1,Matei1,Matej19,Mateo1,Mateos3,Mateusz1,Mateyo1,Matheas1,Matheu20,Mathew5,Mathias1,Mathias-Alexander6,Mathieu2,Mathiew3,Mathis1,Mathurin1,Mathyous3,Matias1,Matija1,Matous#,Baby Boy Names1,Mats4,Matt1,Mattaeus1,Mattais16,Matteo2,Mattéo1,Mattheau204,Matthew7,Matthias6,Mattias1,Mattieu2,Mattix8,Maverick1,Mavi2,Mavrick51,Max1,Maxamus1,Maxance17,Maxim5,Maxime8,Maximilian2,Maximiliano1,Maximillan3,Maximillian1,Maximillion1,Maximino1,Maximo1,Maximose29,Maximus1,Maxsin5,Maxton40,Maxwell5,Maxx1,Maxximus1,Maxxum1,Maye1,Maysen2,Mayson2,Mazen1,Mazzen1,Mbondi1,Mckay1,McKennon1,McKinley1,McPears1,Medon1,Meeka1,Meelad1,Meena2,Mehar#,Baby Boy Names1,Mehfooz1,Mehmet1,Mehrad1,Mehraz1,Mehtaab1,Mehtab1,Mehul1,Mejor1,Mekail1,Mekhi1,Mekoh1,Mel1,Melani2,Melvin13,Memphis1,Menno1,Menteandes1,Merak1,Merick1,Merik2,Merric6,Merrick1,Merritt1,Meryk1,Messiah1,Mete2,Metro1,Mharvyn37,Micah3,Micaiah104,Michael1,Michael-Roberts1,Michal1,Michalis8,Micheal2,Michel1,Michele1,Michelle1,Mickaeel1,Mickelson1,Mickey1,Micklan1,Migelle10,Miguel1,Mihdi1,Miikka3,Mika1,Mikaden4,Mikael1,Mikaël#,Baby Boy Names2,Mikah4,Mike1,Mikeal3,Mikel1,Mikey2,Mikhail1,Mikiah1,Mikihiro2,Mikka1,Mikko1,Mikolas1,Mikyl1,Mikyle1,Milai4,Milan1,Milán15,Miles1,Miley3,Miller7,Milo1,Milon2,Min1,Mina3,Minh1,Minyang2,Miron1,Mischa1,Mishal1,Mitchel18,Mitchell1,Mitchum1,Mitz1,Mizero1,Moayed1,Mochen1,Moeed1,Moez6,Mohamad39,Mohamed1,Mohamedali1,Mohamedkadar1,Mohamedmutasim- Oussama19,Mohammad24,Mohammed1,Mohammedali1,Mohammed-Fatih1,Mohid1,Mohikam1,Mohmmad#,Baby Boy Names1,Mohsen1,Moïse1,Moksh1,Momen1,Monico1,Montana1,Montasir1,Monte1,Montgomery2,Monty2,Moosa1,Morad1,Mordecai16,Morgan1,Morgun1,Morley1,Morris1,Morrison1,Mosab2,Moses1,Mossa1,Motasem1,Mou1,Mouad1,Mouhamed1,Mouhamed-Taha1,Mouhammad1,Mourya1,Mozes1,Mrunank1,Muaad2,Muaaz1,Muadh1,Muamer1,Muayad1,Muaz1,Mubasher1,Muhamad36,Muhammad1,Muhammed1,Muhanad1,Muhasan1,Muhidin1,Muho1,Mujtaba1,Mukhtar1,Mukund1,Munahid1,Munawar1,Munib#,Baby Boy Names1,Muqadas1,Murad1,Murdoc1,Murphy1,Murray1,Murteda1,Murtuza4,Musa1,Musab1,Musaddiq1,Musaieb1,Muskwa8,Mustafa1,Mustapha1,Mutunga1,Muzamill3,Myan1,Mychael1,Myersun1,Myka1,Mykael1,Mykola1,Mykul1,Mylenn10,Myles1,Mylo1,Myrik1,Myron1,Mystic1,Mzamil1,Nabih3,Nabil1,Nachon1,Nader1,Nadhr1,Nadin2,Nadir1,Nafay2,Nahar1,Nahid2,Nahom1,Nahum1,Naish1,Nait1,Najhia2,Nakota1,Nam1,Nanbone1,Napew1,Napoleon#,Baby Boy Names1,Naqshum1,Narao1,Naren1,Naresh1,Naru1,Naseem1,Naseer1,Naser18,Nash1,Nason2,Natan1,Nataniel49,Nate216,Nathan7,Nathanael1,Nathaneal2,Nathanial61,Nathaniel1,Nathanil1,Nathan-Joshua1,Nathanyel3,Nathen1,Nathon1,Nathyis1,NatNail1,Natorious2,Nauman1,Naveed1,Naveen2,Navjot1,Navkaran1,Navkirat2,Navraj1,Navratan1,Navrattan1,Navsaaj1,Navtaz1,Nawaf1,Nawaz1,Nawved1,Nay1,Nayan1,Nayden1,Naythan1,Nazarene1,Nazeef1,Nazih1,Nazim1,Neal1,Nebay#,Baby Boy Names1,Nedal1,Neeklo3,Neel2,Neev3,Nehemiah6,Neil1,Neils1,Nellou3,Nelson1,Nenad1,Nephi4,Nevan1,Neven6,Nevin1,Nevis2,Nezar1,Ngong1,Ngor1,N'Hahnii2,Nhan1,Nhial1,Niall1,Nibodh1,Nicanor1,Niccolas1,Nicheal1,Nichlas1,Nichola121,Nicholas1,Nicholaus4,Nick2,Nicklas1,Nickolai8,Nickolas5,Nico40,Nicolas1,Nicolás1,Nicolis1,Nicolyn1,Nieko1,Niel5,Nigel1,Night1,Nihaal1,Nihat1,Nijat1,Nijel1,Nikalus1,Nikeel3,Nikhil#,Baby Boy Names3,Nikita1,Nikkolas3,Niklas4,Niko3,Nikola1,Nikolae5,Nikolai1,Nikolaos16,Nikolas1,Nikolaus1,Nikolay2,Nikosis1,NiKylo1,Nile1,Nils1,Nimish1,Nirvan1,Nischay1,Nishanko1,Nishit1,Nitay19,Nixon1,Nizar2,Noa201,Noah1,Noble1,Nodin5,Noel1,Noelan1,Noel-John1,Nofil1,Nohaa1,Nohl1,Nohlin99,Nolan3,Nolen1,Nolyn1,Noor1,Noorkamal1,Norasingh1,Norbet4,Norman1,North1,Nosaze1,Nshuti-Kinsey1,Nubaid1,Nuhad1,Nuif1,Nuno1,Nurdin#,Baby Boy Names1,Nyan1,Nyctea1,Nyden1,Nykolas1,Nyong1,Oaklee1,Oaklei5,Oakley1,Obaida1,Obama1,Obosamwinhiaye1,Obsa1,Obteen2,Ocean1,Octavian1,Octavio2,Oden4,Odin1,Oge1,Oghenerabome1,Oguzhan1,Ohlund1,Oilton1,Ojok-Acii1,Okun1,Oladimeji1,Olaf1,Olan1,Olanrewaju1,Olen3,Olin81,Oliver2,Olivier2,Ololade1,Olufikayomi1,Olufolakade1,Olulana1,Oluwadamilare1,Oluwadamilola1,Oluwafeikemi1,Oluwafifehanmi1,Oluwagbolahan1,Oluwajomiloju1,Oluwakaderera1,Oluwamayowa1,Oluwatise1,Oluwatobiloba1,Olyver2,Om23,Omar#,Baby Boy Names1,Omarri1,Omeed2,Omer1,Omotayo1,Omri1,Ondreaus1,Onesimus1,Onkar1,Onkit1,Onur1,Onyedikachi1,Onyx1,Optimus1,Ordell4,Oren3,Orin6,Orion2,Orland3,Orlando1,Orlo1,Oro4,Orrin2,Orson1,Osawasini12,Oscar1,Oshoze1,Osinachi1,Osirus2,Oskar1,Osric1,Otto1,Owain2,Owais1,Owan195,Owen2,Owin1,Ow-Yusuf1,Ozz1,Ozzy1,Paasha4,Pablo1,Pacen1,Paceson1,Paeden1,Pahul1,Paiden1,Pal1,Pall1,Pallav1,Palmer#,Baby Boy Names1,Panayote2,Pancho1,Pannos1,Panscho1,Panveer3,Paolo1,Paraclet1,Paramveer1,Paras1,Parasvir1,Parfait1,Parhom1,Paride91,Parker1,Parkes1,Parks3,Parmeet1,Parneet3,Parsa4,Pascal1,Passion1,Patric30,Patrick1,Patrick-Ryan1,Patryk24,Paul1,Paulo1,Pavan3,Pavel1,Paveldeep1,Pavitar1,Pavle1,Pawan15,Paxton1,Payson1,Payten15,Payton4,Pearce1,Peder1,Perez1,Perrin1,Perry1,Petar39,Peter1,Peyson28,Peyton1,Peyton-Jay1,Pharrell2,Pheonix9,Philip#,Baby Boy Names1,Philippe10,Phillip1,Philmone1,Philopateer4,Phineas1,Phinehas11,Phoenix1,Phouthone1,Phuc1,Piaoyi10,Pierce1,Pierre1,Pierric2,Piotr1,Piper1,Pitiya1,Placyd9,Porter1,Pourea1,Powell1,Prabh1,Prabhjot1,Prabhshan1,Prabhveer1,Prabhvir1,Pranaam2,Pranav2,Pratik1,Pravraj1,Preash1,Precious6,Presley31,Preston4,Prince1,Princejeet1,Priyam1,Prosper1,Prosper-Borngreat1,Prosper-Junior1,Prynce1,Psalm1,Psyon1,Pujeet1,Puok1,Purabsahib1,Puran1,Pwe1,Pyotr1,Qail2,Qais#,Baby Boy Names1,Qasim1,Qin1,Qinguhaaq1,Qorey1,Quade4,Quaid1,Quaide1,Quaiden1,Qualin1,Quan2,Quentin2,Quenton1,Quill1,Quillin1,Quin2,Quincy3,Quinlan1,Quinllan1,Quinlyn39,Quinn1,Quinnlin1,Quinnton1,Quintan3,Quinten6,Quintin9,Quinton1,Quintyn1,Quintynn2,Qwanell1,Qwynton1,Raafi1,Raahim1,Rabiullah1,Rad3,Radek1,Radoslav1,Radwan1,Raeden1,Raedence1,Raenan10,Rafael1,Rafa-Ul-Haq3,Rafay3,Rafe1,Rafferty1,Rafid1,Raghav1,Raheem2,Rahim1,Rahkeen#,Baby Boy Names1,Rahmaan3,Rahman1,Rahul1,Rahzell-Messiah2,Raidan10,Raiden1,Raidon1,Raif1,Raife1,Raily1,Rain5,Raine1,Rainer1,Rainy1,Rajan1,Rajarshi4,Rajdeep1,Rali2,Ram1,Ramez1,Rami2,Ramiz1,Ramsey1,Ramy1,Ran1,Ranalden1,Ranbir1,Rand3,Randell1,Randon12,Randy1,Rane1,Ranen1,Ranjodh1,Rankin1,Rannoch2,Ransom1,Ransome1,Ransym2,Ranvir3,Raphael2,Raphaël1,Rapheal2,Rashad1,Rashawnt1,Rasheed1,Rashid1,Rateb1,Raunak1,Raunik#,Baby Boy Names1,Rauri1,Raury1,Raveen1,Raven1,Ravjot1,Ravyn2,Rawad1,Rawlin5,Ray4,Rayan1,Rayburn1,Rayce9,Rayden1,Raydyn2,Rayhan1,Rayhon1,Raylan13,Raymond1,Raynan4,Rayne1,Raynen1,Raynon1,Rayshawn1,Rayver1,Raywin5,Rayyan3,Reagan1,Reagon12,Reece12,Reed2,Reede1,Reegan1,Rees11,Reese1,Reeve1,Reevr3,Regan1,Reggie1,Reginald1,Rehaan2,Rehan1,Rehman1,Rei41,Reid1,Reidd1,Reiko1,Reiley4,Reilly1,Rein1,Reis#,Baby Boy Names1,Rellik4,Remi3,Rémi1,Remington1,Remus1,Rendahl1,Rene1,Reneè1,Renko1,Renn3,Reno1,Renz1,Renzo1,Reshawn9,Reuben1,Reuel3,Rex1,Rexall1,Rexton1,Reyad1,Reynard1,Reyyan1,Rhaid1,Rhenz21,Rhett1,Rhiley1,Rhoen1,Rhoman1,Rhonan1,Rhyan1,Rhyden1,Rhyder1,Rhydian1,Rhyott33,Rhys2,Rhyse1,Rhythm-Li1,Rian1,Riaz4,Ricardo28,Richard1,Richardson9,Ricky2,Rico1,Ridah2,Riddick2,Ridge2,Ridley1,Ridwan1,Rigley#,Baby Boy Names1,Rigten1,Riiny1,Riker137,Riley1,Rineet4,Rio1,Rion1,Rios1,Riot2,Ripley1,Rishabh1,Rishav4,Rishi1,Ritchard1,Ritesh13,River1,Rivers1,Riyad1,Riyan4,Roan2,Roane1,Rob1,Robale2,Robbie1,Robeel1,Robel1,Robell41,Robert1,Roberto3,Robin1,Robindeep1,Robson7,Rocco1,Rochus1,Rock1,Rocklund1,Rockston2,Rockwell3,Rocky1,Rod1,Rodah1,Roddin2,Roddy1,Rode2,Roderick1,Rodin3,Rodney1,Rodolfo1,Rodrigo1,Roegen#,Baby Boy Names2,Roen1,Roenan3,Rogan2,Roger2,Rohaan1,Rohad2,Rohail1,Roham9,Rohan1,Rohandeep2,Rohanpreet1,Rohen2,Rohit7,Roland2,Rolland1,Romaan24,Roman1,Romano2,Rome4,Romeo1,Romero1,Romin1,Romy1,Ron1,Ronakvir5,Ronald17,Ronan1,Roncon1,Rone10,Ronin1,Ronit1,Ronmar1,Ronny1,Ronyn1,Rooney1,Roper1,Roran1,Rorry12,Rory1,Rosco1,Roshan3,Ross1,Rossi2,Rourke46,Rowan1,Rowdie1,Rowdy10,Rowen1,Rowman1,Rownell#,Baby Boy Names10,Roy1,Royam3,Royce1,Royette1,Rozin1,Ruari1,Ruban1,Rubben2,Ruben1,Rudi4,Rudra3,Rueben1,Ruegan1,Ruhab1,Rui1,Rumayo1,Rune2,Rush1,Rushi2,Russel11,Russell1,Russuel1,Rustan163,Ryan1,Ryanjit1,Ryann1,Ryanveer1,Ryatt1,Rydan10,Ryden118,Ryder1,Rydley1,Ryeko1,Ryelan1,Ryer2,Ryken28,Ryker1,Rykker1,Rykkin80,Rylan13,Ryland1,Ryle7,Rylee4,Rylen3,Ryler16,Ryley2,Rylie1,Rylon1,Rylynd1,Rynik#,Baby Boy Names1,Ryston1,Ryu4,Saad1,Sa'ad1,Saadman1,Saahas1,Sabaean2,Sabastian1,Sabbir1,Sabeeh3,Saber2,Sabir1,Sacha1,Sachiv1,Sadaan1,Sadak1,Sadek1,Sadou1,Safa1,Safaa1,Saffe3,Sage1,Sahaimon1,Sahaj1,Sahajdeep1,Sahajveer1,Sahayven1,Sahdev1,Saheal1,Sahej1,Sahen8,Sahib8,Sahil1,Sahilpreet4,Said1,Saidou1,Saige1,Saim1,Saiva1,Sajadali1,Sajan1,Sajin1,Sakib3,Salah1,Salahdine1,Salaheddine1,Salar3,Saleh3,Salman1,Salvador#,Baby Boy Names1,Salvatore12,Sam1,Samee1,Sameel5,Sameer1,Sameul6,Sami1,Samieh1,Samih2,Samin4,Samir1,Samirul1,Sammuel2,Sammy1,Sampson1,Samraat3,Samson3,Samual157,Samuel1,Samuele1,Sanampreet1,Sanchit1,Sándor1,Sandy1,Sanithu1,Sanjay1,Sanjiv1,Sansar1,Santbeer7,Santiago3,Santino1,Sanuka1,Sareer1,Sartaj1,Sarujan1,Saruulbold2,Sasha1,Satnaam1,Satoshi3,Saul1,Sauli1,Saurav1,Saviero1,Saw33,Sawyer2,Saxon1,Sayed1,Saymon1,Sazidul20,Scott#,Baby Boy Names1,Se1,Sealtiel9,Seamus1,Séamus56,Sean1,Sean-Preston1,Sebasitan55,Sebastian1,Sebastián1,Sebastiân5,Sebastien2,Sébastien1,Sebastion1,Sebastyen1,Sehaj1,Sehajvir1,Seiraj1,Sekove1,Selasi1,Sellek1,Selvin1,Semir1,Senesh1,Senul1,Sepehr1,Sephorian1,Sequoia2,Seren1,Serge1,Sergey5,Sergio101,Seth1,Seton1,SeungJin1,Seven1,Seydou-Hamidou1,Seyed3,Shaan1,Shabad1,Shaden1,Shadrach1,Shadrack1,Shae1,Shaeden1,Shael2,Shaemus1,Shafin1,Shah1,Shahab-Hossein2,Shaheer#,Baby Boy Names1,Shaheryar1,Shahmir1,Shahnoor1,Shahwaiz1,Shaihin1,Shaiz1,Shalin1,Shamir1,Shammah1,Shams4,Shamus1,Shandon15,Shane1,Shannon1,Shannveer1,Shaquan1,Sharayar1,Sharjeel1,Sharjwok3,Shaun1,Shaundell1,Shaurya1,Shavaiz2,Shawaiz14,Shawn1,Shawnee1,Shawnteis3,Shay1,Shayaan5,Shayan8,Shayden1,Shaydon2,Shaye1,Shayl1,Shaylen1,Shaymas1,Shaymus1,Shayzan7,Shea1,Sheamus1,Shehryar1,Shekinah1,Shelby11,Sheldon2,Shelton3,Shepard1,Sherandaz1,Sherif1,Sherman2,Shia#,Baby Boy Names1,Shigeo1,Shijiel1,Shilo2,Shiloh1,Shintaro2,Shiv1,Shivnesh1,Shjon1,Shlomo1,Sho1,Shobhnit1,Shogo2,Shotaro1,Shrey1,Shreyan1,Shuayb1,Shubham1,Shubhkaram1,Shujjar1,Shylis2,Shyne1,Siavash1,Sibit1,Siddharth7,Sidney15,Silas1,Silva1,Silvano1,Silvestro1,Silvio4,Simeon1,Simion44,Simon1,Simrat1,Simratpreet1,Sina1,Sinai1,Sinan1,Sin-Wook1,Sirani1,Siyah-Noble1,Siyang1,Skai1,Skailer1,Sky1,Skye1,Skylan12,Skylar21,Skyler5,Slade#,Baby Boy Names1,Slaite1,Slater4,Sloan2,Slone1,Sly1,Smyrth1,Smyth1,Sobhe2,Soham1,Sohan1,Sohann1,Sola1,Solas1,Soloman8,Solomon1,Soney3,Sonny3,Soren1,Soroush1,Sorush1,Soul1,Sound1,Sowany1,Soyuz1,Spark45,Spencer1,Spike1,Spiros1,Sriganeshram1,Sriman1,Sriniketh2,Stanislav6,Stanley1,Starveen1,Stav1,Steel2,Steele8,Stefan1,Stefangelo1,Stefano1,Steig1,Stelios15,Stephen6,Sterling1,Stetson5,Steve15,Steven1,Stevie2,Stewart1,Stian#,Baby Boy Names1,Stijn1,Stiles1,Stirling1,Stjohn3,Stone2,Storm1,Straeden2,Stran1,Straton1,Stratton1,Stryden1,Stryder1,Stryth3,Stuart1,Stylz-Chase1,Suber1,Subetey1,Sufyaan2,Sufyan1,Sugad1,Suhaan2,Suhaib1,Suhail1,Suheeb1,Sujal1,Sukhanpreet1,Sukhbir1,Sukhjit2,Sukhman2,Sukhmandeep1,Sukhmanjeet1,Sukhmunjot1,Sukhnoor1,Sukhpreet1,Sulayman1,Suleeman1,Suleman7,Sullivan1,Sultan1,Sumed3,Sumeet1,Sumeransh1,Sumit1,Summit1,Sunabara1,Sunay1,Sunday1,Sunmukh1,Sunny1,Sunshine#,Baby Boy Names1,Surush1,Sutten1,Sutter1,Sutton1,Swain1,Sworup1,Syart1,Sydeek5,Sydney15,Syed1,Sykes2,Sylas1,Syler1,Sylis1,Sylvio2,Syon1,Syrell1,Syver2,Szymon1,Taaha1,Taalib1,Tadem1,Taelon1,Taelyn1,Taeson1,Taeus1,Tafari1,Tag1,Tage8,Taha1,Taher1,Tahir1,Tahliek2,Tahsin1,Taidje1,Taiki1,Tailon1,Taim2,Taison2,Tait1,Taite2,Taiten1,Taivyn1,Taj1,Tajman1,Tajvir1,Takaru1,Takumi2,Talal5,Talan#,Baby Boy Names1,Taleb5,Talha1,Tallan1,Tallin1,Tallon1,Tallum11,Talon1,Talyn1,Talyx3,Tamer1,Tamim1,Tammar1,Tamzidul1,Tan1,Tanay1,Tane1,Tanis1,Tanish37,Tanner1,Tansen1,Tanush2,Tanveer1,Tanweer1,Tanyon1,Tanzim4,Tao1,Taos1,Tapiwa1,Taranpreet3,Tarek2,Taren1,Tareq1,Tarier2,Tarik1,Tarkan1,Tarman1,Tarver1,Taryn1,Tash1,Tashaan1,Tashawn1,Tashi11,Tate1,Tatsuki2,Tatum1,Tavaius1,Taven1,Tavian4,Tavin1,Tavion#,Baby Boy Names1,Taviour2,Tavis2,Tavish1,Tavius2,Tawfiq1,Tayber5,Tayden1,Taydin1,Taydon2,Taye1,Tayemak1,Tayjes2,Taylan1,Taylen1,Tayler22,Taylor1,Taym1,Tayo1,Tayshaun1,Tayshawn1,Tayte2,Tayton1,Tayven1,Tayzin1,Tazman5,Teagan4,Teagen1,Teague1,Teal'c1,Teayguian1,Teddy4,Teegan1,Tegakaljot3,Tegan1,Teghjit1,Tegvir1,Teigan2,Teigen1,Teiran1,Tejas1,Tejiri1,Tejus1,Tejveer2,Tejvir1,Temmy1,Temple1,Tenchi3,Tenzin1,Teodor1,Ter#,Baby Boy Names1,Terance1,Terees1,Tereka1,Terence1,Terik1,Teron6,Terrance2,Terrell3,Terrence1,Terris1,Terron2,Terry1,Terrynce1,Teryn1,Tethioach1,Tevi1,Teyang1,Teyo1,Thabani1,Thaddeus1,Thadeus1,Thaeden1,Thai1,Thaijon1,Thales1,Tham3,Thane1,Tharen1,Tharngoap1,Tharron1,Thatcher1,Thavin1,Thayden2,Thayne1,Theadore1,Thedren1,Theilan9,Theo2,Théo8,Theodore1,Theodoros1,Theodric1,Theophillius1,Theophilus6,Theoren1,Theran3,Theron2,Thiago1,Thijs94,Thomas#,Baby Boy Names3,Thor2,Thoren1,Thorfinn1,Thorin1,Thoryn2,Thunder1,Thyce1,Thygan5,Tiago1,Tian2,Tiberius1,Tidus1,Tiege2,Tieran1,Tieren3,Tiernan1,Tiernen2,Tighe1,Tijs1,Tilak4,Tim1,Timela2,Timmy1,Timotheus30,Timothy3,Tinashe1,Tioluwanimi1,Tirus1,Tishawn1,Titan1,Titas9,Titus3,TJ1,Tj1,Tobechukwu2,Tobey1,Tobi6,Tobias2,Tobin3,Toby5,Todd1,Tolbin1,Tolliver1,Tolulope4,Tom2,Toma6,Tomas2,Tomás1,Tommi7,Tommy#,Baby Boy Names1,Tomo8,Tony1,Tony-Tam1,Topher1,Tora1,Toran6,Torin2,Torren1,Torrin2,Torsten1,Torston2,Tory2,Toryn1,Toshiro1,Townsend11,Trace3,Tracen1,Tracy2,Trae1,Traelynd1,Traevon1,Trasen1,Trave1,Travell1,Traver1,Travers1,Travin23,Travis1,Trayceon3,Trayden1,Traysen1,Trayson5,Trayton1,Trayven1,Trayvis1,Tre1,Trear1,Treet1,Trendell1,Trennen7,Trent1,Trenten1,Trentin3,Trenton1,Treshawn1,Treston2,Trevin1,Trevon8,Trevor1,Trevyn#,Baby Boy Names15,Trey3,Treyden1,Treygon1,Treylin1,Treytan7,Treyton1,Treyvan1,Treyzen1,Tri1,Triger1,Trip2,Tripp139,Tristan1,Tristán1,Tristan-Alan29,Tristen1,Tristian8,Tristin1,Tristmar6,Triston1,Tristran3,Tristyn1,Tritan1,Triton26,Troy2,Tru1,Trueman2,Truman1,Trycen1,Trygg1,Trygve1,Trysean1,Trystan2,Trysten5,Trystin1,Trystn1,Tsepo1,Tsukasa11,Tucker1,Tudor1,Tuff1,Turi2,Turner1,Turuman1,Twesimire46,Ty1,Tybious4,Tyce1,Tycen1,Tydon#,Baby Boy Names1,Tydus7,Tye1,Tyeler1,Tylan1,Tylee1,Tylen110,Tyler1,Tyme1,Tymoor1,Tynan2,Tyran1,Tyraus1,Tyreece2,Tyreese2,Tyrel7,Tyrell2,Tyren3,Tyrese1,Tyrlese1,Tyron3,Tyrone1,Tyrrell1,Tyrrique2,Tyrus1,Tysen1,Tysenn85,Tyson1,Tyson-Earl1,Tyssen1,Tytus1,Tyven2,Ubadah2,Uday2,Udayjot2,Udayveer1,Udhay1,Udheypal1,Udit1,Uilliam1,Uja1,Ujjaldidar1,Uli2,Ulrich1,Uluhammad2,Umair4,Umar1,Umayr1,Umbar3,Umer1,Ungad#,Baby Boy Names1,Unnund1,Uplove1,Urban1,Uri4,Uriah1,Uriel1,Urijah6,Usman1,Uweys3,Uzair2,Vaan1,Vaasu1,Vaelan1,Vaidik1,Valen1,Valentine1,Valler4,Van4,Vance1,Vander1,Vandyn1,Vanek1,Vanian1,Vardaan1,Vardeep1,Varun1,Vasile1,Vasyl12,Vaughn1,Vayden1,Veasna2,Ved1,Vedang1,Vedant1,Veelo1,Veer1,Verclan1,Verike1,Vernon1,Vibhas1,Vicente1,Vickram15,Victor1,Vidak1,Vikram2,Viktor1,Vildan1,Vinay3,Vince25,Vincent#,Baby Boy Names1,Vincenzo2,Vineet2,Vinh1,Vinnie1,Virgil2,Vishal1,Vishwa2,Vladimir1,Vonsin1,Vorian1,Vusimuzi1,Vuyo2,Wacey8,Wade1,Wadih3,Wael1,Wahib1,Wakefield4,Waleed1,Walid8,Walker1,Wallace3,Walter1,Waly1,Wani1,Wantemwa1,Wantok1,Ward3,Warner6,Warren2,Warrick1,Wasey1,Wayde7,Waylon6,Wayne1,Wayne-Tyrone1,WeiHong1,Wenbo1,Wenhao1,Wenkey1,Wes17,Wesley1,Wesman1,Westen5,Westin1,Westley9,Weston1,Wevin1,Whytte1,Wieu#,Baby Boy Names3,Wil1,Wilder1,Wildman-Holloway1,Wildon6,Wiley1,Wilfred1,Wilfredo3,Wilhelm14,Will1,Willan1,Willard1,Willeim5,Willem178,William4,Willie1,Willow5,Willy5,Wilson1,Winefren6,Winston1,Wisam2,Wisdom1,Wisper1,Wissam1,Wol1,Wonn1,Woo-Jin1,Wouter1,Wren1,Wuon97,Wyatt1,Wyatte1,Wyclyff2,Wylder2,Wylie2,Wynn1,Wynton31,Xander1,Xane1,Xanen1,Xaquine1,Xavi1,Xavian1,Xaviar54,Xavier1,Xavier-David1,Xavier-Loïc1,Xavior1,Xenon1,Xerxes#,Baby Boy Names1,Ximon1,Xinlin1,Xylar1,Xyreez5,Xzander1,Xzayden1,Yaamin1,Yaannan1,Yaaseen1,Yabel1,Yabsera1,Yacine1,Yacoub1,Yacqub4,Yafet5,Yahya1,Yaiya1,Yakub1,Yaman1,Yamen1,Yanis1,Yaniv1,Yanni1,Yannick2,Yannis1,Yaqub4,Yaseen1,Yash1,Yashawn1,Yashraj3,Yasin1,Yasir1,Yasseen1,Yasser2,Yassin2,Yazan1,Yazeed1,Yeab1,Yeasin1,Yechezkel1,Yeewen1,Yegaita1,Yeguk1,Yehia1,Yehya1,Yel1,Yeshurun-Samuel1,Yia1,Yiming1,Ying#,Baby Boy Names1,Yisehak1,Yisrael1,Yll2,Ylli1,Yman1,Yoa1,Yoan1,Yoel1,Yogishwar1,Yoldas1,Yonadab2,Yonatan1,Yonathan1,Yong1,Yoo1,Yoonis1,Yosef1,Yossef1,Youdis1,Youniss6,Yousef3,Yousif8,Youssef2,Yousuf1,Yovraj1,Ysaak2,Yu1,Yuan1,Yuel1,Yue-Xing1,Yuhao1,Yuhi1,Yunis4,Yunus1,Yuri1,Yurik1,Yuriy1,Yusef1,Yusif2,Yusof11,Yusuf1,Yutah11,Yuvraj1,Zaaher3,Zac1,Zacaria3,Zach1,Zacharee1,Zacharia7,Zachariah#,Baby Boy Names129,Zachary8,Zachery1,Zachory6,Zack1,Zackari22,Zackary1,Zackerhia8,Zackery1,Zade1,Zaden1,Zadin1,Zaeden1,Zafar1,Zaffery1,Zafirul1,Zahed1,Zahir1,Zaib6,Zaid1,Zaide2,Zaiden1,Zaidin1,Zaidon1,Zaidyn12,Zain1,Zain-Bin1,Zaine2,Zak1,Zakarhy1,Zakariah2,Zakariya2,Zakary1,Zakery1,Zakhi3,Zaki1,Zakk1,Zakkariah2,Zakkary1,Zakkery1,Zaknafein1,Zakoda1,Zaman1,Zamir17,Zander1,Zandyn12,Zane1,Zaniel1,Zaquery1,Zareh2,Zarek#,Baby Boy Names1,Zaric1,Zario2,Zarren5,Zavier1,Zayaan4,Zayan10,Zayden1,Zaydyn3,Zayed2,Zayin1,Zaymien1,Zayne1,Zayvior1,Zayyam1,Ze1,Zebulun1,Zebyn1,Zecharya2,Zed1,Zedann1,Zedric1,Zeedan1,Zeeshan1,Zeinedine1,Zekariah3,Zeke1,Zekun1,Zen1,Zenneth1,Zeo1,Zephan3,Zephaniah1,Zephery1,Zephram1,Zephran1,Zephrym1,Zephyn1,Zephyr1,Zeppelin1,Zerubbabel1,Zethan2,Zev1,Zeya1,Zeyad1,Zheer1,Zhiyuan2,Zi1,Zia2,Ziad1,ZiJia#,Baby Boy Names1,Zildjian1,Zimo1,Zin4,Zion1,Ziyad1,Ziyan1,Zo2,Zohaib1,Zohair1,Zoraiz2,Zoravar1,Zoyi2,Zubair1,Zubayr1,Zubeir1,Zuhair1,Zuheb1,Zulkifl1,Zy1,Zydny1,Zyler1,Zyon