#,Baby Boy Names2,Aadam1,Aadan2,Aadarsh8,Aaden1,Aadil1,Aadit1,Aadrian2,Aadyn1,Aahan1,Aahron2,Aaiden1,Aakash1,Aakif1,Aalay1,Aamir1,Aaqil1,Aaran5,Aarav1,Aaren1,Aarish6,Aariz62,Aaron2,Aarush1,Aaryaan-Ahmad4,Aaryan6,Aayan1,Aayanan1,Aayat1,Abakar1,Abbas1,Abdalla6,Abdallah1,Abdalrahman1,Abdelmajeed1,Abdelmajid1,Abdelmalek1,Abdelmohy1,Abderrahim1,Abdi1,Abdimalik1,Abdinur1,Abdirahman1,Abdourahman1,Abdou-Salam10,Abdul1,Abdulaziz1,Abdulfatah1,Abdul-Ghani1,Abdul-Kareem10,Abdullah#,Baby Boy Names3,Abdullahi3,Abdulmalik1,Abdulmoiz2,Abdulrahman2,Abdul-Rahman1,Abdulrehman1,Abdurahman1,Abdurrafay2,Abdurrahman1,Abdur-Rahman2,Abe3,Abel1,Abhayjot1,Abheman4,Abhijot1,Abhiroop1,Abhishek1,Abidemi1,Abiel1,Abiodun1,Abraam10,Abraham3,Abram1,Abrar1,Abu1,Abukar1,Abyan1,Abyaz1,Abyenabiy6,Ace1,Acey1,Acheron1,Achileus1,Achilis3,Achilles1,Achim1,Achraf1,Achuil135,Adam1,Adan1,Adarius2,Addam3,Addison1,Adebomi1,Adel1,Adeleon15,Aden1,Adeodatus1,Adeon1,Adeyele#,Baby Boy Names1,Adham1,Adian1,Adien1,Adil4,Adin1,Adison1,Adit9,Aditya1,Adiyaan1,Adli1,Admer1,Adnan1,Adolfo2,Adonai2,Adonay2,Adonis1,Adreus1,Adriaen37,Adrian1,Adriano1,Adriel3,Adrien1,Advitiya2,Adyan2,Adyn2,Aedan1,Aédán2,Aeden1,Aedrich1,Aeiden1,Aero1,Aeron1,Aeson1,Aevynn1,Afan1,Afnan2,Agam1,Agamdeep1,Agang1,Agor1,Agyapal1,Ahil1,Ahkostew21,Ahmad20,Ahmed1,Ahmedkaisa1,Ahmedyar1,Ahnaf1,Ahren1,Ahrshanth#,Baby Boy Names1,Ahsan2,Ahyan63,Aidan150,Aiden1,Aiden-James1,Aiden-Seung3,Aidyn1,Aieden2,Aikam1,Aikamveer1,Aiker1,Aimal1,Aimon1,Ainsley1,Aison1,Aiyan1,Aizik1,AJ1,Ajang4,Ajay1,Ajeet1,Ajerek2,Ajit1,Ajmal1,Akash1,Akasha1,Akashdeep1,Akbar1,Akeel1,Akent1,Akinyemi1,Akir2,Akira1,Ako2,Akol1,Akram1,Akrem1,Akriel1,Akryn1,Aksel1,Akshaj1,Al1,Alaa1,Alaap1,Alamvir4,Alan1,Alaric1,Alastair1,Alaz16,Albert#,Baby Boy Names2,Alberto1,Albi3,Aldin1,Aldon1,Aldric2,Aldrin11,Alec1,Alei6,Alejandro1,Aleks1,Aleksa4,Aleksander1,Aleksei1,Aleksey1,Alekzander1,Alekzandr1,Alen1,Alerion2,Ales1,Alesandro3,Alessandro1,Alessio51,Alex1,Alexandar224,Alexander1,Alexander-Jamie10,Alexandre1,Alexandros2,Alexavier1,Alexei1,Alexender1,Alexi1,Alexis1,Alexy4,Alexzander1,Alexzyander1,Aleyeldeen1,Alfa1,Alfadil1,Alfie1,Alfred44,Ali1,Alias1,Alier1,Alija1,Alijah2,Alikae1,Ali-Malik1,Alind1,Aliou#,Baby Boy Names1,Alistair2,Alister1,Alix1,Aliyaan1,Aljhoneil1,Alkhalil5,Allan8,Allen2,Allister1,Ally1,Alman1,Alojanwrei1,Alonso3,Alonzo1,Alperen1,Alpha1,Alphonse1,Al-Qasim1,Alrik1,Altaf1,Altin6,Alvin1,Alyan1,Alyas1,Alyer1,Aly-Muhammad1,Amadé1,Amadeo1,Amadou2,Aman1,Amanpreet1,Amanual3,Amar1,Amari1,Amaury1,Ambroise2,Ambrose1,Amedeé2,Amedeo4,Ameen5,Ameer1,Ameer-Ul1,Amel2,Amen1,Amin7,Amir2,Amit1,Amitoj1,Amjad1,Amjed#,Baby Boy Names1,Ammaar3,Ammar3,Ammon1,Ammtoj1,Ammtoj-Singh4,Amos1,Amour4,Amrit1,Amro1,Amtaj1,Amulius1,Amzar1,An1,Anad1,Anakh2,Anakin1,Anand1,Ananias1,Anany6,Anas1,Anastasios1,Anay1,Andell3,Anders13,Anderson1,Andi1,Andin1,Andon7,Andre4,André6,Andreas1,Andrei1,Andrej5,Andres2,Andrés118,Andrew1,Andrew-Alexander3,Andrey13,Andy1,Aneek1,Anees1,Anei15,Angad1,Angat1,Angaw1,Anged1,Angel1,Angel-Gabriel8,Angelo1,Angil#,Baby Boy Names12,Angus1,Aniruddh1,Anirudh1,Anish1,Anmol1,Anoang1,Anso4,Anson1,Antai2,Antero68,Anthony1,Anthony-James1,Antoine5,Anton1,Antoni1,Antonie15,Antonio1,Antony1,Antwan1,Anufrii2,Anwar2,Apollo1,Aquay1,Aquila1,Aquisten1,Arach1,Arafat1,Aragorn1,Araiz1,Aram1,Aramis1,Araoluwa1,Arash2,Arav1,Araz1,Arceo1,Arch1,Archelle4,Archer3,Archie1,Archimedes1,Arcie1,Arconen2,Arda6,Arden1,Ardyn3,Areeb1,Areen1,Areer1,Aremais#,Baby Boy Names2,Aren1,Ares1,Argyll1,Arhaan3,Arham7,Ari1,Arian1,Ari-Daniel1,Arief1,Ariel-Allan2,Aries1,Arin1,Aris1,Arision1,Ariz2,Arjan1,Arjay10,Arjun1,Arkadius1,Arkyn1,Arlen1,Arley4,Arlo11,Armaan6,Arman2,Armand1,Armandeep2,Armando1,Armani1,Armen1,Armin1,Arnaud2,Arnav1,Arnesh1,Arnhem3,Arnold4,Aron1,Arpan2,Arran1,Arron1,Arsanios1,Arsene1,Arshaan1,Arshan1,Arshdeep1,Arshia1,Arshmaan1,Arshnoor10,Arthur1,Artin#,Baby Boy Names1,Arul1,Arun1,Arundeep3,Arvin1,Arvinjit1,Arwam2,Arya1,Aryaan12,Aryan1,Asa1,Asad1,Asani1,Asfar3,Ash1,Asha1,Ashaz36,Asher1,Ashiviin1,Ashley2,Ashmeet1,Ashtein1,Ashten2,Ashtin54,Ashton1,Ashton-Kain1,Ashtyn2,Ashwin1,Asim1,Asiniy2,Aspen1,Asser1,Assirem2,Aston1,Ata1,Atak3,Athan1,Atharava1,Athavan2,Athrun1,Atiullah3,Atlas1,Atlin3,Atreyu5,Atticus1,Attila1,Atym2,Aubrey1,Aubry1,Augden1,Augest#,Baby Boy Names8,August2,Augustus1,Auley1,Aurash5,Austen161,Austin3,Austyn1,Auvjot1,Auxtyn3,Aven29,Avery1,Avian1,Avidaan2,Avijeet1,Avijyot1,Avin1,Avinash1,Avinoor1,Avneer1,Avraj1,Avraz1,Avrey1,Avroan1,Avyn1,Awais1,Awel1,Aws6,Axel2,Axl3,Axle1,Axon4,Axton1,Axxel10,Ayaan1,Ayalow2,Ayan1,Ayaz3,Aydan51,Ayden3,Aydin1,Aydyn1,Ayed1,Ayham1,Ayiei1,Ayivan-Dylan3,Ayman1,Aymen1,Ayom3,Ayoub1,Ayrton#,Baby Boy Names1,Ayson2,Ayub1,Ayush1,Ayvenn2,Azaan1,Azadveer1,Azam1,Azan1,Azariah1,Azaya1,Azkal1,Azlan1,Azmain1,Azo1,Azrael1,Aztlan1,Babalo1,Babir1,Baby1,Badaoui2,Baden1,Baha1,Bahaa1,Bahaeldean1,Bahta3,Bailey1,Bajram1,Balen1,Baljot1,Balraj1,Balroop1,Baltej1,Banio1,Bao2,Baran2,Barclay1,Barett1,Barlas1,Barnabas2,Baron1,Barrak1,Barramey1,Barret4,Barrett1,Barrie1,Barron2,Barry1,Baryn2,Bashir2,Basil#,Baby Boy Names1,Basileo1,Basit1,Bassel1,Bastian1,Basy2,Bauer1,Baxley1,Bayley1,Baylian11,Beau2,Beck1,Beckam2,Beckem7,Beckett3,Beckham1,Bekkett2,Belal1,Belmin18,Ben1,Beneche7,Benedict1,Benett1,Benhard2,Beniamin3,Benicio214,Benjamin1,Benjamín1,Benjermin1,Benjimin1,Benjoshua1,Bennet25,Bennett1,Bennette1,Bennie8,Benny1,Benny-Thiessen-Reimer1,Beno1,Benoit5,Benson1,Bensyn10,Bentley1,Beran1,Berat1,Bereket1,Berg2,Bergen1,Berkeli3,Berkley1,Berlin1,Bernabe#,Baby Boy Names1,Bernard2,Bernhard1,Bernie1,Bert1,Berzan1,Besharat1,Bhajman1,Bharat1,Bhavjot1,Bhavtaj1,Bielle1,Bikramjit3,Bilal1,Bill1,Billal5,Billy1,Bin1,Bir1,Birk2,Bishop1,Bisman1,Bison1,Bjay1,Bjorgvin1,Björn3,Blade3,Blaine4,Blair2,Blaise3,Blaize64,Blake1,Blakeley1,Blayke2,Blayne1,Blayze3,Blaze1,Blazen1,Blazze1,Blonlee1,Blu3,Bo1,Boaz4,Bobby3,Bode2,Boden1,Bodhe5,Bodhi1,Bodie1,Boe1,Bogdan#,Baby Boy Names1,Bohdan1,Bohdi1,Boikago1,Bol1,Boluwatife1,Bongnwi1,Boothe3,Bosco1,Bosit1,Boss11,Boston1,Botan1,Botond2,Boubacar1,Bow1,Bowan3,Bowden1,Bowdry2,Bowen1,Bowie2,Bracken2,Braddock14,Braden1,Bradeyn1,Bradin1,Bradlee16,Bradley2,Bradly1,Bradon51,Brady5,Bradyn1,Brae5,Braedan13,Braeden3,Braedon1,Braeker7,Braiden1,Braidy1,Brain1,Brake1,Bram1,Brand2,Branden1,Brandin62,Brandon4,Brandt1,Brandyn1,Brang1,Brannon2,Branson#,Baby Boy Names6,Brant1,Bravin1,Braxten1,Braxtin25,Braxton1,Braydan79,Brayden8,Braydon1,Brayen1,Brayker1,Braylee1,Braylon1,Braysen1,Brayton1,Brecken1,Breckin1,Breden2,Brekyn1,Brenan17,Brendan14,Brenden4,Brendon22,Brennan7,Brennen1,Brenner1,Brennon4,Brent1,Brenton1,Brentt5,Bret3,Breton20,Brett1,Brexton1,Breyden1,Briallen10,Brian2,Brice1,Briggs2,Brigham1,Brighton1,Bristol1,Britten1,Britton3,Brixton3,Broc19,Brock1,Brockson7,Broden3,Broderick1,Brodey#,Baby Boy Names1,Brodhi2,Brodi13,Brodie2,Brodin96,Brody1,Brodyn1,Broedy7,Brogan1,Broker1,Brom1,Bron5,Bronson2,Bronsyn2,Bronx1,Brook1,Brooker1,Brooklyn1,Broxton7,Bruce1,Bruk1,Brunei1,Bruno10,Bryan1,Bryant1,Bryar29,Bryce6,Brycen9,Bryden1,Brydin4,Brydon1,Bryken1,Brylan1,Brylin1,Bryn1,Brynmor1,Brysen15,Bryson1,Bryten1,Brytin3,Bryton1,Buddie1,Bukhosi1,Bulchaa1,Burg4,Burke1,Burraq2,Burton1,Butch1,Byran6,Byron#,Baby Boy Names1,Cace4,Cache1,Cacheton1,Cadan19,Cade33,Caden3,Cadence1,Cadense5,Caeden1,Caedon1,Caedus7,Cael3,Caelan1,Caele3,Caeleb1,Caelen1,Caelen-Jairo1,Caelum1,Caelus1,Caen1,Cage1,Cahl3,Cai9,Caiden1,Caidence2,Caidyn1,Caije1,Caileb1,Cailin1,Caillam5,Cain1,Caine1,Caios2,Cairo1,Caisen1,Caito4,Caius2,Calan4,Calder9,Cale117,Caleb1,Caleb-Kato1,Calem1,Calen1,Calin2,Calix1,Callahan2,Callen1,Calli31,Callum#,Baby Boy Names7,Calum20,Calvin1,Cam9,Camden86,Cameron5,Camilo2,Campbell2,Camren1,Camron2,Canaan1,Cannon1,Canon1,Canyon3,Carl1,Carlin1,Carlisle1,Carlito2,Carlo10,Carlos1,Carman1,Carmel2,Carmine1,Carrson4,Carsen90,Carson2,Carsten2,Carsyn182,Carter1,Carther7,Carver1,Carvor2,Cary1,Cas3,Case9,Casey31,Cash1,Cashis1,Cash-Joseph2,Cashton1,Cashus1,Casimir2,Cason1,Cassdon1,Cassel1,Cassidy1,Cassim7,Cassius1,Castian2,Cavan1,Cayd#,Baby Boy Names36,Cayden1,Caydin1,Cayleb1,Caylem1,Caylix1,Caylum1,Cayne1,Cayson1,Cazen3,Cecil1,Cedar2,Cedric2,Cedrick1,Cédrick1,Ceiran13,Chace4,Chad1,Chadden1,Chahatbir1,Chaim1,Chainer2,Chale1,Chan12,Chance1,Chandan2,Chandler1,Chandyn1,Chanvir1,Chaos1,Chaplin1,Charana1,Charbel41,Charles1,Charles-André1,Charles-Antoine3,Charley26,Charlie129,Chase1,Chasen1,Chaseten1,Chasez1,Chauncey1,Chavis5,Chayce8,Chayse1,Chayss5,Chayton4,Chaz1,Che1,Cheamus#,Baby Boy Names1,Cherubim1,Chester2,Chet1,Chetan1,Chethan1,Chett1,Chevelle1,Chevey2,Chevi4,Chevy1,Chey1,Cheyanne1,Cheyenne1,Chez1,Chi1,Chiagoziem1,Chibueze1,Chiegozie1,Chikeziri1,Chiko1,Chikomborero1,Chimelumma1,Chisom1,Cholo1,Chranjot7,Chris1,Chrisostomos1,Christan56,Christian1,Christoph60,Christopher1,Chriszean1,Chrystin1,Chuck1,Chudier1,Chukwuemeka7,Cian1,Ciaran1,Claey7,Clark1,Clarke1,Clarkson3,Clay1,Clayson12,Clayton1,Cleber1,Clement1,Cleo1,Clifford1,Clifton#,Baby Boy Names2,Clint1,Clinton4,Clive1,Cloud1,Coalton1,Coban2,Coby1,CoCo1,Coden1,Codey1,Codrin45,Cody1,Coehn10,Coen2,Cohan79,Cohen1,Cohyn1,Colbie27,Colby127,Cole3,Coleman27,Colin9,Collin1,Colm1,Colson1,Colsten1,Colsyn2,Colt11,Colten3,Colter3,Coltin57,Colton1,Coltyn1,Conall2,Conan1,Conlan2,Conley1,Connall1,Connar1,Connelly23,Conner140,Connor1,Connor-Lee12,Conor4,Conrad2,Conroy3,Constantine69,Cooper1,Corb4,Corban#,Baby Boy Names1,Corben31,Corbin2,Corbyn1,Cordae2,Cordell1,Corey1,Corgan2,Corin1,Cormac2,Cornel4,Cornelius2,Cornell1,Corny1,Corom1,Corrado1,Cort1,Cortlan3,Corvin1,Corwin3,Corwyn7,Cory1,Costello1,Costin1,Coulbourn1,Coulson1,Coulter1,Courtney1,Covey2,Cowan1,Cowen5,Coy1,Coyne3,Craig1,Craytin1,Crazyhorse3,Creed2,Creighton1,Cresten1,Crestin3,Crew1,Crewe1,Crimson7,Cristian2,Cristiano1,Cristobal1,Crosbey1,Crosby1,Cross1,Cru2,Crue#,Baby Boy Names37,Cruz1,Cruze1,C'thn3,Cullen1,Cullin1,Curian17,Curtis1,Cuyler1,Cyler1,Cylis1,Cylus1,Cyphr3,Cypress1,Cyrano3,Cyril1,Cyrion1,Cyris4,Cyrus2,Da1,Daan1,Daanial1,Daaniyal1,Daawud1,Dade1,Daecota2,Daegan1,Daegen1,Daelen1,Daelin1,Daelon2,Daemon1,Daevon1,Dagan1,Daggan1,Dagonet1,DahKarai1,Daidyn1,Daigan1,Daiki1,Daileas1,Dailyn3,Daine1,Dainiel1,Dairrius1,Daiton1,Dakodah12,Dakota1,Daksh1,Daksyn1,Dalakay#,Baby Boy Names1,Dalarian1,Dale1,Dalen1,Daley1,Dalin4,Dallan14,Dallas1,Dallen5,Dallin1,Dallon1,Dallyn1,Dalrick9,Dalton1,Dalyn1,Daman1,Damek1,Damen1,Dameon1,Damery28,Damian25,Damien1,Damillion1,Damilola3,Damion1,Damion-Alexander1,Damiyan12,Damon1,Damus4,Dan1,Dana1,Dandre43,Dane1,Danek1,D'Angelo162,Daniel3,Daniyal1,Daniyar1,Dannis13,Danny14,Dante3,Danté1,Danush1,Danyal1,Darae1,Darcey4,Darcy1,Darek1,Dareyon4,Darian4,Darien#,Baby Boy Names2,Dario1,Darion24,Darius1,Dar'ius1,Darman1,Darnell9,Darren1,D'arren1,Darrius1,Darryl1,Darsnoor5,Darwin2,Daryl1,Daryle1,Daryn2,Dasan1,Dashawn3,Dashiell1,Dason1,Dat1,Daud3,Dave1,Daven1,Davendre1,Daveon2,Davian111,David1,David-Patrick8,Davin1,Davion9,Davis2,Davon5,Davyn1,Dawar1,Dawid1,Dawit46,Dawson12,Dax1,Daxe2,Daxen3,Daxon2,Daxson2,Daxten1,Daxtin12,Daxton2,Daxx1,Daxxen1,Daxxon1,Dayce1,Dayden#,Baby Boy Names1,Daylan1,Daylen2,Daylin1,Daymien3,Daymond1,Dayne1,Daynin1,Daynon4,Dayson1,Dayten15,Dayton1,Dayvon1,Daywin1,Dayyan16,Deacon5,Deagan1,Deakin1,Deakon9,Dean1,DeAndre1,Debanhi46,Declan1,Declen1,Declin1,Dedeep1,Dee7,Deegan1,Deegen1,Deen5,Degan3,Deklan1,Delbert1,Delsin1,Delwin1,Demetreius1,Demetris1,Deminico3,Demir2,Demitri4,Deng2,Deni3,Denim1,Denis1,Deniz9,Dennis3,Denny1,Denry2,Denton9,Denver4,Denzel#,Baby Boy Names1,Deo3,Deon1,Deondre1,Deontae17,Derek2,Derick1,Derin1,Deris1,Derrek1,Derrell3,Derrick1,Derrik1,Deshaan2,Deshaun13,Desmond1,Desmund3,Dev1,Devan2,Devansh2,Devaun5,Deven25,Devin2,Devlin1,Devlyn27,Devon1,Devontae1,Devraj1,Devrajsinh1,Devrath1,Devrey1,Devun1,Devyn1,Dewart2,Dex1,Dexsyn31,Dexter1,Dextin1,Dezerek1,Dezman1,Dezmin1,Dezmon1,Dezmond1,Dhal4,Dhruv1,Dice1,Diedrich18,Diego11,Diesel1,Dieu2,Diezel#,Baby Boy Names1,Dijee1,Dilaver1,Dileep4,Dillan1,Dillian1,Dillin1,Dillion9,Dillon1,Dilman2,Dilraj3,Dimitri1,Dimitris1,Dinh-Phat1,Dini1,Diogo9,Dion1,Dioncarlo1,Dionicio1,Dionne1,Divine1,Divjot1,Divyansh1,Diwan2,Dixon1,Dj2,Dmitri1,Dolin2,Domanic1,Domanick4,Domenic4,Domenico92,Dominic8,Dominick15,Dominik1,Dominique1,Domino1,Domnick1,Domonic1,Don3,Donald17,Donovan1,Donte3,Dorian5,Douglas1,Douryosh1,Draco1,Draeton1,Draevyn1,Dragan1,Drai#,Baby Boy Names23,Drake8,Draven12,Drayden1,Draydin1,Draylon1,Drayson4,Drayton1,Draytonvance1,Drayven1,Drayvyn1,Drayzen1,Drazen1,Dré1,Dre'Den1,Dredyn2,Dresden17,Drew1,Dreycen1,Dreydan2,Dreyden2,Dreyson2,Dreyton1,Dre'Zell1,Drinnan3,Dryden1,Dryton1,Dubem2,Duke1,Dulten1,Dumo12,Duncan1,Durez1,Durrell1,Dushean20,Dustin3,Dusty1,Dustyn1,Dustynn1,Dwayne2,Dwight1,Dwij133,Dylan1,Dylane1,Dylen1,D'ylen2,Dyllan1,Dyllann1,Dyllin1,Dylon1,Dymon#,Baby Boy Names1,Dysen4,Dyson1,Dzeo1,Eagle2,Eamon2,Ean1,Earl2,Eason1,Easten44,Easton4,Eastyn2,Eathan1,Eban1,Ebenezer1,Ebers1,Ebissa1,Echo1,Eddie1,Eddy2,Eden2,Edgar1,Edgerrin1,Edidiong-Abasi2,Edmond1,Edmund1,Edrian1,Edric1,Edrissa1,Eduard35,Edward7,Edwin1,Eeston1,Eethan2,Efrem1,Egan1,Ege1,Egypt1,Ehab1,Ehan1,Ehidebame1,Ehsan1,Eisa1,Eishaan1,Eissa1,Eitan1,Eithan1,Eito1,Ekamjot1,Ekansh1,Ekavir#,Baby Boy Names1,Ekin1,Ekjoban1,Eladio1,Eldon1,Eldren1,Elead1,Eleazer1,Elhaam1,Elhaj33,Eli2,Elian27,Elias1,Eliase3,Elie1,Eliel56,Elijah1,Elijiah2,Elion1,Elionai1,Elior3,Eliot1,Éliot1,Eliseo2,Elisha1,Elisik1,Elisjha1,Elix1,Eliya1,Elkan2,Elkanah27,Elliot13,Elliott8,Ellis1,Elnathan1,Elohim1,Elonzo1,Eloy1,Elron1,Elson1,Eltion1,Elvis2,Elyas1,Emaad1,Emad3,Emanuel1,Emeri1,Emerrit18,Emerson9,Emery1,Emiel#,Baby Boy Names2,Emil1,Emile1,Émile2,Emiliano5,Emilio2,Emir1,Emiru11,Emmanuel1,Emmerson4,Emmet29,Emmett1,Emmit2,Emmitt1,Emmytt1,Emory1,Emran1,Emrick1,Emron1,Emryk1,Endrit1,Enoch1,Enrico1,Enrique1,Enrrik1,Enuka1,Enzie6,Enzo1,Eoghán2,Ephraim3,Ephram1,Ercüment1,Erek1,Eren68,Eric1,Éric1,Erick1,Ericlindross25,Erik1,Erikson1,Erkan1,Ernest1,Ernesto4,Ernie1,Ernik1,Eros1,Erotokritos1,Errol1,Eryk1,Esam1,Esben#,Baby Boy Names1,Esey1,Eshaan1,Eshan1,Esiah1,Espenn1,Espyn1,Esrome1,Essa1,Essen1,Essex2,Esteban1,Estévan1,Eston336,Ethan1,Ethaniel1,Ethan-James1,Ethan-Kota2,Ethen1,Ethyn2,Etienne1,Étienne1,Eton1,Euestace1,Eufre4,Eugene1,Eunjiroh1,Eunwoo1,Euri1,Evaan1,Evame163,Evan1,Evander1,Evans1,Even2,Ever34,Everett2,Everrett1,Everson1,Evin3,Evrett23,Ewan1,Ewert1,Exodis4,Eyad1,Eydel1,Eylam1,Eyob1,Eyobe2,Eyosias1,Eytan#,Baby Boy Names1,Ezaan1,Ezana1,Ezekeal1,Ezekial12,Ezekiel1,Ezekiel-James1,Ezequiel1,Eziekael1,Ezr23,Ezra2,Ezrah1,Ezreal1,Ezryn1,Fabio1,Fabiyan1,Fabrice1,Fahim1,Faiq2,Faizan1,Falien1,Faran2,Faraz1,Fareed1,Farhaan3,Farhan3,Faris1,Fariss1,Farran1,Faseeh1,Fatih1,Fayiah1,Feenix19,Felix5,Félix1,Ferdous1,Fergus2,Ferlin4,Fernando1,Festus1,Fiifi2,Filip2,Findley1,Finian4,Finlay12,Finley26,Finn7,Finnegan1,Finneus1,Finnigan1,Finnlay#,Baby Boy Names4,Finnley1,Finton1,Firas1,Firer1,Fita5,Fletcher1,Flint1,Florence1,Florian1,Florrenz2,Flynn1,Folly-Noah1,Ford1,Forester1,Forrest1,Forrester3,Foster3,Fox1,Francek1,Francesco1,Franchesco4,Francis2,Franco1,Francois-Junior7,Frank1,Franklin2,Franky3,Franz3,Fraser1,Freddy2,Frederic1,Frédéric5,Frederick1,Fredrick1,Freedom1,Frieden1,Fritz1,Fuhad1,Furkan1,Furqan1,Fuyuki5,Fynn2,Gabe1,Gaberial2,Gaberiel1,Gabreal1,Gabreil1,Gabrial128,Gabriel1,Gabriel-Iwasam#,Baby Boy Names1,Gabrile1,Gabryan1,Gabryel1,Gabrylle64,Gage1,Gage-Donrick1,Gahvin6,Gaige1,Gajaananan1,Galen1,Gallagher2,Gannon1,Garang1,Garen2,Garett1,Garid1,Garnet1,Garnett1,Garon1,Garret1,Garreth10,Garrett2,Garrin1,Garron1,Garth1,Garv4,Gary1,Gatwech4,Gauge1,Gaurav1,Gavan3,Gaven119,Gavin1,Gavinn1,Gavri2,Gavriel4,Gavyn1,Geet1,Geir1,Gem2,Genesis1,Gennaro2,Geo3,Geoffrey22,George1,Georgi5,Gerald3,Gerard2,Gerhard1,Geric#,Baby Boy Names1,Gerrit1,Gerson1,Gevens1,Ghilas1,Ghudz1,Ghyan1,Giaanveer4,Gian2,Gianfranco1,Gianluca3,Gibson6,Gideon1,Gieherd1,Gierhord2,Gilbert1,Giles3,Giorgio4,Giovanni1,Glenn1,Gnaeus1,Golden7,Gordon1,Govin1,Goy1,Gracen1,Graceson1,Gracin1,Gradan1,Graden1,Gradey1,Gradin26,Grady1,Gradyn1,Graeden7,Graeme1,Graesen9,Graham1,Graison10,Grant1,Gray1,Graycen6,Grayden7,Graydon2,Grayer4,Graysen63,Grayson1,Greg2,Gregor15,Gregory1,Greidy-Luca#,Baby Boy Names1,Grenville3,Grey1,Greyden2,Greydon1,Greyer14,Greyson1,Grier4,Griffen33,Griffin1,Gryffin1,Gryffyn1,Guang1,Guch4,Gunnar6,Gunner2,Guo1,Guot1,Gurbaaz1,Gurbaj1,Gurfateh1,Gurinder1,Gurjaan3,Gurjot1,Gurkaran1,Gurkeerat1,Gurliv1,Gurmaan3,Gurman1,Gurmehar1,Gurmun1,Gurnaonihal3,Gurnoor1,Gurparas1,Gurpartap1,Gurparveen1,Gurpreet1,Gurraj1,Gursahej1,Gursahib2,Gursewak1,Gurshaan3,Gurshan1,Gurshane1,Gurtaj1,Gurv1,Gurveer1,Gurvir1,Gus1,Gustav1,Gyuwan#,Baby Boy Names1,Haadi2,Haakon1,Haarish1,Haashir1,Habeeb1,Habib1,Hadden2,Haden10,Hadi1,Hadley1,Hadrian1,Hadyn1,Haevyn2,Haidar3,Haiden2,Haider1,Haidin1,Haidyn1,HaiLong1,Haitam1,Haitham1,Haize1,Hakan1,Hakim1,Halden1,Hale2,Halen1,Halil2,Halo1,Hambal1,Hamed1,Hamid1,Hamim1,Hamlyn16,Hamza2,Hamzah1,Hamza-Ur-Rehman1,Hamze1,Hamzie1,Han1,Hanad1,Haneef1,Haneen4,Hank1,Hannan1,Hannes2,Hans1,Haoyuan1,Harden4,Hardy#,Baby Boy Names1,Hares1,Hareth1,Ha-Rham1,Hari1,Harindu3,Haris1,Harjaap1,Harjap1,Harjasdeep1,Harjashan1,Harjeev1,Harjoban1,Harjot1,Harkaranveer2,Harkirat1,Harlam5,Harlan1,Harland2,Harlem5,Harlen8,Harley1,Harlie1,Harlo2,Harlow2,Harman1,Harmandeep1,Harmanjot1,Harmann1,Harmanveer2,Harmeet1,Harminder1,Harnam1,Harnoor3,Haroon1,Harper1,Harpreet1,Harrington5,Harris23,Harrison4,Harry1,Harsh1,Harshan2,Harshdeep2,Harshil1,Harshit1,Harshveer1,Harshvir1,Harshween1,Harsimar1,Harsonjot#,Baby Boy Names1,Harsukhdeep1,Hartej1,Harun1,Harveer1,Harven4,Harvey1,Harvin4,Harvir6,Hasan1,Haseeb3,Hashir1,Hashmut1,Hasnain1,Hasnen1,Hassaan8,Hassan1,Hassen1,Hassib1,Hassnain1,Haston1,Hatim2,Haven1,Hawkar1,Hawkin1,Hawksley1,Hayat1,Haydan98,Hayden1,Hayder1,Haydin1,Haydin-Lee3,Haydn1,Haydon1,Haydyn5,Hayes1,Hayez1,Haylen1,Hayoon1,Haysh1,Haythem1,Hayven1,Hazar1,Haze3,Hazen1,Hazza11,Heath1,Heaven5,Hector1,Hein4,Heinrich#,Baby Boy Names1,Helios1,Helix1,Hélix2,Hendrik3,Hendrix1,Hendryx1,Henglin2,Henock1,Henok1,Henor1,Henos4,Henri3,Henrik1,Henrique43,Henry1,Henryk2,Herman1,Hermanus1,Hermon1,Heron3,Heston1,Hestynn1,Hewa1,Heyden1,Hezekiah1,Hezron1,Hielo1,Hieu1,Hilmi4,Himmat1,Hiro1,Hiroto1,Hirun1,Hisham1,Hljodver1,Hobson24,Holden1,Holdyn2,Holt1,Holtyn1,Homayoon1,Hoonar2,Horatio1,Horatiu1,Hoss1,Houssam6,Houston2,Howard1,Howie3,Hubert#,Baby Boy Names1,Huck1,Hudayfi100,Hudson1,Hudson-Troy2,Hugh15,Hugo1,Humberto1,Humza2,Humzah1,Hunaid120,Hunter2,Husain1,Husanpreet5,Hussain1,Hussam5,Hussein1,Hussein-Syed2,Hussien1,Hussnain1,Hutchison1,Hutton1,Huxlee1,Huxley1,Huy1,Huzaifa1,Huzaifah1,Huzayfah1,Hyden1,Hyder2,Hyrum1,Iagan3,Iain41,Ian1,Iangelo4,Ibraheem13,Ibrahim2,Ibrahima1,Idir1,Idris1,Idriss1,Iex1,Ignat1,Ignitus1,Ihab1,Ijah1,Ikrash1,Ilaan3,Ilan2,Ilhan1,Ilia#,Baby Boy Names1,Ilias1,Ilijah1,Iliya1,Iliyan1,Illya2,Ilya3,Ilyas1,Imaan1,Imad2,Imam1,Iman1,Imij1,Immanuel1,Imraan5,Imran1,Imroze1,Imtiyaz1,Inderjot1,Indi1,Indiana1,Indra1,Indy1,Inthanu1,Inti1,Ioan1,Ioannis1,Iosif5,Ira1,Iraj1,Isa108,Isaac3,Isaak1,Isaaq1,Isac36,Isaiah1,Isaias5,Ishaan1,Ishaaq1,Ishai8,Ishan1,Ishaq1,Ishmeal1,Ishmeet2,Isiah1,Ismaeel1,Ismael2,Ismail3,Israel3,Issa5,Issac#,Baby Boy Names1,Issaiah1,Issam1,Itay17,Ivan1,Ivar1,Ixe1,Iyaad1,Iyayi1,Iyson3,Izaac3,Izaak1,Izacc1,Izach1,Izack2,Izaiah1,Izais1,Izaiyah-Zakariah2,Izak1,Izan1,Izayis1,Izdiyan1,Izyan1,Jaafar1,Jaapvir1,Jaasnoor47,Jace3,Jacen1,Jacey2,Jachin144,Jack1,Jack-Joshua116,Jackson2,Jacky1,Jaco249,Jacob3,Jacobi2,Jacobo1,Jacobus7,Jacoby1,Jacori1,Jacques6,Jad1,Jadan1,Jade30,Jaden1,Jader1,Jaderyan2,Jadis4,Jadon2,Jadyn#,Baby Boy Names6,Jaeden1,Jaedon2,Jaeger1,Jaekob1,Jaelan1,Jaeter1,Jag4,Jager1,Jaggar7,Jagger1,Jagjot1,Jagjott1,Jagteshver1,Jahden1,Jahin1,Jahmar1,Jahmari1,Jahmarri1,Jahrelle1,Jahuon1,Jahvon5,Jai1,Jaicob1,Jaidav2,Jaideep11,Jaiden1,Jai-Den3,Jaidyn1,Jaime2,Jaimeson1,Jainish1,Jairo1,Jairu1,Jairus1,Jaisean1,Jaitajbir1,Jaitan5,Jaiveer1,Jaiveerr1,Jaivir1,Jajohn70,Jake1,Jakeim1,Jakmen27,Jakob1,Jakobé1,Jakobi1,Jakoby1,Jakub2,Jalal#,Baby Boy Names4,Jalen1,Jaleni1,Jalol4,Jamal132,James3,Jameson1,Jamesson11,Jamie1,Jamiel2,Jamieson1,Jamie-Taylor1,Jamin1,Jamis2,Jamison2,Jansen1,Japeth2,Japhet1,Japish1,Japjot1,Japnam1,Jaquson1,Jardine1,Jardith23,Jared1,Jaredmiguel1,Jarel1,Jarelle1,Jaren1,Jaret2,Jarett1,Jarin2,Jarod1,Jarom5,Jarome2,Jaron1,Jarred1,Jarrel1,Jarren1,Jarrett1,Jarrome1,Jarron2,Jarvis1,Jaryd1,Jaryn1,Jasaiah1,Jasdeep10,Jase1,Jasey1,Jashaanjeet1,Jashan#,Baby Boy Names2,Jashandeep1,Jashandeep-Singh1,Jasiah2,Jasim3,Jasjot1,Jaskamal4,Jaskaran1,Jaskarn2,Jaskirat1,Jasman1,Jasmann3,Jasmeet51,Jason21,Jasper1,JasRaj1,Jassem1,Jasyk1,Jathan1,Jathniel1,Javan1,Javen1,Javid6,Javier1,Javon1,Javontae2,Jawad2,Jawwad19,Jax2,Jaxan1,Jaxcen12,Jaxen1,Jaxin88,Jaxon2,Jaxsen2,Jaxsin40,Jaxson1,Jaxsyn1,Jaxtan7,Jaxton1,Jaxtyn1,Jaxx4,Jaxxon3,Jaxyn11,Jay1,Jayan20,Jayce1,Jaycee1,Jaycen1,Jaycob2,Jaydan#,Baby Boy Names124,Jayden1,JayDen1,Jayder1,Jaydin6,Jaydon1,Jayeon1,Jayger1,Jayinder1,Jayke1,Jaykob1,Jaykub1,Jaylan1,Jaylen1,Jaylyn1,Jaymal1,Jayro6,Jayse3,Jayson1,Jayton1,Jayven2,Jayvin2,Jayvion1,Jazen1,Jazib1,Jazien1,Jazim1,Jazz1,JC2,Jean1,Jean-Luc1,Jean-Mitchell1,Jean-Richard1,Jeanwin1,Jebadia2,Jed1,Jedd-Nuel1,Jediael2,Jedidiah1,Jee-Hoo1,Jeel1,Jeevan1,Jeevanjot1,Jeevin2,Jeff2,Jefferson3,Jeffery12,Jeffrey1,Jehad2,Jehanzeb1,Jeje#,Baby Boy Names1,Jemuel1,Jenner8,Jensen1,Jeorge1,Jequori1,Jerace1,Jeralle1,Jeramiah1,Jerard1,Jerek25,Jeremiah1,Jeremiah-Emmanuel1,Jeremiah-Hebrese1,Jeremias1,Jeremiasz25,Jeremy1,Jeren2,Jeriah1,Jericho1,Jerin2,Jermaine1,Jerod6,Jerome1,Jérôme1,Jeron1,Jerrick1,Jerrik1,Jerrold5,Jerry1,Jeryn1,Jerzee1,Jerzy1,Jeshan1,Jeshua1,Jesiah2,Jesper1,Jess77,Jesse1,Jessey1,Jessie2,Jessin3,Jessy1,Jestin1,Jesubusayo1,Jesus5,Jet3,Jethro28,Jett1,Jeurriel1,Jevan#,Baby Boy Names1,Jeven1,Jevin1,Jevone1,Jewell1,Jexon1,Jeyonte1,Jezneel-Steven1,Jhairouz1,Jhann1,Jhazriel3,Jhett1,Jhoi-yor1,Jhunel2,Ji1,Jian1,Jiarui1,Jiaxin1,Jibreel1,Jibril1,Jim6,Jimmy1,Jin1,Jinho1,Jireh1,Jiroh1,Jiten1,Jivan1,Jivjot3,Joah1,Joaquim8,Joaquin2,Joash1,Joc1,Jodhbir1,Jodhveer6,Joe29,Joel1,Joël1,Joel-Griffin1,Joemar1,Joephy1,Joeseph1,Joesph13,Joey1,Joh5,Johan3,Johann1,Johannes1,Johan-Vern90,John#,Baby Boy Names10,Johnathan2,Johnathon9,Johnny1,JohnPaul1,John-Roland2,Johnson1,JohnTay1,John-Thomas2,Jon34,Jonah1,Jonald27,Jonas1,Jónas39,Jonathan1,Jonathen3,Jonathon1,Jonell1,Jong1,Jono1,Jonovan1,Jonson1,Jonvic1,Joon1,Joosef1,Jorawar83,Jordan1,Jordan-Tyler5,Jorden1,Jordi1,Jordie1,Jordin5,Jordon3,Jordy1,Jorell1,Jorem3,Joren3,Jorge1,Jorgen1,Jori3,Jory6,Jose1,José5,Josef86,Joseph1,Joseph-Blessing1,Joseph-George-James12,Josh178,Joshua1,Joshua-Abe1,Joshuah#,Baby Boy Names1,Joshua-Joel23,Josiah2,Joss1,Jossef1,Josue1,Jotham4,Jovan1,Jovani1,Jovanpreet1,Jovanvir1,Jovi1,Jozef1,JT10,Juan1,Juan-Carlo1,Juda18,Judah47,Jude1,Jujhar3,Jules24,Julian1,Juliano9,Julien4,Julius2,Jun1,Junah2,Junaid1,Juneau1,Junior1,Jürgen1,Juri1,Juris2,Jushan1,Jussi9,Justice1,Justice-Alfred-Matthew86,Justin7,Justus1,Jyles1,K1,Kaan1,Kabambi1,Kabeer4,Kabir1,Kace2,Kacen1,Kacper1,Kacy1,Kadaan1,Kadan#,Baby Boy Names1,Kadar23,Kade48,Kaden1,Kadiayi4,Kadin1,Kadogan3,Kadyn1,Kaece11,Kaeden3,Kaedyn21,Kael7,Kaelan1,Kaeleb2,Kaelem1,Kaelen1,Kaelin1,Kaelum1,Kaelym1,Ka'eo1,Kaesen1,Kaesi2,Kaesyn2,Kage1,Kahl1,Kahle1,Kahlin61,Kai1,Kaia3,Kaidan47,Kaiden3,Kail1,Kailash1,Kailer1,Kailong3,Kain2,Kainan6,Kaine4,Kainen1,Kainon1,Kairav1,Kaison1,Kaistin1,Kaiten1,Kaithen2,Kaius1,Kaixon1,Kalab1,Kalabe1,Kalan42,Kale#,Baby Boy Names59,Kaleb4,Kalel1,Kal-El4,Kalem6,Kalen2,Kaleob1,Kalib1,Kalix2,Kallan3,Kallen2,Kallum1,Kallyn1,Kalman1,Kalob1,Kalten1,Kalton2,Kalum4,Kalvin1,Kalyx1,Kamale1,Kamarion3,Kamden1,Kamdon1,Kameel5,Kameron1,Kameryn2,Kamil1,Kammal1,Kamran1,Kamron1,Kanato1,Kandjambi19,Kane1,Kanein1,Kanish1,Kannen1,Kanon1,Kanyeyachukwu2,Kanyon1,Kapten2,Karamvir3,Karan1,Karanbir2,Karanpreet1,Karanveer7,Kareem2,Karim1,Karimshah9,Karl1,Karlehn#,Baby Boy Names1,Karlo1,Karman1,Karol1,Karrnell4,Karsen2,Karsin11,Karson5,Karsten5,Karsyn10,Karter2,Kartik2,Karver1,Karvin1,Kase8,Kasen1,Kasey12,Kash1,Kasha1,Kashane1,Kashten2,Kashtin10,Kashton1,Kashus3,Kason1,Kasper1,Kassem1,Kassian1,Kassidy1,Kassim1,Kassra1,Kasyn1,Katsuya1,Kavan1,Kaveer3,Kavin1,Kaxton1,Kaya1,Kaycen2,Kayd2,Kaydan1,Kayde74,Kayden4,Kaydence2,Kaydin1,Kaydn1,Kayel1,Kayhan3,Kaylan2,Kayle4,Kayleb#,Baby Boy Names2,Kaylem2,Kaylen1,Kaylix1,Kaylor1,Kaylum1,Kaymian8,Kayne1,Kaynen1,Kaynin1,Kaysan1,Kaysar5,Kaysen4,Kayson1,Kaysun2,KC1,Kden10,Keagan3,Keagen1,Keaghan2,Kealan1,Kealon2,Kean3,Keanan1,Keane1,Keanu1,Kear24,Keaton1,Keatyn1,Keaunu1,Kedron1,Keean2,Keedan1,Keedon31,Keegan1,Keein3,Keelan1,Keelen1,Keelor2,Keen19,Keenan1,Keenen1,Keeno1,Keeran1,Keeratbir1,Keeryel1,Keeven2,Kegan2,Keiden2,Keigan1,Keigen#,Baby Boy Names1,Keilan1,Keinyn1,Keiontae1,Keipher7,Keiran1,Keiren1,Keitaruo6,Keith1,Keithan2,Keithen1,Keiyan1,Keiyden1,Kekoa1,Keldon1,Kelei1,Kelin5,Kellan1,Kelland6,Kellen2,Keller1,Kellin4,Kelly1,Kelsey1,Keltin8,Kelton5,Kelvin2,Kemal1,Kemar1,Kemarr1,Kemis1,Kemp2,Ken1,Kenaan3,Kenan1,Kendall3,Kendrick1,Kendyn1,Keneil1,Kengo4,Kenji1,Kenjiro1,Kenlee1,Kenmore1,Kennedy14,Kenneth1,Kennith2,Kenny1,Kenon1,Kent1,Kentin#,Baby Boy Names3,Kenton1,Kenyan3,Kenyon1,Kenyonn1,Kenzie1,Kenzo1,Kenzy1,Keoch1,Keon3,Kerem1,Keriya1,Kerlys1,Keshal1,Keshav2,Keshawn1,Kes-Lee3,Kesler1,Kessler1,Kesten1,Kestin4,Keston1,Ketanbir1,Kevan1,Keven45,Kevin1,Kewhiew1,Keyaan1,Keyan1,Keyanow1,Keydeth1,Keyen1,Keynai1,Keyon1,Keyondre2,Keyse1,Keyshawn2,Keyton1,Kflom1,Khadar1,Khadim2,Khai2,Khale6,Khaled1,Khaleeq11,Khalid2,Khalil1,Khane1,Khawa1,Khayden1,Kheelan#,Baby Boy Names1,Kherlen1,Khilen1,Khizer1,Khoa1,Khoen1,Khogan1,Khushman1,Khushmeet1,Khyler1,Khyro15,Kian1,Kían1,Kianza1,Kidus5,Kiefer1,Kiel1,Kien1,Kienan1,Kienen1,Kier30,Kieran1,Kieren1,Kiernan3,Kieron1,Kieryn1,Kieuen1,Kihisis1,Kilian1,Killian1,Kimbo1,Kimi1,Kimowan1,Kingsen1,Kingsley52,Kingston1,Kinley2,Kip1,Kipp1,Kipptyn4,Kipton4,Kiptyn5,Kiran1,Kirbee1,Kirby1,Kire1,Kiril1,Kirubal1,Kirubel1,Kiven1,Kiyan#,Baby Boy Names1,Kiyel1,Klaudio1,Klyde1,K'naan1,Knixon12,Knox1,Knoxx1,Kobby7,Kobe2,Koben3,Kobi2,Kobie2,Koby4,Koda1,Kodie4,Kody1,Koehn2,Koel9,Koen1,Koey1,Kohei12,Kohen2,Kohl1,Kohlman1,Koji14,Kolby8,Kole2,Kolt3,Kolten1,Kolter12,Kolton3,Koltyn7,Konner7,Konnor5,Konrad2,Konstantine1,Kooey1,Kooper3,Korben11,Korbin3,Korbyn1,Kord1,Kordell1,Korrigan1,Kort1,Korvane1,Korwin1,Kory1,Kostantinos1,Kostas#,Baby Boy Names1,Kot1,Kouki1,Kour1,Kourt1,Kouta1,Kovey1,Kowen1,Koy1,Kraetose1,Kratos1,Kreedance1,Kreston6,Krish1,Krishmeet2,Krishna1,Krishnan1,Krissh4,Kristian1,Kristoffer3,Kristopher1,Krnvir1,Kruiz7,Kruz1,Kruze2,Krystian1,Krystopher1,Ksawier1,Kubus1,Kullen1,Kultaran1,Kupakwashe1,Kuper1,Kurt7,Kurtis2,Kush1,Kushagra1,Kutcher1,Kwade1,Kwaku2,Kyan1,Kybien1,Kydan1,Kyden1,Kydon3,Kye1,Kyelan1,Kyelir1,Kyin3,Kylan2,Kyland#,Baby Boy Names5,Kylar1,Kylas56,Kyle1,Kylen26,Kyler1,Kylin1,Kyn1,Kynan2,Kypton3,Kyran1,Kyree1,Kyrell1,Kyros1,Kysen6,Kyson1,Kyte1,Kyus1,Kyzer1,Labeeb1,Labib1,Lac17,Lachlan1,Lachlann1,Lachlin1,Lachlyn1,Ladainian1,Lado1,Ladule1,Lael1,Laiden1,Laik1,Lain2,Laine1,Laith1,Lakai1,Lake2,Laken1,Lameik8,Lance3,Landan10,Landen1,Lander2,Landin1,Landinh1,Lando83,Landon1,Landre1,Landry7,Landyn10,Lane#,Baby Boy Names1,Lanndail1,Lanowar1,Laramie1,Larenz5,Larry4,Lars3,Larson1,Lathan1,Latrell1,Laur1,Laurel1,Laurence1,Laurent1,Lavell1,Lavjot1,Lavon6,Lawrence1,Lawson1,Laylan12,Layne2,Layton1,Lealand1,Leam-ray1,Leander2,Leap1,Lear1,Ledger7,Lee1,LeeJay1,Leek2,Leeland1,Leeroy1,Leeum1,Leiden7,Leif1,Leigh1,Leigham1,Leighlan5,Leighton1,Leilan1,Leiland1,Lein1,Leiro1,Leith26,Leland2,LeLand1,Lelin1,Lemuel1,Len1,Lendo#,Baby Boy Names1,Lendon1,Lennan1,Lenndan1,Lennie1,Lennix3,Lennon5,Lennox1,Lenox26,Leo2,Léo12,Leon6,Leonard7,Leonardo3,Leonidas1,Leopold1,Leopoldo1,LeRoy1,Leroy1,Leslie1,Lester1,Lethal1,Levant1,Levente70,Levi1,Levon8,Lewis3,Lex1,Lextin1,Lexton1,Lexus2,Leyton301,Liam1,Liam-Erik1,Lido1,Liem1,Lightning1,Liiam1,Lik1,Lin77,Lincoln1,Líncoln1,Lincon9,Linden1,Lindzay3,Link3,Linken5,Linkin1,Linkïn1,Linkon1,Linkyn#,Baby Boy Names2,Linus1,Liron1,Lisandro1,Little1,Livio1,Lliam2,Lloyd1,Loch13,Lochlan1,Lochlann1,Lochlen1,Lochlin1,Lochlyn1,Locklin1,Lodu1,Loewen246,Logan1,Logyan1,Lohan1,Lohith2,Loic1,Loïc1,Loïck2,Loki1,Lokule1,Lok-Yang2,Long1,Longar1,Lonny1,Lorent1,Lorenz1,Lorenz-Marco1,Lorenzo1,Lorik2,Lorne1,Loshan7,Louis1,Louize1,Louonzo1,Lourens1,Loushius5,Lowen1,Lowve1,Lual9,Luc22,Luca1,Lucah188,Lucas2,Lucca9,Lucian#,Baby Boy Names3,Luciano7,Lucien1,Luciferian1,Lucio1,Lucious7,Lucius1,Luckas2,Lucus1,Luigi11,Luis1,Luive1,Luiz15,Luka1,Lukah1,Lukan44,Lukas1,Lukasz101,Luke1,Lukian1,Luksh3,Lukus1,Luky1,Lukyse1,Lund1,Lunden1,Luqman1,Lusan1,Luther1,Luuk1,Luv1,Luxcen1,Lyall1,Lyam2,Lyle1,Lyman1,Lyncen1,Lyncoln1,Lyndan5,Lynden11,Lyndon1,Lynium1,Lynkin1,Lynkon1,Lynkyn1,Lynton1,Lynx3,Lyric3,Lyrik1,Lyriq1,Maalek#,Baby Boy Names1,Maanav1,Maanjot1,Maarten1,Maaz4,Mac1,Macabe1,Macai3,Macen6,Mack1,MacKale6,Mackenzie1,MacKenzie1,Macklin1,Mackynli1,Maclane1,Maclaren2,Maclean1,MacLean1,Macsen2,Maddax18,Madden7,Maddex1,Maddix1,Maddoc1,Maddock2,Maddon36,Maddox3,Maddux1,Maddyx1,Madison1,Madoc1,Madsen1,Maecen1,Maeharkaran2,Magnum7,Magnus5,Maguire4,Mahad1,Mahamed2,Mahd1,Mahdi2,Maher1,Mahi1,Mahim5,Mahmoud1,Mahqua1,Mahran1,Maicol2,Maison1,MaJuch#,Baby Boy Names1,Makael5,Makai1,Makaio1,Makayl1,Makhi1,Makinley1,Maklin1,Makoyi1,Maks5,Maksim1,Maksimilian3,Maksym1,Maksymilian1,Makyn1,Mal12,Malachi1,Malachi-Mading-Bilkui7,Malakai1,Malakhai15,Malcolm2,Maleek1,Malek1,Maliek16,Malik1,Malone1,Malyck1,Malyek1,Malyk1,Mamadou1,Mamdouh1,Manas1,Manase1,Manav1,Manchet1,Manfred1,Mani1,Manix1,Manjodh2,Manjot1,Mankaran1,Mankirat2,Manmeet1,Manmit1,Mannanbir6,Mannix1,Manny1,Manpreet1,Manraaj5,Manraj1,Mansimran#,Baby Boy Names1,Mansor1,Manu1,Manuel3,Manveer1,Manvik1,Manvir1,Manyx5,Marc1,Marc-Andrae1,Marc-André1,Marc-Antoine1,Marcas4,Marcel1,Marcell3,Marcello2,Marcelo9,Marco2,Marcos70,Marcus1,Marcus-Gary1,Marcusz10,Marek2,Mario2,Marius32,Mark3,Marko16,Markus1,Marlee4,Marley2,Marlin1,Marlo2,Marlon2,Marlowe1,Marlus1,Marquel1,Marques1,Marquez1,Marquise4,Marshal27,Marshall1,Marti14,Martin1,Maru3,Marwan1,Marx1,Mase1,Maseer157,Mason1,Massimiliano3,Massimo#,Baby Boy Names1,Mastahaiya1,Masud1,Mataan1,Mataio1,Matais2,Matei1,Matej17,Mateo1,Mateus1,Mateusz1,Matew1,Matewos1,Mateyus1,Mathaus1,Mathéo11,Mathew5,Mathias1,Mathiaz2,Mathieu2,Mathijs7,Matias1,Matías1,Matis1,Matix6,Matt1,Mattais1,Mattao20,Matteo1,Matteus1,Matthaeus1,Matthaus178,Matthew8,Matthias1,Matthieu1,Matthis1,Matti9,Mattias1,Mattis-Yona2,Matvey1,Matyx1,Maui3,Maurice1,Mausab1,Maveric9,Maverick1,Maveryck1,Mavrick1,Mavrik1,Mawien1,Mawuli#,Baby Boy Names64,Max1,Maxamed1,Maxen3,Maxfield18,Maxim6,Maxime11,Maximilian1,Maximiliano1,Maximillian2,Maximillion2,Maximo1,Maximos20,Maximus1,Maxmilan1,Maxson2,Maxton2,Maxum1,Maxumus36,Maxwell6,Maxx1,Maxximillion1,Maxxwel1,Maxxwell1,Maya1,Maysen1,Mayson1,Maysun1,Maytham3,Mazen1,Maziad1,Mckayo2,McKinley1,McKye1,McRae1,Mechard1,Meckiah1,Meekail1,Megdad1,Megwan1,Mehar2,Mehki1,Mehran1,Mehtaab2,Mehtab1,Mekail1,Mekal2,Melad1,Melbert1,Meleak1,Melhem#,Baby Boy Names3,Melvin1,Melvyn10,Memphis1,Menno1,Mercer1,Meredith1,Merek1,Méric2,Merik1,Merlon1,Merric8,Merrick1,Mert1,Meryk1,Metta1,Mewael1,Mexen1,Mica27,Micah3,Micaiah94,Michael1,Michael-Alexander1,Michal10,Micheal1,Michel1,Michelangelo1,Michele1,Michon1,Mick2,Mickey1,Mico1,Miel12,Miguel1,Mihretaeb1,Miikka2,Mika4,Mikael3,Mikai2,Mikail2,Mikale1,Mikane1,Mikayo2,Mike1,Mikel4,Mikhail2,Mikka1,Miko1,Mikwan1,Milad5,Milan#,Baby Boy Names1,Miled15,Miles1,Milki1,Milkiyas7,Miller21,Milo1,Milon1,Milos1,Milosh2,Min1,Mina1,Ming-Hao1,Minh1,Minh-Khang1,MinWoo1,Mirco1,Mireux1,Mirko1,Mir-Sayid2,Mirza1,Misael1,Misbah1,Misha1,Mistahaya4,Mitchel11,Mitchell1,Mitt1,Mjolnir1,Mnase1,Moaaz1,Moaz1,Mofei1,Mofeoluwa9,Mohamad2,Mohamad-Adam1,Mohamad-Idrees1,Mohamadou31,Mohamed1,Mohamed-Essadek21,Mohammad16,Mohammed1,Mohanad1,Mohid1,Mohmad1,MohmedAli1,Mohmmad2,Moises2,Momin1,Mon1,Monroe#,Baby Boy Names1,Monrray1,Montaser1,Monty2,Moosa1,Morad1,Morayo1,Moremioluwa22,Morgan1,Morné1,Morpheous3,Morris1,Morrison1,Mosaik5,Moses2,Mostafa1,Mostafijur1,Motaaz1,Motoki1,Moumen1,Mousa1,Mousnad2,Moussa1,Mozam1,M'tayis1,Muad1,Muath3,Mubarak1,Mubarik1,Muchiri1,Mufaro1,Mugdha1,Muhaimin1,Muhamed32,Muhammad1,MuhammadNadeem6,Muhammed1,Muheddine1,Muhmmad1,Muhsen1,Muhtada1,Muiz2,Muizz1,Mujtaba1,Muneeb1,Muntaqa1,Murad1,Murray2,Murtaza1,Murtazaali8,Musa#,Baby Boy Names1,Musamil1,Mussa1,Mussie1,Mussie-Atewebirhan- Habtom10,Mustafa1,Muwaffaq1,Myan1,Mychael1,Mychail1,Mykah1,Mykel19,Myles1,Mylo1,Mylz1,Mystery1,Naatan1,Nabeel1,Nachum1,Nadab1,Nadan1,Nadas1,Nadeem1,Naden1,Nader2,Nadir1,Naeem3,Nahom2,Nahshon2,Nahum1,Naidyn1,Naithan1,Najm1,Nakoa1,Nakota1,Naman1,Namandeep1,Namir1,Nana1,Nao1,Naol1,Napehkaswinow1,Naphkahso1,Naqi1,Narayan1,Narifu24,Nash1,Nashten1,Nashton1,Nashville#,Baby Boy Names1,Naslund1,Nasrullahbick1,Nasser1,Nataiyo1,Nataniel1,Natayiz1,Natayvian33,Nate172,Nathan5,Nathanael1,Nathaneal2,Nathanial58,Nathaniel1,Nathanyl2,Nathen1,Nathian1,Nation1,Natnyle1,Nattiyan1,Naty1,Navbir1,Naveen1,Navid1,Navin1,Navjot1,Navnayan2,Navraj1,Navroop1,Nawab1,Nawaf1,Nawfal1,Nayan1,Nayden1,Nayson1,Nayte1,Naythan1,Naz1,Nazar2,Nazereth1,Neakon1,Neal1,Nebiy1,Nebiyu1,Ned1,Neel1,Neerav2,Nehemiah1,Nehmiah8,Neil1,Neilson#,Baby Boy Names1,Neimrod7,Nelson2,Neo1,Nephi1,Neptune1,Nevais1,Nevan1,Neven1,Nevin1,Nevyn1,Nezar1,Ngeh1,Ngiey1,Nhan1,Niall1,Nian1,Nicco2,Niccolo119,Nicholas2,Nicholes1,Nicholus5,Nick2,Nickalaus3,Nicklas1,Nickolai7,Nickolas1,Nickoli1,Nickson2,Nicky4,Nico1,Nicola37,Nicolas1,Nicolás1,Nicu1,Nidhaan1,Niels8,Nigel1,Nihal1,Nik1,Nikalas3,Nikhil1,Nikita2,Nikko1,Nikkolaz4,Niklas1,Niklos7,Niko2,Nikola6,Nikolai2,Nikolaos#,Baby Boy Names14,Nikolas1,Nikolus1,Nilan1,Nilay1,Niles1,Nilo1,Nils1,Nima1,Nir1,Niranjan1,Nirant1,Nirvair1,Nischal1,Nischay1,Nishan2,Nishant1,Nishil1,Niwaz4,Nixen1,Nixin31,Nixon1,Nixxyn1,Niyef1,Nizar1,Nnamdi227,Noah1,Noah-Goitom1,Noahim4,Noel1,Nojdar98,Nolan1,Nole1,Nolen1,Nolin1,Noor1,Norbert2,Norman1,Nova3,Novak1,Novaya1,Nqabenhle1,Nqabeni1,Nyal1,Nygel1,Nykolas1,Nyle1,Nyshawn1,Nyueny1,Oakland1,Oaklen#,Baby Boy Names3,Oakley1,Oakli1,Oaklin1,Obama1,Obeidh2,Obinna3,Ocean2,Octavian1,Oden5,Odin1,Oemar1,Ogheneyole1,Ogochukwu1,Oguzhan1,Oise1,Okba1,Okimowawasis1,Okiniy1,Okunyi1,Okyn1,Olamide1,Olamipo1,Olaus2,Ole1,Oleg1,Oleksa2,Olin1,Olis119,Oliver6,Olivier3,Ollie1,Olumide1,Olusina1,Olutimi1,Oluwapelumi1,Oluwasegun1,Oluwatamilore1,Oluwatimilehin1,Oluwatofarati1,Oluwatosin1,Oluyinka1,Olwetu30,Omar4,Omer1,Ömer1,Omid1,Onesimus1,Onkar1,Onyx1,Oosei#,Baby Boy Names1,Opolu1,Orean2,Oren1,Oren-Goblin1,Oriel1,Orin10,Orion2,Orlando1,Orrin1,Orry1,Orson1,O'Ryan18,Oscar1,Oshae1,Osias1,Osirius3,Oskar3,Osman1,Ossie1,Osten1,Osver2,Otis4,Otto1,Oumar1,Ousseynou1,Owais1,Owami1,Oways211,Owen1,Owies1,Owuraku1,Owvais1,Owyn1,Owynn2,Oz2,Ozker1,Ozzy1,Paaras1,Paavo2,Pablo1,Pacen1,Paiman1,Pal1,Palmer1,Pamudu1,Panayioti3,Pancho3,Paolo1,Papas1,Paramveer#,Baby Boy Names1,Paraskeva1,Parees1,Parin95,Parker1,Parmveer1,Parmvir1,Parnal1,Parneet2,Parsa1,Parshiv1,Parsun1,Pascal1,Pasen1,Pasha2,Patricio26,Patrick1,Patryk1,Patton1,Patyn22,Paul1,Paulo2,Pavel1,Pavit1,Pavlo1,Pavneet1,Pavpreet23,Paxton2,Paxtyn1,Payden1,Paysen13,Payton1,Paywand2,Pearce2,Pearson1,Pedram1,Pedro1,Peighton1,Penoel2,Pepper2,Percy1,Perkel1,Petar2,Pete38,Peter1,Peterson1,Petros1,Petrus13,Peyton1,Pharoe1,Pharrell#,Baby Boy Names1,Pheleeks1,Phelipe2,Pheonix1,Philemon11,Philip4,Philippe7,Phillip1,Philopateer1,Phinean1,Phineas19,Phoenix1,Phoenyx9,Pierce1,Piercen3,Pierre1,Pierre-Alexandre1,Piers5,Pierson1,Piom1,Piyesiwakoyohtawit1,Poindexter1,Pollock10,Porter1,Prabhdeep1,Prabhjot2,Prabhnoor1,Prabhraj1,Prabsimran2,Pranav1,Pranaven1,Pranshu1,Prashant1,Pratham1,Pratik1,Pravaah1,Precious4,Presley2,Presten1,Prestin46,Preston1,Prezley1,Price5,Prince3,Princeton1,Prior1,Pritanshu2,Pryce1,Prycen1,Pryde1,Pryor#,Baby Boy Names1,Puneet-Ratan1,Qadees1,Qais1,Qamar2,Qasim1,Qatadah1,Qiao1,Qiushi1,Qron1,Quade1,Quaid1,Quang1,Quasim10,Quentin1,Quidel1,Quiel1,Quillan3,Quin4,Quincy7,Quinlan29,Quinn1,Quinnton1,Quinntyn1,Quinstin9,Quinten5,Quintin18,Quinton1,Quintyn1,Quyron1,Qwinton1,Qylen1,Qynn1,R.J1,Raad1,Raafae1,Raafay1,Raahil1,Rabea1,Rabjit1,Racim1,Rack1,Rade1,Radek1,Rader2,Radin1,Radovan1,Ra'ed1,Raedan1,Raef1,Raen#,Baby Boy Names1,Raevis6,Rafael1,Rafan2,Rafay1,Rafe1,Rafiq1,Rahat2,Raheem1,Rahil3,Rahim1,Rahland2,Rahul12,Raiden1,Raidon1,Raif1,Rail3,Rain3,Raine1,Rainier1,Rainn1,Rainnan1,Raistlan1,Raistlin3,Raiyan1,Rajan1,Rajanpreet1,Raja-Rehan1,Rajdeep1,Rajeev1,Rajeh1,Rajon1,Ra'jon1,Rajveer1,Rajvir1,Ralph1,Ram1,Ramakrishnan1,Ramandeep1,Rambert1,Ramez2,Rami1,Ramish1,Ramon2,Ramsey1,Ranaiman1,Ranak1,Ranbir1,Rance5,Randall3,Randell#,Baby Boy Names1,Randhir1,Randolf1,Randon4,Randy1,Raneel1,Rang2,Rani1,Raniel1,Ranjodh1,Rannan1,Rantej4,Ranveer1,Ranvir1,Raouf3,Raphael1,Raphaël1,Raqeeb1,Rashad1,Rasnoor1,Rattanvir1,Raunuk1,Ravdeep1,Raven1,Ravnoor1,Rawan1,Rawi1,Rawley1,Ray1,Raya11,Rayan7,Rayden1,Raydn1,Raydyn1,Rayen1,Rayfe1,Raygan3,Rayhan1,Raylend11,Raymond4,Rayne1,Raynier1,Rayo1,Rayon1,Rayson1,Rayver11,Rayyan1,Razeen1,Reagan1,Reagen1,Real#,Baby Boy Names1,Redwan12,Reece15,Reed4,Reegan11,Reese1,Reet1,Reeve5,Regan1,Reggie1,Regin1,Regis1,Rehn48,Reid1,Reide1,Reiker2,Reilly1,Rein1,Reise2,Reiss1,Rekike3,Remi6,Remington7,Remy1,Rémy1,Ren2,Rene1,Rennie1,Reno3,Renzo2,Reo1,Rett11,Reuben1,Reubin1,Reuel1,Reven4,Rex1,Reyd1,Rhaffael1,Rhaylee1,Rhei1,Rhemi22,Rhett1,Rhiley1,Rhoan2,Rhyan1,Rhyce4,Rhyder1,Rhydian1,Rhylan1,Rhyley#,Baby Boy Names1,Rhylie26,Rhys1,Rhyse1,Riad1,Riak3,Rian4,Ricardo1,Riccardo16,Richard3,Richie12,Ricky1,Ricky-Rolando2,Riddick1,Riddley3,Rider1,Ridwan4,Riel1,Rieley1,Rielly1,Ries1,Rigden1,Riggs1,Rijon1,Riker1,Rilan1,Riland139,Riley1,Rilley3,Rio1,Ripanjit1,Riponjot1,Rishab2,Rishi1,Rishma1,Ristan4,River1,Rivers1,Riyad1,Riyami1,Riyash1,Roam2,Roan2,Roarke4,Robbie1,Robero43,Robert1,Roberto1,Roberts-John4,Robin1,Roc#,Baby Boy Names6,Rocco1,Rochea1,Roch-John1,Rocklin3,Rocky1,Roddy1,Roderick2,Rodge3,Rodney1,Rodrigo1,Roe7,Rogan2,Roger1,Rohail8,Rohan1,Rohen1,Rohit2,Rokko4,Roland1,Roloson1,Romair27,Roman1,Romarr1,Rome7,Romeo1,Romil1,Romin1,Ron6,Ronald12,Ronan1,Roneet2,Ronen1,Rong12,Ronin1,Ronjohn1,Ronnel1,Ronny1,Ronon1,Ronyn1,Roree1,Rorey1,Rorik12,Rory1,Rosario1,Roscoe2,Roshan1,Roshawn4,Ross1,Rossi1,Rove#,Baby Boy Names1,Roveen33,Rowan4,Rowdy7,Rowen1,Rowin2,Rowyn7,Roy1,Royal6,Royce1,Ruach1,Rubeen4,Ruben1,Rudra1,Rudraksh2,Rudy1,Rueben1,Ruhullah1,Ruiyuan1,Rune1,Russel12,Russell1,Ruzain1,Ryaac1,Ryaan155,Ryan1,Ryansh1,Ryas1,Rydan1,Rydder1,Rydell3,Ryden130,Ryder2,Ryely1,Ryen1,Ryersen3,Ryerson1,Ryese1,Ryett1,Ryken44,Ryker1,Rykker78,Rylan11,Ryland1,Ryle6,Rylee8,Rylen3,Ryler21,Ryley1,Rylie1,Rylin#,Baby Boy Names1,Ryln1,Ryly1,Rylynn1,Ryman1,Rynav1,Ryordan1,Ryson1,Ryuji1,Ryver1,Ryzen1,Rza7,Saad1,Saadaq1,Saagar1,Saaim1,Saatvik6,Sabastian1,Sabastin1,Sabastion1,Sabbona1,Sabeeh1,Saber1,Sabneet1,Sabr1,Sabri1,Sacha1,Sachit1,Saeed1,Saeid1,Safeer1,Safeeullah2,Sage1,Sahaj1,Saharsh1,Saheb1,Saheel5,Sahib1,Sahibdeep1,Sahibjit2,Sahibjot1,Sahibjyot1,Sahibraj6,Sahil1,Sahir2,Sai1,Said1,Saidajan1,Saif1,Saif-Ur-Rahman1,Saihan#,Baby Boy Names1,Sairy1,Sajawal1,Sajin1,Sajjad1,Sakib1,Salaar2,Salah1,Salahdin1,Salam1,Salat1,Saleem1,Saleh2,Salem2,Salih1,Salim2,Salman1,Salomon1,Salvatore26,Sam1,Samardeep2,Samatar1,Sambor1,Sameeh1,Sameem1,Sameer1,Samer1,Sami4,Samir1,Sammrat1,Sammual4,Samson3,Samual181,Samuel1,Samuel-David1,Sanad1,Sandharu1,Sandy1,Saned1,Sankalp1,Santago1,Santhosh12,Santiago3,Santino1,Saobaan1,Saoyúé3,Saqib1,Sari1,Sarim1,Sarki1,Sarosh#,Baby Boy Names1,Sartaaj2,Sartaj1,Sasan1,Sascha5,Sasha1,Saul1,Saúl1,Saurav1,Savio1,Savion1,Savir42,Sawyer1,Sayed1,Sbhat1,Scepan1,Schiro25,Scott1,Scylis4,Seamus36,Sean1,Seandreaz1,Seandreze48,Sebastian1,Sebastián4,Sebastien4,Sébastien1,Sedona1,Seena1,Seeton1,Sef2,Sehaj1,Sehajpreet1,Sehajveer1,Sehajvir2,Sehej1,Seif-Eldeen1,Seige1,Seiji1,Seiya1,Sejalpreet1,Selase1,Seleem1,Selwyn1,Semih1,Senitha1,Sequoia2,Sergio1,Serhan93,Seth1,Seva#,Baby Boy Names2,Sevan2,Severin1,Sevirian3,Seyed1,Seyfullah1,Shaakir1,Shaan1,Shaanpreet1,Shaanvir1,Shabedpreet1,Shadamehr2,Shade1,Shaden2,Shadi3,Shae1,Shael1,Shah1,Shahbaj2,Shaheer1,Shahir1,Shahram1,Shahzaib1,Shaimis1,Shaine1,Shaiwae1,Shakeeb1,Shakya1,Shalin1,Shalom1,Shaluka2,Shamus1,Shandon18,Shane1,Shanit1,Shanjeet1,Sharan1,Sharif1,Sharjeel1,Sharr1,Sharshaad1,Shashwat1,Shashwata8,Shaun1,Shaw20,Shawn1,Shawn-Anthony1,Shawndell1,Shawntez2,Shay1,Shayaan#,Baby Boy Names4,Shayan1,Shayde3,Shayden1,Shaydence2,Shaydon3,Shaye2,Shayne4,Shea1,Sheamus1,Shelby1,Shelden15,Sheldon1,Sheldrake1,Shelten1,Shema1,Shengjie1,Shepard1,Shepherd1,Sheridon1,Sherman1,Sherwin1,Shia1,Shilo1,Shiloh1,Shiv1,Shivam3,Shivraj1,Shlomo1,Shoal1,Shoiab1,Shon1,Shoney1,Shravan1,Shubkarman1,Shuchir1,Shuhaib1,Shuja1,Shujauddin1,Shylo1,Shynal3,Shyne1,Sid1,Sidar1,Siddh1,Sidhant1,Sidharth8,Sidney1,Sieu1,Sikander1,Silar#,Baby Boy Names28,Silas1,Siler1,Silva1,Silvano1,Silver3,Simeon32,Simon1,Simran1,Simranjeet2,Simrat1,Simrit1,Simvula1,Sincere2,Singh1,Sinisa1,Sinte-Ska2,Siraj1,Sirhc1,Sirtaj1,Siye1,Skilor1,Skip1,Skyeler8,Skylar1,Skylen13,Skyler11,Slade2,Slader1,Slater1,Slayde3,Sloan3,Smith1,Sobhan1,Sodhatt1,Sofian1,Sohaib1,Sohalpreet2,Soham1,Sohan1,Sohrab1,Sohum1,Sol1,Solien8,Solomon1,Son1,Sonnie4,Sonny6,Soren1,Soroush1,Sorren#,Baby Boy Names1,Soterios1,Soubaig1,Souhail1,Soul33,Spencer1,Sricharan1,Srineev1,St.1,Stanlee1,Stanley1,Stantyn1,Stavros4,Steele8,Stefan1,Stefano1,Stefen1,Steffan1,Stellan1,Stellen1,Stepan4,Stephan12,Stephen1,Stephon5,Sterling2,Stetson27,Steven1,Stevie2,Stewart1,StJon1,Stony2,Storm1,Stormy1,Stran1,Stranton1,Stryder3,Stryker2,Stuart1,Stylus1,Subhan1,Subhan-ur-Rahman1,Suchir1,Sudais1,Sufwan1,Suhaib1,Suhayb1,Sukhjit1,Sukhjot3,Sukhman1,Sukhmeet1,Sukhraj#,Baby Boy Names1,Sukhtaj2,Sukhveer1,Sulaiman1,Suleaman1,Suleman11,Sullivan1,Sully1,Sulman2,Sultan1,Summi1,Sumner1,Sunday1,Sung1,Sunny1,Sunrise1,Surkhab1,Surrae1,Surya1,Sutherland2,Sutton1,Swade1,Swalaeh1,Sydney11,Syed1,Syed-Kumail1,Sylar3,Sylas1,Syler1,Sylis1,Syliss1,Sylus1,Sylvan1,Sylvester2,Syrus1,Sythad1,Szilard1,T.J.1,Taaha1,Taamir1,Taavi1,Tabish1,Tadem1,Tadhg1,Tadiwa1,Taeden1,Taelin1,Taesean1,Taeson1,Taevin2,Taevz#,Baby Boy Names4,Taha1,Tahseen1,Tai1,Taiden1,Taie1,Taigan1,Taige2,Taiki1,Taiko1,Taisen1,Taisher1,Tait1,Taiten1,Taithen1,Taivan2,Taiven1,Taiwo1,Taj1,Tajhawn2,Tajveer1,Takamori1,Takayoshi1,Takoda1,Takunda5,Talan2,Talen1,Taleon1,Talha1,Talib1,Taliesin1,Tallal1,Tallen1,Tallon17,Talon1,Talos1,Talus1,Talyn1,Tam1,Tamarik1,Tamer1,Tammer1,Tanay1,Tanbir1,Taner1,Tanis43,Tanner1,Tanton1,Tanum1,Tanveer1,Tao#,Baby Boy Names1,Taoin1,Taran1,Tarandeep2,Taranveer5,Tarek1,Taren2,Tarik1,Tariq1,Tarnjot1,Tarnveer1,Taron1,Tashif1,Tasy10,Tate1,Tathya1,Tausif1,Tavares1,Tavaris1,Tave5,Taven1,Taver1,Tavian1,Tavie8,Tavin1,Tavin-Derwin1,Tavis1,Tavish1,Tavleen1,Tavrayan2,Tavyn1,Taydem5,Tayden1,Taydon3,Taye1,Tayevian1,Tayis5,Taylen2,Tayler1,Tayln3,Taylon16,Taylor1,Taylus1,Taym1,Tayn3,Taysen1,Tayssir1,Tayte1,Tayten-Sean1,Taythan3,Tayton#,Baby Boy Names2,Tayven4,Tayvin1,Tayvn1,Tayyab1,Tayyeballah1,Tazlun1,Tazz1,Tazzmin8,Teagan1,Teagen1,Teague1,Teancum1,Teathluoch1,Ted2,Teegan2,Tegan1,Tegan-James1,Tegh1,Teghbeer1,Tegin1,Teigan1,Teigen1,Teigue1,Teiran1,Tej3,Tejas1,Tejasvir1,Tejbir1,Tejpal1,Tejrieck1,Tekoa1,Tempus1,Temuulen3,Tenzin1,Teo1,Tepairu1,Terani1,Terek1,Terelle1,Terex1,Teriy1,Terrace7,Terrance3,Terrell4,Terrence2,Terris4,Terry1,Teryn1,Teshawn1,TeShon#,Baby Boy Names1,Tesloach1,Tess1,Teswen1,Tevlin1,Teygan1,Thach1,Thad3,Thaddeus1,Thade1,Thaden1,Thadeus1,Thales1,Thalis1,Thamer1,Thane1,Tharen1,Tharusha2,Thatcher1,Thayden3,Thayne8,Theo25,Theodore1,Theodorus2,Theoren1,Theoron4,Theron1,Theus2,Thiago1,Thias2,Thien2,Thierry2,Thijs108,Thomas2,Thor1,Thorsdon1,Thot1,Thrishul1,Thunder1,Thys1,Ti7,Tiago1,Tianlin1,Tiarnan1,Tiberius1,Tidus1,Tiego4,Tiernan1,Tijan1,Tilend1,Tilsyn#,Baby Boy Names1,Tim1,Timias1,Timmothy18,Timothy1,Timujin1,Timur2,Titan1,Titouan-Tido13,Titus1,Toben1,Tobenna1,Tobi15,Tobias1,Tobijah1,Tobin7,Toby2,Todd1,Toews1,Tolan1,Toluwani4,Tom6,Tomas1,Tomás1,Tombe5,Tommy1,Tone2,Tong11,Tony1,Tor1,Toran1,Toren1,Tori1,Torian7,Torin1,Torlan1,Torleif1,Torq1,Torren1,Torrin1,Toryn1,Torynn1,Tosan2,Tosh1,Traben11,Trace3,Trae1,Traeh1,Traevas1,Trafford1,Trauner#,Baby Boy Names30,Travis1,Trax1,Trayce1,Trayden1,Traydence1,Traydin1,Trayle1,Traylem1,Trayson1,Traytin1,Trayton1,Tre9,Trent1,Trentin9,Trenton1,Trestan1,Tresten1,Treston1,Trevan1,Treven1,Trever2,Trevin1,Trévon11,Trevor1,Trew14,Trey1,Treydell1,Treyden10,Treyton1,Treytyn1,Trezden1,Trieste1,Trig1,Trigg1,Triman1,Trinden1,Trinton1,Trip5,Tripp1,Tripten1,Tristain128,Tristan1,Tristan-Brian-Micheal13,Tristen4,Tristian5,Tristin1,Triston2,Tristyn1,Triton1,Trooper#,Baby Boy Names16,Troy1,Troyton2,Truce2,Truen1,Truett1,Trustyn1,Trycestan1,Trygve2,Tryson8,Trystan1,Trysten2,Trystin1,Tsenguun1,Tu15,Tucker1,Tudor1,Tuff1,Tugra1,Tukeer1,Tuomas2,Turner2,Tushar46,Ty7,Tyce2,Tycen2,Tyden1,Tydus7,Tye1,Tyeon3,Tylan100,Tyler1,Tylin2,Tylor1,Tylorus1,Tynan1,Tynian1,Tynin1,Tyrease1,Tyreen1,Tyreese8,Tyrell2,Tyrelle2,Tyren1,Tyres3,Tyrese1,Tyresse1,Tyrik2,Tyrin1,Tyron3,Tyrone#,Baby Boy Names2,Tyrus2,Tyse1,Tyseer6,Tysen1,Tyshaun85,Tyson1,Tyson-Kane1,Tyzia2,Ubaid1,Ubayy1,Uchechukwuka1,Uchenna1,Udhay5,Umar1,Umer1,Umran1,Unimashi2,Uriah2,Uriel2,Urijah1,Urosh1,Usher1,Usman1,Utesin1,Uttam1,Uyohoini4,Uzair1,Vaaris1,Vaclav1,Vaden1,Vaghel1,Valen1,Valentin1,Valentino1,Valon1,Valyn5,Van4,Vance1,Vanden2,Vander2,Vann1,Vansh2,Vaughan9,Vaughn2,Ved1,Veidant1,Vek1,Vel1,Venice1,Vertus#,Baby Boy Names1,Vianje1,Vickren10,Victor2,Viggo3,Vihaan1,Vi-Jay1,Vikram3,Viktor2,Vince31,Vincent1,Vinh1,Vinicio1,Vinny1,Vinwar1,Vinware1,Viraaj2,Virgil1,Vishal1,Vitali1,Vithuran1,Vivaan1,Vlad2,Vladimir1,Voltaire3,Von1,Vox1,Vraj1,Vrundeep2,Vuk1,Vyom1,Wada3,Wade1,Wael1,Wafik1,Wagiya1,Wahaaj1,Wahib1,Wahid1,Wahn-Hathzi1,Wai1,Wais2,Wake1,Walid1,Waliyudine13,Walker7,Walter1,Walyd1,Wang1,Waqas4,Ward#,Baby Boy Names2,Warner5,Warren1,Warrington1,Waseem1,Wason1,Wayland1,Waylen7,Waylon2,Wayne1,Webber1,Weerapat1,Wellington1,Wenlor22,Wesley1,Wesly1,Westen4,Westin1,Westly17,Weston1,Whip1,Whylee1,Wiktor1,Wil1,Wilbert1,Wilbertson1,Wild3,Wilder2,Wilfred1,Wilfrid3,Wilhelm7,Will1,Willard10,Willem1,Willi198,William2,Willis1,Willson8,Willy1,Wilm2,Wilson5,Winston1,Wisdom1,Wolf1,Wolfe2,Wolfgang1,Wowie1,Wrath116,Wyatt1,Wyatt-Grey2,Wylder#,Baby Boy Names4,Wylie1,Wynatte1,Wynston1,Xaander1,Xaivier48,Xander1,Xandro1,Xandrous1,Xanth1,Xaryn68,Xavier1,Xayden1,Xen1,Xiavery1,Xida1,Xyrel1,Xyrian1,Xzander1,Yabtsga1,Yaekob1,Yagna1,Yaheya5,Yahya1,Yak1,Yakobu1,Yakoub1,Yamato1,Yan1,Yannic1,Yannicke1,Yaqin1,Yaroslav2,Yaseen2,Yash1,Yasha1,Yashar1,Yashdeep1,Yashnit1,Yashpal1,Yashraj1,Yashvir1,Yasiin1,Yasin1,Yasir1,Yasseen1,Yassen2,Yasser1,Yassine1,Yassir1,Yazan#,Baby Boy Names1,Yazeed1,Yeewon1,Yeshuah1,Yeshurun1,Yevin1,Yijia1,YiMing1,Ylan1,Yoan4,Yoel1,Yoji1,Yondric1,Yonis1,Yoon1,York2,Yosef1,Yosias1,Younis8,Yousef2,Yousif4,Youssef1,Youssof2,Yousuf1,Yudai1,Yufan1,Yug1,Yu-Hin1,Yuhong1,Yukiya2,Yunis1,Yunus1,Yuqi2,Yuri1,Yusof1,Yussef1,Yussif14,Yusuf2,Yuto2,Yuvraaj7,Yuvraj2,Yuzarsif1,Zaaron1,Zablon3,Zac1,Zacariah1,Zacarias1,Zaccheus1,Zaccias4,Zach1,Zacharia#,Baby Boy Names6,Zachariah1,Zacharias2,Zacharie119,Zachary1,Zacheriah17,Zachery12,Zack1,Zackari1,Zackarias16,Zackary1,Zackary-Damico11,Zackery1,Zacki1,Zackry3,Zade1,Zaden1,Zadok1,Zafar2,Zaid1,Zaide3,Zaiden2,Zaidyn1,Zaigham10,Zain3,Zaine1,Zairan1,Zairn1,Zak1,Zakari7,Zakaria1,Zakariah3,Zakariya2,Zakariye2,Zakariyya4,Zakary1,Zakhai1,Zaki1,Zakiya4,Zakk1,Zakkiah1,Zaman1,Zamin2,Zan1,Zana1,Zanden26,Zander10,Zane1,Zarik1,Zaryab1,Zaryn#,Baby Boy Names7,Zavier1,Zaviyar1,Zaxten1,Zayaam1,Zayan1,Zayd1,Zayde7,Zayden1,Zayn3,Zayne1,Zdeno1,Zé1,Zeal1,Zealan1,Zealand1,Zechariah1,Zedric2,Zein3,Zeke1,Zen1,Zendyn1,Zene1,Zennick1,Zeno1,Zenon1,Zenrik1,Zenry1,Zeph1,Zephaniah1,Zephen1,Zephyr1,Zeray1,Zerez1,Zerin1,Zerubabale1,Zesheng1,Zetle-Atiantic-James1,Zhaydon1,Zhen1,Zheylin1,Zhian1,Ziah1,Zian1,Zidaan1,Zidane1,Ziheng1,Zimo6,Zion1,Zishan1,Zixu#,Baby Boy Names1,Ziyad1,Zoey1,Zohaib1,Zohair1,Zoravar1,Zoren1,Zouhaib1,Zuber1,Zubeyr1,Zubin1,Zué1,Zuhair1,Zuhayb1,Zuheb1,Zuko1,Zundr1,Zxavier1,Zyden1,Zylen1,Zyler