#,Baby Boy Names1,A.1,A.G.1,A.J1,A.J.1,Aaden1,Aadhi2,Aadi1,Aaen1,Aagam2,Aahil1,Aaidan1,Aamir1,Aarab1,Aaran14,Aarav1,Aaravjeet3,Aaric1,Aarion1,Aaris1,Aarish4,Aariz2,Aarnav69,Aaron2,Aarush1,Aarya4,Aaryan1,Aashim1,Aathmaj1,Aave2,Aayaan2,Aayan1,Aazan1,Abad8,Abbas1,Abbott1,Abdallah1,Abdar1,Abdelaziz4,Abdi1,Abdias1,Abdiaziz1,Abdifatah1,Abdihakim1,Abdiqani1,Abdiraxman1,Abdirihman1,Abdisamad1,Abdosh1,Abdruhman7,Abdul#,Baby Boy Names1,Abdulahi1,Abdul-Azeez1,Abdulhay1,Abdul-Kareem1,Abdulla13,Abdullah6,Abdullahi1,Abdul-Majid1,Abdulmuhaimin1,Abdul-Rafay1,Abdulraheem2,Abdulrahman1,Abdul-Rahman1,Abdur1,Abdurahman1,Abdu-Rahman1,Abdurrahman2,Abe1,Abeer7,Abel1,Abhay1,Abhaykaran1,Abhijit4,Abhijot3,Abhiraj2,Abiel1,Abinaik1,Abnet1,Abo1,Abokor1,Abolfazl1,Aboubacar4,Abraham8,Abram1,Absera1,Absham1,Abubaker1,Abubkr1,Acaden3,Ace1,Acer1,Acesa1,Aceton3,Achilles1,Adain123,Adam1,Adam-Mustapha1,Adan1,Adar2,Adarsh#,Baby Boy Names1,Adas-Wandycz1,Addison1,Addox1,Ade2,Adé1,Adekola2,Adem1,Ademíl13,Aden1,Adeoluwa1,Adewale3,Adham1,Adhwaidh1,Adib2,Adil1,Adino1,Adison5,Aditya1,Adler1,Adley1,Adnaan2,Adnan1,Adolf1,Adonai1,Adoniah1,Adrean31,Adrian3,Adriano4,Adriel4,Adrien2,Adrik2,Advaith1,Advay1,Advaya1,Adwin1,Adyson1,Aedan1,Aeden1,Aelam1,Aellilan1,Aemen1,Aeodyn1,Aeric1,Aeron2,Aeson1,Afan1,Afeef1,Afnan1,Afraz1,Afsheen#,Baby Boy Names1,Aftab1,Agieng1,Aguek1,Agustin2,Agustus1,Ahad1,Ahlyan1,Ahlyzah18,Ahmad29,Ahmed1,Ahmir1,Ahneb1,Ahraf1,Ahren3,Ahsan49,Aidan128,Aiden1,Aidin4,Aidyn2,Aikam1,Aikamjeet1,Aikamjit1,Aikampreet2,Aimal3,Aiman1,Ain1,Aisyn1,Aizen1,AJ1,Ajang1,Ajax2,Ajay1,Ajeet1,Ajit1,Akaash1,Akaie1,Akale1,Akam2,Akash1,Akashdeep1,Akbar1,Akdas3,Akhil1,Akif1,Akol1,Akos1,Akram4,Aksel1,Akshat1,Akwaowo#,Baby Boy Names1,Akwon1,Akxyl1,Al1,Alador7,Alan2,Alaric2,Alasdair1,Alastair1,Alav1,Albaraa1,Albara'a12,Albert1,Albi1,Albirr1,Alby1,Aldan1,Alden1,Alder1,Aldrich9,Alec1,Alecks13,Alejandro2,Alek1,Alekai1,Aleksa1,Aleksandar1,Aleksander2,Alekzander1,Alem1,Ales5,Alessandro1,Alessio43,Alex234,Alexander1,Alexandir4,Alexandre4,Alexandru1,Alexei2,Alexey1,Alexi1,Alexis4,Alexzander4,Alfred1,Algin1,Al-Hasan44,Ali1,Aliasghar1,Alicena1,Ali-Hather1,Alijah#,Baby Boy Names1,Alik1,Alin1,Aliou1,Ali-Reda5,Alistair4,Alister1,Alius1,Alix1,Alixzandar1,Aliyas6,Allan4,Allen1,Allias1,Allikay1,Allister1,Alonso1,Alor1,Alp1,Alper2,Alpha1,Alsheikh2,Alton1,Alvaro4,Alvin1,Alvir1,Alzahran1,Amaan1,Amaanat2,Amaar1,Amadeo1,Amadeus3,Aman1,Amani1,Amanj2,Amanuel1,Amanzo1,Amar3,Amari1,Amawi3,Ambrose2,Ameen2,Ameer1,Amen1,Amer1,Amerson1,Ameur5,Amin7,Amir1,Amit1,Amitoj#,Baby Boy Names1,Amjad1,Ammaar1,Amman5,Ammar4,Amos2,Amr1,Amren2,Amrit1,Amritbir1,Amro1,Amza1,An3,Anakin1,Anand1,Ananda1,Anania1,Ananya3,Anas1,Anastasios1,Anatol1,Anav1,Anden5,Anders1,Andersen12,Anderson1,Andhika1,Andon7,Andre6,André3,Andreas6,Andrei1,Andrei-Kenneth1,Andreil1,Andren4,Andres1,Andrés96,Andrew2,Andrey1,Andrin9,Andy1,Andyn3,Angad1,Angadh1,Angadjot1,Angel1,Ángel6,Angelo6,Angus1,Anik1,Anikyn#,Baby Boy Names1,Anil1,Aniq3,Anish1,Anjiloh1,Ankit1,Anngad1,Ansel3,Ansh2,Anshveer7,Anson1,Ante1,Antek1,Anthoney59,Anthony2,Antoine3,Anton1,Antonee1,Antoni14,Antonio2,Antony1,Antwoine1,Antwon1,Anubhab1,Anush1,Anuup1,Anwar1,Aodhán5,Apollo1,Araan1,Aram2,Arash1,Arashdeep2,Arav1,Arby2,Arcadian1,Archan12,Archer2,Archibald1,Archie1,Arda1,Areeb2,Ares1,Arham1,Arhan1,Arhum5,Ari3,Arian1,Arie1,Ariel3,Arien#,Baby Boy Names1,Arieus1,Arif1,Arifcan1,Arik1,Arin1,Arinze1,Arion1,Ariono1,Ariston1,Arius1,Arizona2,Arjan12,Arjun1,Arjuna1,Arkel1,Arlan3,Arlen1,Arlin1,Arlind6,Arlo1,Arly9,Armaan7,Arman2,Armando2,Armani1,Armanjeet1,Armeen1,Armhan4,Armin1,Armughan1,Arnie3,Arnold1,Aroko1,Aron2,Arop1,Arsalan1,Arseniy1,Arseny1,Arsh3,Arshaan1,Arshad1,Arsham1,Arshaun1,Arshmeet1,Arshnoor1,Arshveer1,Artem1,Arthithan5,Arthur1,Artin#,Baby Boy Names1,Arto1,Arturo1,Aru1,Arunauvh1,Arunodoy1,Arush6,Arvin1,Arwinder1,Arya8,Aryan1,Aryian2,Asa3,Asad1,Asante1,Aser1,Aserom1,Asghar1,Ash1,Ashaan1,Ashaze58,Asher1,Ashford3,Ashley1,Ashlin1,Ashmandeep2,Ashtin64,Ashton1,Ashton-Kane1,Asinge1,Aslan1,Assad1,Assena1,Aston1,Atem1,Athan1,Atharva1,Athiei1,Atida1,Atlan3,Atlas1,Atley1,Atli1,Atlin1,Atorius1,Atrayo3,Atreyu1,Atta9,Atticus3,Attila1,Attwood#,Baby Boy Names1,Atulya1,Aubrey1,Aubteen1,Auden4,August1,Augustine2,Augustus1,Auke2,Aum1,Auren1,Aurick1,Aurko2,Auron1,Aushon1,Ausitin1,Austen114,Austin1,Auston6,Austyn3,Aven1,Averi30,Avery1,Avhijot5,Avi1,Avian1,Avicenna1,Avida1,Avighna1,Avijit2,Avijot1,Avin1,Avinash1,Aviraj1,Aviram1,Aviroop1,Avishkar1,Avner2,Avry1,Avtar1,Awal1,Awan12,Axel1,Axl1,Axsen5,Axton1,Axtyn16,Ayaan1,Ayad4,Ayan2,Aydan#,Baby Boy Names39,Ayden5,Aydin1,Ayerab1,Ayie1,Ayii6,Ayman1,Aymen1,Ayomikun2,Ayoub1,Ayrton5,Ayub4,Ayush2,Ayuub1,Ayyub1,Azaan2,Azariah1,Azarius1,Azim1,Azlan1,Babatunde1,Baby1,Badies1,Baelan1,Baheer1,Bahjat1,Bailey1,Bailian1,Baily2,Baker1,Bakoge1,Bakri1,Balavishnu1,Balian1,Balkarman1,Balpreet1,Balraj1,Balrampreet1,Balsahib1,Bamey1,Baneet1,Bang1,Banks1,Banny1,Bantaj1,Bao1,Baqar1,Bara1,Barabbas1,Barad1,Barakat#,Baby Boy Names1,Bardaan1,Bardea1,Barett1,Baris1,Barnabas1,Barratt8,Barrett1,Barron1,Baruch1,Bashir2,Bastian1,Batu7,Bauer1,Bauz1,Baxter1,Baylee1,Baylen1,Bazil14,Beau1,Beaux8,Beck1,Beckam1,Beckem11,Beckett1,Beckett-Joesph8,Beckham1,Bedan1,Behram2,Beka1,Bekkam1,Belal1,Bellamy20,Ben1,Benaebi1,Bence2,Benedict1,Beniam1,Benicio1,Benj1,Benjamen208,Benjamin1,Benjiman2,Benn6,Bennet41,Bennett1,Bennette11,Benny1,Benoit1,Benoît3,Bensen#,Baby Boy Names11,Benson50,Bentley4,Bently2,Benton1,Benyamin1,Benygach1,Beowolf1,Bereket1,Berkley2,Bernard1,Besart1,Besmir1,Besson1,Bharath1,Bhavneet11,Bilal1,Bilge-Kadirhan1,Billal5,Billy1,Binar1,Bing1,Binh1,Birhat1,Birk1,Biruk2,Bishop1,Black4,Blade8,Blaine5,Blair4,Blaise2,Blaize80,Blake1,Blayke1,Blayne4,Blayze5,Blaze1,Blerdi1,Blu1,Blue2,Blythe2,Bo2,Boady6,Boaz2,Bobby4,Bode1,Bodell5,Bodhi2,Bodi2,Bodie#,Baby Boy Names1,Bogdan3,Bohdan1,Bokken2,Bol1,BomBouth1,Bonzyk1,Boomer2,Boone2,Bosco1,Bose1,Bosen13,Boston2,Bostyn1,Botond8,Bowen1,Bowman1,Brace2,Bracen1,Bracken1,Braddi-John17,Braden1,Bradey19,Bradley1,Bradon49,Brady2,Bradyn15,Braeden2,Braedon1,Braedyn1,Brahmjot1,Braidee10,Braiden1,Bramley2,Brandan7,Branden1,Brando49,Brandon4,Brandt2,Brandyn1,Branko2,Branson2,Brant1,Braven1,Braxdyn1,Braxson1,Braxtin17,Braxton1,Braxtyn1,Braxyn1,Bray#,Baby Boy Names1,Braydan81,Brayden1,Brayden-Ivan1,Braydo7,Braydon1,Braydon-Lee2,Braylon1,Braysen1,Braysin1,Brayson1,Braze1,Brea1,Breck1,Brecken1,Breckin1,Breightin1,Breindel1,Brekkin22,Brendan2,Brenden1,Brendle3,Brendon1,Brenin16,Brennan2,Brennen1,Brennos2,Brent1,Brenton3,Bret1,Breton18,Brett1,Bretton1,Brewer2,Brexton1,Breydan1,Breyden15,Brian2,Briar1,Brice1,Briggdon3,Briggs4,Brigham4,Brighton1,Brik1,Bril2,Briley1,Brismoh1,Bristol1,Britton1,Brityn#,Baby Boy Names1,Brixton1,Broayden1,Broc26,Brock2,Brodan1,Brodee4,Broden17,Brodie88,Brody1,Brodyn2,Brogan1,Brohm1,Bronek1,Bronkson8,Bronson2,Bronx1,Bronze1,Brook1,Brooklyn9,Brooks5,Bruce1,Bruk12,Bryan2,Bryant26,Bryce6,Brycen6,Bryden1,Brydin1,Brydon1,Bryer1,Brylan1,Bryland1,Brylee1,Bryn1,Brynlee1,Brynmore1,Brynn1,Brynner2,Brysen17,Bryson1,Bryton1,Bsrat1,Buddy1,Buoy1,Burak5,Burke1,Burkley1,Burton4,Byron1,Cacey#,Baby Boy Names3,Cache1,Cacheus1,Cadao17,Cade1,Cadel34,Caden1,Cadler1,Caed2,Caeden1,Caedmen1,Caedyn11,Cael1,Caél9,Caelan4,Caeleb2,Caelen1,Caelin3,Caesar2,Cage1,Caheel1,Cai14,Caiden2,Caidyn1,Cail1,Cailan1,Cailer1,Caillen1,Cailob5,Cain1,Caine1,Cairo1,Caithun2,Caius4,Calder11,Cale139,Caleb1,Calen1,Caliden2,Calin1,Calix1,Callahn3,Callan12,Callen28,Callum1,Calob1,Calub3,Calum1,Calvert12,Calvin2,Cam#,Baby Boy Names4,Camden1,Camdon61,Cameron1,Cameryn1,Camillo3,Camilo3,Campbell1,Camren1,Camron2,Camryn2,Canaan1,Canada1,Canchi1,Cantrell1,Capen1,Cardson1,Carell2,Carl2,Carlin1,Carlisle4,Carlo7,Carlos1,Carmelo1,Carmichael2,Carmine1,Carnell2,Carrick5,Carsen71,Carson4,Carsten2,Carston1,Carsyn1,Carsynn184,Carter3,Carver1,Case4,Casen13,Casey35,Cash1,Cashious1,Cashis2,Cashius1,Cashlin2,Cashton1,Casion3,Cason1,Caspar1,Casper1,Caspian1,Cassen#,Baby Boy Names8,Cassius1,Caster5,Castiel1,Cathan1,Caulton2,Cavan24,Cayden1,Caydon2,Cayle2,Caylum1,Cayne1,Cayson1,Cecil3,Cedar7,Cedric3,Cedrick1,Cedrik1,Cédrik1,Cedrych1,Cenap1,Centarro1,Cernunnos1,Chaalan9,Chace1,Chache7,Chad1,Chadrick6,Chael1,Chahman1,Chainey1,Chaise1,Cha-kas-oo2,Chan16,Chance1,Chancler1,Chandler4,Channing1,Chantonio1,Chanveer1,Char1,Charbel2,Charl1,Charle50,Charles1,Charleston2,Charley37,Charlie1,Chas107,Chase3,Chasen#,Baby Boy Names1,Chase-Victor1,Chaston1,Chaton2,Chayce1,Chayden8,Chayse1,Chayton2,Chaz1,Chazz2,Chesney1,Chester1,Chet1,Chetra1,Chevy1,Cheyden1,Chiagozie1,Chidozie2,Chidubem1,Chimaobi1,Chimaobim1,Chimechetam1,Chinedu-David1,Chiwetelu1,Choen1,Chol1,Chozen2,Chris1,Chrisronnel1,Christiaan49,Christian1,Christien1,Christoff1,Christoffer1,Christofher1,Christophe45,Christopher1,Christvie1,Chukwudumaga1,Chukwunonso3,Cian3,Ciaran1,Ciarann1,Cid1,Ciel1,Cihan1,Cimran1,Cizar3,CJ1,Clarence14,Clark#,Baby Boy Names1,Clarke1,Claude1,Claudio8,Clay1,Clayden7,Clayton1,Clement1,Cline3,Clinton3,Clive2,Cloud3,Clyde1,Cobi1,Cobin1,Coby1,Coda1,Codey33,Cody1,Coehn6,Coen3,Cohan92,Cohen1,Cohën-Lieonel1,Cohenn1,Coilin1,Colban2,Colben52,Colby83,Cole1,Coledyn2,Coleman3,Coleton1,Coleton-James30,Colin2,Collin3,Colson3,Colt1,Colte16,Colten6,Colter4,Coltin58,Colton1,Coltyn1,Conall1,Conan1,Conlan1,Conley1,Connal30,Conner1,Connolly#,Baby Boy Names149,Connor5,Conor11,Conrad1,Conroy1,Constant1,Constantine1,Constantinos78,Cooper1,Copeland6,Corban5,Corben28,Corbin1,Corbon3,Corbyn1,Cord1,Cordelle1,Cordy1,Corevin3,Corey1,Corigan2,Corin3,Cormac4,Cornelius6,Corny1,Corrin1,Cortlan1,Corven2,Corwin1,Cosmo1,Costen1,Courage1,Coven1,Cowin2,Coy1,Cragen3,Craig1,Craydence1,Creedyn1,Cres1,Crew1,Crewzer3,Cristian4,Cristiano1,Cristobal1,Cristopher1,Crivan1,Cromwell5,Crosby1,Croy1,Crue#,Baby Boy Names1,Cruiz30,Cruz2,Cruze2,Cuinn7,Cullen1,Cupar6,Curtis1,Cy1,Cydric1,Cylus1,Cyprus1,Cyrille10,Cyrus1,D.J.1,Daanyaal1,Daataar1,Dabin1,Dace1,Dade1,Daedric1,Daegany2,Daelan2,Daelon1,Daelyn1,Daemian1,Daemon1,Daemyn1,Daeon1,Daes1,Daeshaun1,Daeson1,Dagen1,Dagim1,Dai1,Daigan1,Dailen1,Dailion1,Dain1,Daine2,Dainen2,Daiwik1,Dajia1,Daken1,Dakirri1,Dakoda9,Dakota1,Daksh1,Dale1,Dalen1,Daler#,Baby Boy Names1,Daliil1,Dallan17,Dallas1,Dallen1,Dallevin5,Dallin1,Daltin5,Dalton1,Damanjot1,Damarion1,Damaris1,Damean1,Damen1,Dameon37,Damian1,Damiean19,Damien1,Damifoluwa1,Damilola1,Damion22,Damon3,Dan1,D'André22,Dane1,Danen1,D'angelo2,Danick166,Daniel1,Daniël1,Danil2,Danilo1,Danish1,Daniyaal5,Daniyal9,Danny18,Dante1,Dant'e3,Danté1,Danton1,Dantré1,Daors4,Darcy1,Darek1,Darell1,Daren8,Darian2,Darien1,Darin2,Dario4,Darion#,Baby Boy Names3,Darious26,Darius1,Dariusz1,Darnnell1,Darrel3,Darrell7,Darren1,Darryn2,Darsh1,Dartagnan1,D'Artanyan1,Darwin1,Darwynn1,Daryen1,Daryon1,Dasan2,Dash2,Dashawn1,Dashel1,Dashen2,Dason1,Dassia1,Dastan1,Datis1,Daton1,Dave1,Daven1,Daveon2,Davian98,David1,David-Lomangho-Batonda8,Davin8,Davis1,Davnn1,Davon1,Davonn3,Davyn1,Dawit1,Dawnson1,Dawood1,Dawsen33,Dawson2,Dawsyn6,Dax3,Daxen4,Daxon1,Daxten1,Daxter4,Daxtin9,Daxton#,Baby Boy Names2,Daxtyn1,Daya1,Dayin3,Daylan4,Daylen1,Daylin1,Daylon1,Daymeion3,Daymon2,Daymond5,Dayne1,Daynex1,Daysen1,Dayson14,Dayton1,Dayvin1,Dayyan1,Deacan17,Deacon2,Deagan1,Deaglan2,Deaken1,Deakin2,Deakon17,Dean2,Deandre1,DeAndre1,Deandré1,Decan1,Decker1,Decklan1,Decklen2,Decklin1,Decklyn59,Declan2,Declin1,Dedrick1,Deedaar5,Deegan1,Deekon1,Deen1,Deepraj2,Degan1,Dehcyon1,Deigen1,Deighton1,Deinyefa1,Deion1,Deiondre1,Deirks#,Baby Boy Names1,Dekin9,Deklan1,Dekland3,Deklyn1,Del1,Delahoya1,Delaine1,Delaney1,Delanio3,Delano1,Delbert1,Dellen1,Dellon1,Delonte1,Delray1,Demetre1,Demetrius1,Demin1,Demir1,Demitre2,Demitri1,Denali1,Dencel4,Deng1,Denik2,Deniz1,Denley8,Dennis1,Denon1,Denton7,Denver1,Denym1,Denys3,Denzel1,Deo1,Deomart2,Deon1,Deontae1,Deontay1,Derby1,Dereck26,Derek1,Dereon2,Derick1,Derik1,Deron1,Derreck1,Derrias4,Derrick1,Derrius#,Baby Boy Names1,Derron1,Derwin1,Deryk1,Deshaun3,Deshawn1,De'Shayn11,Desmond3,Destin2,Destry1,Destyn1,Detrez1,Deucen1,Dev1,Devam3,Devan3,Deven13,Devin16,Devon1,Devonte1,Devron1,Devry2,Devyn1,Dexon19,Dexter2,Dextyn1,Dezi1,Dezire1,Dezmond1,Dezron1,Deztin1,Dharmveer1,Dhiraj3,Dhruv1,Diamant1,Diamanti2,Diamond1,Diar2,Diedrich9,Diego2,Diesel1,Dieter2,Diezel1,Dillan1,Dillion8,Dillon1,Dilraj1,Dilroop1,Dilsaaz1,Dilyn1,Dimalat#,Baby Boy Names3,Dimitri1,Dimitrije1,Dimitry1,Din1,Ding2,Dino3,Dion1,Dis'hawn1,Divit1,Divraj-Singh1,Divya5,Dixon1,Diyan1,Dmetro2,Dmitri1,Dmytri1,Doha1,Dokotya1,Domanic1,Domanik2,Domenic1,Domenico74,Dominic14,Dominick10,Dominik4,Dominique1,Domintian1,Dominyk3,Domonic1,Don6,Donald2,Donavin1,Donel1,Donnoven8,Donovan1,Dontay1,Donté4,Dorian1,Dorion1,Dotan3,Douglas1,Dovid2,Dracen1,Dradin2,Drae2,Draeden1,Draedyn1,Dragan1,Dragon34,Drake#,Baby Boy Names1,Draken1,Drako7,Draven1,Drayce8,Drayden1,Draydin1,Drayson4,Drayton3,Dre1,Dream1,Dreighson1,Drelyn1,Drennan1,Dreven23,Drew1,Dreydan6,Dreyden1,Dreydon1,Dreysen1,Dreyshawn1,Dreyson1,DreyVon1,Drezden1,Drissa1,Drue5,Dryden2,Duane1,Duggan1,Dumitru15,Duncan1,Dune1,Duramax1,Duren1,Durgesh1,Durron1,Dusan8,Dustin1,Duston1,Dusty1,Dustyn1,Dutt1,Duursakh2,Dwayne1,Dwight129,Dylan1,Dylan-Joseph1,Dylin1,Dyme1,Dynamite1,Dyords#,Baby Boy Names1,Dyson1,Dyvontai1,Eaden1,Eaiden4,Eamon1,Eamonn3,Ean2,Earl1,Eashan1,Eason1,Easten73,Easton3,Eastyn1,Eathan1,Ebad1,Ebba2,Eben1,Ebenezer1,Ebin1,Ebrahim1,Ebyn1,Echo1,Edah1,Edan3,Eddie2,Eddy2,Eden5,Edgar1,Edikan1,Edilson5,Edison4,Edmond2,Edmund1,Edom3,Edouard1,Édouard1,Edrees1,Edrei1,Edric2,Eduard1,Eduardo33,Edward10,Edwin1,Eeshan1,Efrem1,Efstratios1,Eguasa1,Egya2,Ehan1,Ehron#,Baby Boy Names1,Ehsan1,Eilam1,Eilyas2,Eirik1,Eizen1,Ejaaz1,Ekam1,Ekambir1,Ekamdeep1,Ekamjeet1,Ekamveer1,Ekmal1,Eknoor1,Ektaj1,El1,Elajah1,Elan2,Eldin1,Elgin55,Eli1,Elia1,Eliab37,Elias1,Elibryis1,Eliel1,Eliezer2,Elija76,Elijah1,Elim1,Eliot1,Eliott3,Elisha1,Elisiba1,Elit1,Eliya1,Elizar1,Ellijah32,Elliot18,Elliott2,Ellis1,Ellison1,Ellisten1,Elmanuel-Isaac1,Elmer-Charles-Rylee1,Eloi1,Elon1,Elonzo1,Elric1,Elstin1,Elton#,Baby Boy Names3,Elvis1,Elway1,Elwood1,Elyas1,Elyes1,Elyon2,Emanuel2,Embry1,Embur1,Emellian1,Emeric1,Emerie1,Emeron16,Emerson7,Emery1,Emet2,Emett1,Emi1,Emikoritse1,Emil1,Emile1,Émile1,Émilien3,Emilio15,Emmanuel1,Emmerson2,Emmet34,Emmett2,Emmit8,Emmitt1,Emory3,Emre1,Emry1,Enam1,Enaro1,Eniibukunoluwa5,Enoch1,Enock1,Enver8,Enzo3,Eoghan1,Eoin1,Ephraim1,Erasmus2,Eren1,Eren-Semih1,Erfaan1,Erhan74,Eric1,Erich#,Baby Boy Names5,Erick1,Ericko1,Erickson17,Erik1,Eriksson1,Erion1,Ermias3,Ernest2,Ernesto5,Ernie1,Eromosele1,Erra1,Errek1,Ervin1,Erwin1,Eryx2,Esa1,Escher1,Eser1,Esey5,Eshaan8,Eshan1,Eshant1,Eshemogie1,Esmael1,Esosa2,Espen1,Essa1,Essaf1,Essex1,Essey1,Esten1,Estevan1,Etaash1,Etay287,Ethan1,Ethaniel2,Ethen1,Etian1,Etienne1,Etnee4,Euan3,Eugene1,Eusco128,Evan4,Evander1,Evangelos1,Evans1,Everan40,Everett#,Baby Boy Names1,Everrett1,Everson1,Evert1,Everth2,Evin1,Evrest20,Ewan1,Ewen1,Ewhon1,Exander1,Exley1,Eyankaga1,Eyoel1,Eytan11,Ezekiel1,Ezel1,Ezequiel1,Ezer15,Ezra1,Ezrick1,Ezryn4,Fabian1,Fabien1,Fadull1,Faern1,Fahd1,Faheem1,Fahmi2,Faizan1,Faizyan1,Faizzan1,Falken1,Famous1,Fanial1,Faniel1,Faran1,Farand1,Farbud1,Fardeen1,Fareed1,Farees6,Farhan1,Farhane5,Faris1,Faroh1,Farrell1,Farshad1,Farzan1,Fasahat4,Fateh#,Baby Boy Names1,Fawwaz1,Fawzan1,Fayte1,Fazle20,Felix2,Félix1,Félix-Arnaud1,Felken1,Felyx1,Fen1,Fente2,Fenton1,Ferdows1,Fernandle6,Fernando1,Ferris1,Ferron1,Fezan1,Fife2,Filip1,Filmon2,Findlay1,Findley4,Finlay8,Finley39,Finn1,Finnan4,Finnegan1,Finnian1,Finnigan1,Finnlay3,Finnley1,Finnley-Casper1,Finnton2,Fintan2,Fischer1,Fisher1,Flavius4,Fletcher1,Florian1,Floyd2,Forest4,Forrest1,Foster1,Fouad4,Fox2,Francesco8,Francis2,Francisco1,Franciszek#,Baby Boy Names3,Franco7,Frank1,Frankie3,Franklin1,Franky1,Frans5,Franz1,Fraser2,Fred3,Frederick1,Fredrick1,Freedom1,Fritz1,Froilan1,Fuaid1,Fulton1,Furious1,Furkan4,Fynn1,Fynnley1,Gabereal1,Gaberiel1,Gabrieal132,Gabriel1,Gad1,Gaege1,Gael1,Gaeratt1,Gaétan1,Gagan40,Gage4,Gaige2,Galen2,Gamal1,Garen1,Gareth1,Garett1,Garièn1,Garion1,Garnett1,Garren3,Garret13,Garrett1,Garric2,Garrick1,Garrik1,Garrson1,Garry3,Gary1,Gatlin#,Baby Boy Names3,Gauge2,Gaven103,Gavin1,Gavril1,Gavyn1,Gehrig1,General1,Gennaro1,Geo1,Geoff3,Geoffrey1,Geordan1,Georden34,George1,Geovani7,Gerald3,Gerard1,Gerardo1,Gerhard1,Gerimiah1,Geritt1,Germaine1,Gerome1,Gerrath1,Gerrit1,Gerry1,Gerson1,Gethin1,Ghassan1,Gheorghe1,Gia5,Gian1,Gianbenedict4,Giancarlo2,Gianfranco1,Gianluka2,Gianni4,Gibson4,Gideon1,Gieran1,Gilbert1,Gio1,Gion1,Giordano1,Giorgio2,Giovani4,Giovanni3,Giuliano4,Giuseppe1,Gixxer#,Baby Boy Names1,Gjoa2,Glen1,Glissen1,Gobindpreet1,Godelyas1,Goi1,Gokhan1,Golden1,Gop1,Gopal1,Gordian1,Gordie6,Gordon1,Goriola1,Gospel1,Gracen1,Graden2,Gradey21,Grady1,Gradyn6,Graeme1,Graesen4,Graeson10,Graham1,Graidy1,Graison1,Graitrell-Vaun1,Grammy7,Grant1,Grattan3,Gray5,Grayden8,Graydon1,Grayer6,Graysen106,Grayson1,Grayson-Grey1,Greg1,Gregor16,Gregory2,Greycen4,Greysen25,Greyson25,Griffin1,Griffith2,Gryphon1,Gryson1,Guage1,Guanyu2,Guillaume#,Baby Boy Names2,Guled1,Gulled1,Gunbir2,Gunnar4,Gunner2,Guntaj1,Guntas1,Guransh1,Gurathan1,Gurbaksh1,Gurbaz2,Gurdas1,Gurek1,Gurekam1,Gurfateh1,GurHukam1,Gurik1,Gurjot1,Gurjovan1,Gurkirt1,Gurlaal1,Gurmaan1,Gurmanbir1,Gurmann1,Gurmanpreet1,Gurmehar1,Gurniwaz2,Gurnoor1,Gurpreet1,Gursahai2,Gurshaan6,Gurshan1,Gurshanpreet1,Gurshant1,Gurshawn2,Gursimran1,Gursirt2,Gurtaj1,Gurveer1,Gus1,Guthrie2,Guy1,Gybson1,Gyptian1,Haadi1,Haaken1,Haakon1,Haani1,Haaziq1,Habeeb#,Baby Boy Names2,Haben1,Habibuddin1,Habibullah1,Haddy1,Hadeed1,Hades5,Hadi1,Hadin1,Hadley1,Haedyn1,Hafidh1,Haidar10,Haiden1,Haider1,Haidyn1,Haine1,Haiqing1,Haithem2,Haiven1,Haizen1,Hakadah1,Hakim1,Hale1,Halem1,Halen1,Hamdi2,Hamid5,Hamish30,Hamza6,Hamzah1,Hanan1,Haniel2,Hank2,Hans1,Hans-Elijonh1,Hansen4,Hanson1,Hanwell1,Hanzel1,Hao3,Hardy1,Hargun1,Harib3,Haris1,Harith1,Harjan1,Harjap1,Harjas1,Harjen1,Harjot#,Baby Boy Names1,Harkeerat1,Harker3,Harlan1,Harlee1,Harlem1,Harlen1,Harlen-Joseph9,Harley5,Harlow2,Harman1,Harmandar1,Harmandeep1,Harmehar2,Harmon1,Harnoor1,Harold3,Haroon4,Harper1,Harprakash1,Harraj2,Harris18,Harrison4,Harry1,Harsahib4,Harshaan1,Harshal1,Harshan1,Harsharjun1,Harshbeer1,Harshdeep1,Harsimran1,Harsukhmn1,Hartaj1,Hartaz1,Hartley1,Hartwell2,Harveer2,Harvey3,Hasan2,Haseeb1,Hashem1,Hasher2,Hashim1,Hashmeet1,Hasneil3,Hassaan17,Hassan1,Hassanali1,Hatem1,Hatim#,Baby Boy Names3,Haven1,Havi2,Hawksley1,Hayaan1,Hayato1,Haydar127,Hayden1,Haydin3,Haydn3,Hayes1,Haykel1,Haylen2,Haylon1,Haytham1,Haythum1,Hayudin1,Haziel1,Hazza1,Healy1,Heartheaven4,Heath1,Hebron1,Hegenes2,Heinreich4,Heinrich2,Heinry1,Hejran1,Hejron1,Helios1,Helm1,Helo1,Hemayatullah2,Hendrick1,Hendrik4,Hendrix1,Henley1,Hennessy1,Henok6,Henri4,Henrik53,Henry1,Henryk2,Herbert1,Herman1,Hermann1,Heron1,Hesham1,Heshan1,Hewitt3,Hezekiah#,Baby Boy Names1,Hido1,Hieu1,Hilal1,Hilkija1,Hillol3,Himmat1,Hindol1,Hiroto1,Hisham1,Hiyabel20,Holden1,Holdyn1,Holliday1,Hollis3,Holt1,Holter1,Honiluv1,Hoomehr1,Horatio1,Horeb1,Hosam-Omer-Ismeil-Ibr-Hmdi2,Hosea1,Hoshan4,Houston2,Howard1,Hserlay1,Huck1,Hudeifa1,Hudsen92,Hudson4,Hugh4,Hugo1,Humam4,Humza3,Humzah1,Hunain1,Hunor132,Hunter1,Hunter-Rene1,Huntly1,Hurley1,Husam2,Hussain9,Hussein4,Hussien1,Hutsen7,Huxley1,Huy1,Huzaifa1,Hydar#,Baby Boy Names1,Hyder1,Hyrum1,Hyun1,Hyunbin1,Iain35,Ian1,Ibad3,Ibraheem1,Ibrahem23,Ibrahim1,Ibukunoluwa1,Idiris1,Ido1,Idowu1,Idriss1,Ifan1,Ifeoluwa1,Igasho1,Ignacio2,Igor1,Ihab1,Ikagar2,Iker1,Ikraam1,Ilias1,Ilunga1,Ilyaas5,Ilyas2,Imaad1,Imad1,Iman1,Imanuel3,Immanuel3,Imran1,Indee1,Inderpreet1,Indra1,Inigo1,Intaj1,Ioachim2,Ioan1,Ioannis1,Ireoluwa2,Irfan1,Irich1,Ironvoice1,Iruomachukwu2,Irvin1,Isa97,Isaac#,Baby Boy Names1,Isaack3,Isaak61,Isaiah1,Isaias10,Ishaan1,Is'haaq1,Ishan1,Ishaq1,Ishaya2,Ishmael1,Ishmaiel2,Ishmeet1,Ishvinder2,Isiah1,Isley3,Ismael1,Ismael-Khalidi7,Ismail3,Israel3,Issa5,Issac1,Issiah1,Itty8,Ivan1,Ivar1,Ives1,Ivor1,Ivraj1,Ivrick1,Ixias1,Iyaa'si'da1,Iycis4,Izaak3,Izaiah2,Izaias1,Izaion1,Izak1,Izaya2,Izayah1,Izeah1,Izhaar1,Izyan1,Izzac1,J.1,J.J1,J.T1,Jaace1,Jaayson1,Jaaziel1,Jabin#,Baby Boy Names1,Jabulani1,Jaccob50,Jace1,Jacek1,Jaceo1,Jach2,Jachin160,Jack3,Jacksen120,Jackson1,Jacksyn1,Jacky222,Jacob1,Jacobe5,Jacobi1,Jacobus6,Jacoby1,Jacques2,Jacy5,Jad1,Jade42,Jaden2,Jadon1,Jadyn1,Jaedan6,Jaeden1,Jaedon1,Jaedus1,Jaevin1,Jaeyden1,Jafar1,Jafet2,Jaffer1,Jager3,Jagger1,Jagjeet1,Jagr1,Jagshaan1,Jagvear1,Jagveer1,Jahan1,Jahfyron1,Jahleel1,Jahryd1,Jahvinson5,Jai3,Jaideep14,Jaiden1,Jaiden-Earl1,Jaidin#,Baby Boy Names2,Jaidyn1,Jaifred1,Jaikaran1,Jaime1,Jaimeet2,Jaimeson2,Jairo6,Jairus1,Jaise1,Jaishan2,Jaison1,Jaisson2,Jaiven1,Jaivin1,Jaivir1,Jak2,Jakaya54,Jake24,Jakob1,Jakobe1,Jakobi1,Jakoby8,Jakub1,Jal3,Jalal1,Jalees3,Jalen1,Jalil1,Jalon1,Jalyn2,Jamaal2,Jamal1,Jamam134,James4,Jameson10,Jamie3,Jamieson1,Jamil4,Jamin1,Jamis2,Jamison5,Jan1,Janarthan1,Jancarlo1,Jandrei1,Jandrey1,Janik1,Jannik1,Japjeet1,Japjit#,Baby Boy Names3,Japjot1,Japman1,Jarah23,Jared3,Jaren1,Jarene1,Jarett1,Jari1,Jarin1,Jarle1,Jarom1,Jarome2,Jaron1,Jarone1,Jarred1,Jarrett1,Jarris1,Jarron1,Jarryn1,Jarus2,Jarvis2,Jas1,Jasdeep10,Jase1,Jasey2,Jashan2,Jasiah2,Jasjot1,Jaskarran3,Jasman32,Jason1,Jasondeep1,Jaspartap42,Jasper2,Jaspreet2,Jasraj2,Jasroop1,Jassem1,Jaswant1,Javahn1,Javan5,Javen6,Javier1,Javinu1,Javious1,Jawaad6,Jawad20,Jax9,Jaxen3,Jaxin#,Baby Boy Names1,Jaxn95,Jaxon1,Jaxon-Cale2,Jaxsen29,Jaxson1,Jaxston9,Jaxton1,Jaxun2,Jaxx1,Jaxxon1,Jaxxyn10,Jay1,Jaybe19,Jayce1,Jaycob1,Jaydee128,Jayden1,Jayden-James1,Jayden-Jermaine1,Jayden-Santiago1,Jaydess1,Jaydin2,Jaydon1,Jaydyn1,Jayen2,Jayin1,Jayke2,Jaykob1,Jaylan1,Jaylon1,Jaymes1,Jaymie1,Jaymis1,Jayren1,Jayse2,Jaysen3,Jayson1,Jayten2,Jaythan1,Jayvyn1,Jaze1,Jazfer1,Jazib1,Jazyn2,Jean1,Jeancarlo1,Jean-Claude2,Jean-Luc1,Jéanoah1,Jean-Philip#,Baby Boy Names1,Jebediah3,Jed1,Jedediah2,Jedidiah1,Jédrik1,Jeedi2,Jeet1,Jeevanjot1,Jeff3,Jeffery17,Jeffrey1,Jeiden1,Jeidy1,Jend1,Jenner1,Jens10,Jensen2,Jerald1,Jeramih1,Jeredon22,Jeremiah1,Jeremie29,Jeremy1,Jeret3,Jericho1,Jeriese1,Jeriko2,Jerimiah1,Jerimy1,Jermain1,Jermaine1,Jermayne1,Jermey1,Jermiah8,Jerome1,Jerren1,Jerrick1,Jerrimie1,Jerris1,Jerritt6,Jerry1,Jerrydan1,Jerylle1,Jesaiah1,Jesal2,Jeshua4,Jesiah1,Jesias73,Jesse1,Jesseny#,Baby Boy Names1,Jessey2,Jessiah4,Jessie1,Jessy1,Jeston2,Jesus7,Jet4,Jethro22,Jett1,Jevan1,Jevohn1,Jevyn1,Jexen1,Jeyden1,Jeziah1,Jhai1,Jhan1,Jheirred1,Jhet2,Jhett1,Jhon-Gabriel2,Jia1,Jiabao1,Jiakai2,Jiankun1,Jiazhou2,Jibreel3,Jibril1,Jigar1,Jigarjot1,Jigme1,Jiho2,Jim1,Jimmi5,Jimmy1,Jin1,Jinayd1,Jireh1,Jiro2,Jivan1,JJ1,Joah7,Joaquin1,Joaquín1,Joaquine1,Joas1,Joash2,Joban1,Jobe1,Jodh#,Baby Boy Names1,Jodicy2,Joe1,Joedan1,Joe-Elliot47,Joel1,Joël1,Joephis3,Joesph8,Joey1,Joeye1,Joffrey1,Jogeshwor11,Johan2,Johann1,Johannes80,John1,Johnakim10,Johnathan2,Johnathon1,Johndell1,JohnLee1,John-Louie6,Johnny1,John-Sidney2,Johnson1,Jolandis1,Jomar2,Jon51,Jonah1,Jonahsen1,Jonan20,Jonas53,Jonathan1,Jonathen2,Jonathon1,Jonny1,Joo1,Joon65,Jordan1,Jordelle2,Jorden3,Jordin2,Jordon1,Jordy1,Jordyn2,Joren1,Joross1,Jorrit7,Jose1,José#,Baby Boy Names1,Josef79,Joseph1,Josephe1,Joseph-Marc9,Josh1,Joshane1,Joshawa138,Joshua1,Joshua-wooju33,Josiah1,Josias1,Josua1,Josue1,Josué1,Jotham1,Journey1,Journie5,Jovan1,Jovani1,Jovanni1,Jove1,Jovin1,Joypreet1,Jozhua1,Jozsua1,Jrayvis1,J'sean5,Juan19,Judah1,Judd36,Jude1,Judejunior1,Judson1,Jujhar1,Jules33,Julian8,Julien3,Julio4,Julius1,Jullian2,Junaid1,June2,Junior1,Junseo1,Junxi1,Jur-Z2,Justen9,Justice56,Justin1,Justin-Koma#,Baby Boy Names1,Justin-Rainier2,Justis3,Justus1,Justyn1,Justyn-Sales1,JV1,Jyles1,Jyotesh1,K.C.1,Kaaden1,Kaain1,Kaba2,Kabir2,Kace1,Kacen1,Kacey1,Kacper30,Kade41,Kaden1,Kadhar3,Kadin1,Kadince1,Kadon1,Kadyn1,Kaed1,Kaedan11,Kaeden1,Kaehler9,Kael1,Kae'l4,Kaelan1,Kaelib1,Kaelo2,Kaelum1,Kaelyx1,Kaemon1,Kaenen1,Kaesen5,Kage1,Kahiem1,Kahil1,Kahl1,Kahne51,Kai1,Kaí1,Kaidan1,Kaide28,Kaiden2,Kaidyn2,Kaige#,Baby Boy Names2,Kaiis2,Kail3,Kaileb1,Kailem1,Kailer1,Kailoh1,Kailym4,Kain1,Kainan1,Kaine1,Kainin1,Kaisaac1,Kaisen1,Kaiser1,Kai-Szen3,Kaius1,Kaiyn1,Kaj1,Kalab3,Kalan1,Kaland1,Kalani24,Kale48,Kaleb1,Kalel1,Kal-El1,Kalem6,Kalen1,Kalex1,Kali1,Kalib2,Kalid7,Kallen4,Kallum1,Kallyn1,Kalson4,Kalum1,Kalvin2,Kamden1,Kamdin4,Kameron1,Kamiss1,Kamrin3,Kamron1,Kamsiyochukwu1,Kanaan1,Kanada1,Kanan1,Kanav22,Kane#,Baby Boy Names1,Kanen1,Kaneyen1,Kanin1,Kanishk1,Kanumulle1,Kanyen3,Karam1,Karamvir2,Karan1,Karandeep3,Karanvir1,Karch11,Kareem1,Karim1,Karius4,Karl1,Karlin1,Karlyle1,Karma2,Karman1,Karmtej1,Karol1,Karrock7,Karsen19,Karson4,Karsten1,Karston1,Karsyn1,Kartal12,Karter1,Karthi2,Karthik4,Karver1,Karzen5,Kase5,Kasen1,Kaseon1,Kasey7,Kash1,Kashius2,Kashtan2,Kashten1,Kashtin7,Kashton3,Kashtyn1,Kashus1,Kasim6,Kason4,Kasper1,Kass#,Baby Boy Names1,Kassem1,Kasser1,Kassim1,Kasyn1,Kato1,Katsu1,Kausar1,Kavan1,Kavanaugh1,Kavanveer2,Kaven1,Kavin1,Kavy1,Kawner1,Kayble1,Kayce1,Kaycen1,Kaycer1,Kaydan1,Kayde61,Kayden1,Kaydin1,Kaydon1,Kayhil1,Kayl6,Kayle4,Kayleb2,Kaylem1,Kaylyb1,Kayman3,Kayne1,Kaysan8,Kaysen10,Kayson1,Kayto1,Kayton1,Kayze1,Kayzen1,Kazim1,Kazimir1,Kazio1,Kazmin1,Kazuya1,Keaden1,Keadin1,Keadyn13,Keagan1,Keagen1,Keagin1,Keagon#,Baby Boy Names1,Kealan3,Kean1,Keanan3,Keane1,Keanen2,Keanu1,Keaston1,Keaten24,Keaton1,Keats1,Keatyn28,Keegan1,Keeghan1,Keehlin4,Keelan1,Keeli1,Keelun17,Keenan1,Keerat1,Kees1,Keeyan1,Kegan1,Keheau1,Kei1,Keiane4,Keifer1,Keigan1,Keilan1,Keinen1,Keir7,Keiran4,Keiren10,Keith1,Keithan1,Keithen1,Keithin1,Keiton1,Kelhi1,Kelind8,Kellan6,Kellen1,Keller1,Kellin3,Kelly1,Kelson2,Kelten4,Kelton2,Kelvin1,Kelvys1,Kemal#,Baby Boy Names5,Ken3,Kenan1,Kendal1,Kendrew3,Kendrick1,Kenji1,Kenna1,Kennedy8,Kenneth3,Kenny1,Kent3,Kenton1,Kenyan2,Kenyon2,Kenzie1,Keo1,Keon1,Kepler1,Kerem1,Kerod1,Keshav1,Keshawn1,Kesiena1,Kesin1,Keslee2,Kesler1,Kessler1,Keston1,Kestrel1,Kestyn1,Ketan2,Kevan39,Kevin1,Keyan1,Keydan2,Keyden1,Keynen1,Keyo1,Keyon1,Keyson2,Keyton1,Khailan1,Khaison1,Khale12,Khaled1,Khaleel5,Khalid3,Khalil1,Khalin1,Khalon#,Baby Boy Names1,Khaly2,Khang1,Khanjan1,Khantamir1,Khaqan1,Khash1,Khera1,Khian2,Khizer1,Khoa1,Khoen1,Khoi1,Kholby1,Khush1,Khushkeerat1,Khye1,Khyler1,Khyrum1,Kiaan1,Kiah19,Kian1,Kibanga1,Kie2,Kiedis3,Kiefer1,Kienan35,Kieran1,Kierceson1,Kieren1,Kiernan3,Kieron1,Kiet1,Kieven1,Kiilu1,Killian1,Kim1,Kinan2,Kingslee10,Kingsley2,Kingsly51,Kingston1,Kinnon1,Kion1,Kiowa1,Kipp1,Kiptin1,Kipton5,Kiptyn1,Kiran1,Kirby#,Baby Boy Names1,Kiré1,Kiril1,Kirill1,Kirk1,Kirtan1,Kishan1,Kison1,Kitly1,Kiwin1,Kix1,Kiyanin1,Kiyon1,Klaas1,Klaas-Jan1,Klarheejey2,Klayton1,Klyde1,Knighten1,Knighton1,Knowligge11,Knox1,Koaltyn8,Kobe2,Kobi2,Kobie1,Kobin3,Koby2,Kobyn1,Koda1,Kode1,Koden7,Kody22,Koen1,Kogan1,Kohbin9,Kohen1,Kohji2,Kohl1,Kohl-Douglas1,Kohlton1,Kohnner1,Kohnor1,Kolbee1,Kolbie1,Kolbin8,Kolby5,Kole1,Kolsen2,Koltan10,Kolten#,Baby Boy Names2,Koltin6,Kolton2,Koltyn1,Konan1,Konen3,Konner4,Konnor1,Konstantin1,Konstantine2,Kooper1,Koosh2,Korban3,Korben6,Korbin1,Korbyn-Dallas1,Kord1,Korey3,Kort3,Kory1,Kosai1,Kosten2,Koston1,Kouper1,Kourbyne1,Kourtin1,Kouya1,Kovannon1,Kove2,Kowen1,Kreuz1,Krew2,Kris5,Krish3,Krishan1,Krishay1,Krishn2,Krishna1,Krist1,Kristafer1,Kristiaan2,Kristian1,Kristiano1,Kristo1,Kristofer2,Kristoffer6,Kristopher1,Kristoz1,Kriyash1,Krosby1,Krum#,Baby Boy Names1,Krushna5,Kruz1,Kruze1,Krystof1,Ksisstsi'Kom1,Kullen2,Kulraj2,Kumail1,Kumar1,Kume1,Kunwardeep1,Kuot1,Kur1,Kurin1,Kurm6,Kurt2,Kush1,Kuyen1,Kwaku1,Kwyn1,Kwyntin1,Kyamin1,Kyan1,Kyber1,Kydan6,Kyden3,Kye1,Kyeson1,Kygan7,Kylan5,Kylar51,Kyle21,Kyler1,Kylevin1,Ky-Mani1,Kynan1,Kyngston1,Kyo1,Kypton4,Kyran1,Kyrell1,Kyren1,Kyrian1,Kyrin1,Kyro3,Kyron2,Kyson1,Kyto1,Kyus1,Kyver#,Baby Boy Names1,Labib15,Lachlan1,Lacin1,Ladarious1,Ladarius1,Lahson1,Laidlaw1,Lain3,Laine2,Laird1,Laith2,Lakai1,Lakelan1,Laken1,Lakoda1,Laksh1,Lam1,Lamar1,Lamek1,Lan11,Lance1,Lance-Andre2,Landan16,Landen1,Lander1,Landhon2,Landin1,Landis67,Landon1,Landrich2,Landry4,Landyn1,Landyon12,Lane1,Langston1,Lanny1,Larenz1,Larm3,Larry1,Lars1,Larsen1,Larson1,Laryan1,Larz1,Latham2,Lathan1,Latrell1,Lauchlan1,Lauchlin1,Laughlan#,Baby Boy Names1,Laughlin1,Laurent1,Lavada1,Law9,Lawrence1,Lawrence-Andrei6,Lawson1,Laycin9,Layne2,Layton1,Lazaro2,Lazarus2,Leander1,LeAndré1,Leathan8,Lee1,Leelan3,Leeland1,Leelin1,Leewat1,Leezaun1,Legacie1,Legend1,Legion1,Lehim1,Lehtyn7,Leif1,Leifr2,Leigh1,Leigham8,Leighton1,Leiland1,Leim21,Leland1,LeLand1,Lemmy1,Len1,Lenert1,Lennard1,Lennix10,Lennon7,Lennox1,Lenny30,Leo2,Léo5,Leon1,Léon6,Leonard1,Léonard8,Leonardo#,Baby Boy Names1,Leondrit1,Leone3,Leonidas2,Leonidus1,Leopold4,Leroy1,Leshawn1,Lesleigh1,Leslie1,Lester1,Leto91,Levi1,Leviathan1,Levi-Nathan3,Levon6,Lewis3,Lex1,Lexen2,Lexington1,Lexinton1,Lexon1,Lexus1,Lexx1,Leyam2,Leyton308,Liam1,Liame1,Liam-Tyler2,Liddell1,Liem1,Likith1,Limba65,Lincoln2,Lincon1,Lind8,Linden1,Lindon1,Lindsey1,Lindyn1,Lingesh3,Linken6,Linkin1,Linkin-Robert1,Linkon1,Linkun3,Linkyn2,Linus2,Lionel1,Lirik1,Lison#,Baby Boy Names1,Llewelyn1,Lleyton2,Lloyd1,Loai12,Lochlan1,Lochlann1,Lochwood2,Locke1,Locklan243,Logan2,Logen1,Loic4,Loki4,London1,Lonny1,Lontayis1,Lord1,Lordschild5,Lorenzo2,Lorne3,Louie10,Louis1,Louise1,Lourne1,Lowell1,Lowen1,Loyal1,Luakkuoth9,Luc30,Luca2,Lucah224,Lucas2,Lucca1,Luccas2,Lucian3,Luciano1,Lucias5,Lucien2,Lucious4,Lucius1,Lucky1,Lucus1,Lui1,Luigi5,Luis21,Luka2,Lukah1,Lukahs52,Lukas1,Lukasz#,Baby Boy Names100,Luke1,Luken1,Lukian1,Lukis3,Lukus1,Luong1,Luquman2,Luther1,Luv3,Lux1,Lyam1,Lycan1,Lyen1,Lykon7,Lyle1,Lyle-Andrew1,Lyncoln1,Lyncon1,Lynden4,Lyndon1,Lyndrell1,Lynkin1,Lynkyn2,Lyon1,Lyoto7,Lyric1,Lysandro1,M.3,Mac1,Macarios1,Mace1,Macen1,Maciek1,MacIntyre2,Mack1,MacKay1,MacKaylan1,MacKenzie1,Macklin1,Macklyn1,Maclane1,Maclean1,Macoy2,Macsen1,Macsimus2,Maddax19,Madden4,Maddex2,Maddix1,Maddoc#,Baby Boy Names1,Maddok2,Maddon31,Maddox3,Maddux1,Madex1,Madison2,Madix1,Mads1,Madut1,Maekin1,Maelaf1,Maël-Daniel1,Maeson1,Magan1,Magne6,Magnus1,Maguire1,Mahabir6,Mahad1,Mahamat1,Mahamed1,Mahar1,Maharshi2,Mahd4,Mahdi1,Mahfooz1,Mahi2,Mahihkan1,Mahikan1,Mahin2,Mahir2,Mahlon1,Mahmood5,Mahmoud1,Mahtab1,Maisen1,Maison1,Maizen2,Majd1,Majdi1,Majestic1,Majok6,Makai1,Makail1,Makaio1,Makaveli1,Maker1,Makhi1,Makol1,Makoy#,Baby Boy Names1,Makram1,Maks5,Maksim1,Maksym1,Maksymilian1,Makunya2,Malachai15,Malachi1,Malachy1,Malak6,Malakai1,Malakhi1,Malaki1,Malakye30,Malcolm6,Malek1,Maleki21,Malik1,Malikai1,Malix1,Mallesh1,Malnidalage1,Malone1,Malual1,Malyk1,Malykai1,Mamadee1,Mamadou1,Manas1,Manaseh1,Manbir1,Manik1,Manishankar1,Manjot1,Mankaran2,Manmeet2,Mannix1,Mannsimran3,Manny1,Manprabh5,Manraj1,Manroop1,Mantaj1,Mantej1,Manthan1,Mantoj1,Manuel1,Manusha2,Manvir9,Marc#,Baby Boy Names1,Marc-Alexander1,Marc-Andre5,Marcel2,Marcello2,Marcelo8,Marco1,Marcon-Okero2,Marcos1,MarcoXander63,Marcus7,Marek1,Maric1,Marik7,Mario1,Marion3,Marius23,Mark1,Markcuss1,Markell1,Markki1,Mark-Laurence6,Marko23,Markus4,Marley3,Marlon1,Marlow1,Marnix1,Maroch1,Marquis2,Marsden2,Marshal20,Marshall1,Marten11,Martin1,Martín1,Martine2,Marty1,Marvelous1,Marvin1,Marwan1,Marxen1,Marzelle1,Masato1,Mase1,Masein1,Masen1,Mashhud173,Mason3,Massimo1,Masud#,Baby Boy Names1,Masyn1,Mateen1,Matei1,Mateja30,Mateo1,Mateotl2,Mateusz1,Mateyo1,Mathéo1,Matheson15,Mathew10,Mathias2,Mathieu1,Mathíeu-Alain2,Mathijs1,Mathios3,Mathis1,Mathys7,Matias2,Matías1,Matino2,Matix4,Matt18,Matteo4,Matteus157,Matthew6,Matthias1,Matthiaus1,Matthieu1,Matti1,Mattia7,Mattias1,Mattis1,Mattison1,Mattix1,Matyx1,Mauli4,Mauricio1,Maven1,Maveric14,Maverick3,Mavrick1,Mavrrick1,Mawia64,Max1,Maxamas1,Maxiell16,Maxim4,Maxime7,Maximilian#,Baby Boy Names3,Maximiliano6,Maximillian1,Maximillion3,Maximo1,Máximo1,Maximos33,Maximus1,Maxin1,Maxom1,Maxson1,Maxton49,Maxwell1,Maxx2,Maxximus3,Maxym1,Mayan1,Maysam1,Maysn3,Mayson1,Mayven1,Mayz1,Mazar5,Mazen1,Mazigh1,Mazin1,McCartney1,McClain2,McCoy1,McCullum1,Mckaiis1,Mckale1,McKennon1,McKinley1,McKinnon1,McLaren1,McRae1,Mecca1,Megdad1,Mehdi1,Mehki1,Mehr1,Mehtab1,Mehul1,Meir4,Mekhi1,Mel1,Melad1,Melaki1,Melektab1,Melvin#,Baby Boy Names3,Memphis1,Menase1,Menelik1,Merak1,Merek1,Merik3,Merrick1,Mervon1,Meryk1,Messi2,Messiah1,Metaib1,Methyas2,Meyer1,Miauel34,Micah108,Michael1,Michaell8,Micheal2,Michel1,Michel-Joe1,Mickey-Joel1,Mieyer18,Miguel1,Mihailo1,Mika1,Mikaeel5,Mikael1,Mikah1,Mikah-Rhane3,Mikail1,Mikayl1,Mike1,Mikey1,Mikhael4,Mikhail1,Mikias1,Mikiyas2,Mikkel1,Mikko1,Mikolai1,Miksew1,Milad3,Milan18,Miles1,Miliano1,Millan9,Miller16,Milo1,Milos#,Baby Boy Names1,Mina1,Minh1,Miracle1,Miraj2,Miran1,Mirek1,Mirko1,Miroslav1,Misha1,Mistik1,Mitcheal3,Mitchel18,Mitchell1,Mixon1,Moadh1,Mobid1,Moemen7,Mohamad21,Mohamed1,Mohamed-Amine1,Mohamed-Robleh34,Mohammad24,Mohammed4,Mohid1,Mohidin1,Mohsin1,Mohtedi3,Moiz3,Monte1,Monty3,Moosa21,Morgan1,Morien1,Morley1,Morris1,Morrison1,Morshed1,Mosawer1,Moses1,Moshe1,Mossaab1,Mostafa2,Mouhamed1,Moustapha1,Mouyed1,Mrigank1,Mrinal1,Muath1,Muaz1,Mubaligh#,Baby Boy Names2,Mubarak1,Mubashir1,Mubeen1,Mudabbir1,Mudasire2,Muhamed47,Muhammad1,Muhammad-Ihtisham3,Muhammed1,Muhannad2,Muhieddine1,Muid1,Muiz1,Mujeebullah1,Mujtaba1,Mukulu1,Munaf1,Muneeb1,Munro1,Muntu1,Muqaddas1,Murtatha3,Murtaza6,Musa1,Mus'ab1,Musashi1,Mushfik1,Muskwa1,Mussab14,Mustafa1,Mustapha2,Muzammil1,Mwambila1,Mycheal1,Mydnite1,Mykayl1,Mykhailo1,Mykola23,Myles1,Mylz1,Myrolyub4,Myron1,Mythius1,Naatosi2,Nabeel1,Nabiil1,Nafet1,Nafi'1,Nagesrao1,Nahje#,Baby Boy Names1,Nahkoa4,Nahom2,Nahum1,Nailan1,Nairn1,Naithan1,Naitik1,Najah1,Najeeb1,Nakia1,Nam2,Naman1,Nanda1,Naphtali1,Narathip1,Naren1,Nari1,Narius38,Nash2,Nasir1,Naslund1,Nasser2,Natan32,Nate165,Nathan8,Nathanael1,Nathaneil1,Nathanel6,Nathanial60,Nathaniel1,Nathelle3,Nathen1,Nation1,Natna1,Natnael1,Natnayal1,Nauman3,Naveed1,Naveen1,Navjigar1,Navjot1,Navjyot1,Navkirat1,Navraaj3,Navraj1,Navroop1,Navtaj2,Navy1,Nawef1,Nay#,Baby Boy Names2,Nayel1,Nazerus1,Nazlund1,Neal1,Nebeyu1,Necalli2,Neel1,Neelabhro2,Nehemiah1,Nehmya8,Neil1,Nelo1,Nels4,Nelson1,Nelvin-Jake1,Nemat2,Neo1,Nero3,Nevan1,Neveah2,Neven3,Nevin1,Nevyn1,Neylan1,Neyo1,Nibulan89,Nicholas1,Nicholus3,Nick12,Nickolas1,Nickoli7,Nico1,Nicola32,Nicolas1,Nicolo1,Nicolus1,Nicough1,Nidal1,Nidhan5,Nigel1,Nihaar2,Nihal1,Nii1,Niico1,Niiko1,Nikalaus1,Nikheel2,Nikhil1,Nikiphor1,Nikita#,Baby Boy Names1,Nikko2,Niklas1,Niklaus6,Niko1,Nikodem2,Nikola7,Nikolai9,Nikolas1,Nikoli1,Nikosis1,Nikul1,Nino1,Nirtajbir1,Nisarg2,Nishaan1,Nishan1,Nishant1,Nishchal1,Nitin1,Nitish1,Nivaaj3,Nixen37,Nixon1,Noa210,Noah2,Noble6,Noel1,Noha1,Nohya89,Nolan1,Nolawe1,Nolawi2,Nole1,Nolen4,Nolin1,Nomaan1,Nooh3,Noor1,Noorullah1,Noraiz1,Nori4,Norman1,Nouh1,Nouman2,Nova1,Novak1,Nowel1,Nshan1,Nubayed1,Nurdine#,Baby Boy Names1,Nuriah1,Nyani1,Nylan1,Nyoach1,Nytesh1,Nyuon1,Oakden1,Oakland1,Oaklen8,Oakley1,Obada1,Obadiah2,Obaida1,Obichukwu3,Obinna1,Obrey1,Obsa1,Odie8,Odin1,Odosa2,Odyn1,Ogbewi1,Oghenefejiro1,Oghosa1,Ogyem1,Ohlyn1,Ohm1,Oisin1,Ojulo1,Ojwok1,Okechukwu1,Olaf1,Olakunle1,Olan1,Olawale3,Ole2,Olen1,Olexa1,Olin119,Oliver4,Olivier1,Ollie1,Oltijon1,Oluchukwu1,Oluwadara1,Oluwaferanmi1,Oluwatimilehin1,Oluwatobiloba1,Oluwatoni1,Om#,Baby Boy Names30,Omar3,Omari1,Omarion4,Omer1,Omid1,Omkar1,Onkar1,Opemipo1,Opiew1,Ordez1,Orel2,Oren1,Orian1,Orias3,Orin6,Orion1,Orisi1,Oritsetimehin3,Orlando2,Orrin2,Orry1,Orryn1,Osadolor1,Osborn18,Oscar1,Osemaren2,Oskar1,Osker1,Osman1,Ossynachi1,Ostin2,Oswald1,Otambek1,Ottavio1,Otto1,Oudom1,Owain187,Owen1,Owen-Lee1,Owyn1,Owynn1,Ozzais1,Paarth1,Pablo1,Pacey1,Padraig1,Paluaal4,Pancho1,Papademba1,Papricio#,Baby Boy Names1,Param1,Parami1,Paramjit-Singh1,Paranjay1,Parke78,Parker1,Parks1,Parmveer1,Parneet1,Partap1,Parteet3,Parth1,Parus1,Parwaan1,Parwaanveer1,Parwan1,Pascal1,Pasen1,Paston1,Pathrick1,Patricio38,Patrick1,Patryk18,Paul1,Paulo1,Pavanvir1,Pavel1,Pavinveer1,Pavit1,Pavnoor1,Pavol1,Pax16,Paxton1,Payden1,Payson6,Payton1,Paz1,Pe1,Pearce3,Pearson1,Pedro1,Pehlaj1,Peihao1,Peirson1,Peneale1,Peniel2,Penn2,Percy1,Peregrin1,Perrin#,Baby Boy Names3,Perseus1,Perston1,Pete41,Peter1,Petros1,Petru1,Petrus1,Peyman14,Peyton1,Pharrel3,Pheonix7,Philip4,Phillip2,Phinehas24,Phoenix1,Phylyp1,Pidroluis9,Pierce1,Piercen1,Piero1,Pierson2,Pieter1,Pietr1,Pietro1,Pim1,Poe20,Porter3,Prabhnoor1,Prabhpreet2,Prabhroop1,Prabhsimar1,Prabhuansh1,Prabhvir1,Praim1,Praise1,Pralab1,Pramol1,Pranavan1,Pratchett2,Prateek1,Pratik1,Pratul1,Pravaljot1,Praveen1,Prayush1,Precious-Chimaobim1,Preeden2,Presley1,Presten46,Preston#,Baby Boy Names5,Prince1,Prince-Glovid2,Princeton1,Prophet1,Pryce1,Pryor1,Purumit1,Purva1,Pushkar1,Puthiridh1,Qaasim1,Qin3,Quade2,Quaid1,Qualyjah1,Quaydynn1,Qudus10,Quentin1,Quillan2,Quin1,Quincey1,Quincy2,Quinlan1,Quinlen25,Quinn1,Quinnten1,Quint5,Quinten5,Quintin18,Quinton1,Qusay1,Raahil2,Raahim1,Rabbinoor1,Rableen1,Radeat1,Radeen2,Radek1,Radex1,Radine2,Radley1,Radly2,Radwin1,Raeden1,Raedyn1,Raees1,Raef1,Raegan1,Raeshawn9,Rafael#,Baby Boy Names1,Rafaël-Ferràn1,Rafe2,Raheem2,Rahman1,Rahmanudin1,Rahmat1,Rahul1,Rai12,Raiden1,Raien1,Raiki1,Raimo1,Raimon4,Rain3,Raine1,Rainen1,Rainn1,Raiyan1,Raizam1,Raizo2,Raj1,Raja1,Rajdeep1,Rajeev1,Rajul2,Rajveer2,Rakan1,Rakayden2,Raleigh1,Ralfred2,Ralph1,Ram1,Ramaar3,Rami1,Ramiel2,Ramin1,Ramius1,Ramon1,Ramone1,Ramsey1,Ramy1,Ramzi2,Rana4,Ranbir10,Randy1,Ranin1,Ranithu1,Ransom1,Rantej2,Ranveer#,Baby Boy Names1,Ranvir1,Rany8,Raphael1,Rashaud1,Rasith1,Rasul2,Raul1,Raunaq1,Ravindu1,Ravtejveer2,Rawad1,Rawleigh1,Rawley1,Rawson5,Ray2,Rayaan5,Rayan1,Rayce1,Raydan9,Rayden1,Raydin1,Rayhaan2,Raymon9,Raymond2,Rayne1,Rayner1,Rayver3,Rayyan1,Razeen1,Read3,Reagan1,Reagen1,Rease2,Reda1,Redding1,Redmond1,Redwan11,Reece14,Reed1,Reeda2,Reegan1,Reegin13,Reese2,Reeve2,Reggie2,Reginald2,Rehaan5,Rehan1,Rehman1,Rehoboth#,Baby Boy Names52,Reid1,Reign3,Reilly1,Reinhardt1,Reis1,Reizo1,Rémi4,Remington1,Remmy1,Remy1,Renan3,Rene2,René1,Reniel1,Renin1,Renzejr1,Reo1,Reshampreet6,Reuben1,Reujaiden5,Rex1,Rexton1,Reyd1,Reyyan1,Reyzell2,Reza1,Rhean1,Rhein1,Rheon16,Rhett1,Rhiadenn1,Rhin1,Rhion1,Rhoden1,Rhovin1,Rhyatt3,Rhyder1,Rhyiden3,Rhyker2,Rhylan1,Rhyler1,Rhylinn20,Rhys1,Rhyse2,Rhythm1,Riad1,Riaz4,Ricardo1,Ricgel18,Richard#,Baby Boy Names1,Richie1,Rickal1,Rickey1,Rickson6,Ricky1,Rico1,Riddick1,Rider1,Ridhay3,Ridley1,Riel1,Rielynd1,Rigby1,Righteous1,Rihaan1,Rijker1,Rik3,Riker1,Rilay104,Riley1,Rillian1,Rilyn1,Rimon1,Rimonn1,Ring2,Rio1,Ripley2,Rishab2,Rishabh1,Rishan1,Rishi1,Rithik1,Rithy1,Ritish1,Ritvik1,Ritwik2,Riven7,River1,Riyansh1,Rizvi6,Roan1,Robbin2,Robby3,Robel35,Robert1,Roberto1,Robi-Daniel5,Robin1,Robson3,Rocco#,Baby Boy Names1,Rockwell9,Rocky1,Rodbod1,Roderick1,Rodge1,Rodin2,Rodney1,Rodric1,Rodrick2,Rodrigo1,Rodwin2,Roen1,Roenin7,Rogan1,Rogdon2,Rogelio1,Rogelito1,Rogue1,Rohaam8,Rohan1,Rohandeep1,Rohann1,Rohen3,Rohin1,Roi1,Rojhay1,Rokan3,Roland1,Romaan1,Romaine20,Roman3,Rome1,Romell1,Romen2,Romeo1,Romey1,Rommel1,Ron4,Ronak5,Ronald3,Ronaldo24,Ronan1,Ronen1,Roney1,Ronie6,Ronin1,Ronin-Axel1,Rony1,Rope1,Roran#,Baby Boy Names1,Rorke8,Rory1,Rosco1,Roscoe1,Roshan4,Ross1,Rostom1,Rothko1,Rourke1,Rovid31,Rowan7,Rowen1,Rowin3,Roy3,Royce1,Rual1,Ruazel1,Rubeal4,Ruben1,Rubin1,Rudy1,Rueben1,Ruger1,Rugiramisangwa1,Rui1,Ruon1,Ruot1,Rupert1,Rurik1,Rusch1,Ruselle1,Rush1,Rushi1,Rushil6,Russell1,Rusty143,Ryan1,Ryatte1,Ryckard1,Rydan13,Ryden129,Ryder1,Ryedon1,Ryelan1,Ryelyn1,Ryer1,Ryerson1,Ryiss53,Ryker1,Rykin#,Baby Boy Names75,Rylan14,Ryland1,Ryle1,Rylea5,Rylee9,Rylen1,Rylend3,Ryler17,Ryley2,Rylie3,Rylin1,Ryne3,Ryo1,Ryoma1,Ryon1,Rytten1,Ryuk-Nicholas1,S.1,Saad1,Sa'ad1,Saahil1,Saaim1,Saarthak1,Sabastain2,Sabastian1,Sabeeh1,Sabian2,Sabir1,Sable1,Sabre1,Sabri1,Sabtain2,Sacha2,Sachin1,Sadeed1,Sadra1,Sadrac1,Saed4,Saeed1,Safeen1,Saffrin1,Safiul1,Safwat5,Sage1,Sahaj1,Sahan4,Sahib3,Sahibdeep1,Sahibjeet2,Sahibjot#,Baby Boy Names1,Sahibroop10,Sahil1,Sahilvir2,Sahir1,Sahisht3,Sai2,Said1,Saidi3,Saif2,Saihaj1,Saihajpal1,Saihajvir1,Saim1,Saiyun3,Sajad1,Sajanth1,Sajjad1,Sajjan1,Saket1,Sakibul1,Salahadin1,Salaheddine1,Salahuddin2,Saleh2,Salem3,Salman28,Sam1,Samar1,Samarvir1,Sameer1,Samer1,Sameul1,Samih2,Samir1,Sammer1,Sammy5,Samson1,Samual160,Samuel1,Samuil1,Samy1,Samyom1,Sanam1,Sandrin1,Sandrino1,Sangston1,Santana1,Santej1,Santhosh10,Santiago#,Baby Boy Names2,Santino1,Sanvinder-Singh1,Sarab1,Sarbjot1,Sarbpreet1,Sari2,Sarim1,Sarodjy1,Sarosh-Khizer1,Sarry1,Sarveshan1,Sascha2,Sasha1,Sasuke2,Satkaar1,Satveer1,Satvik6,Saul1,Sawhil1,Sawsha46,Sawyer1,Saxon1,Sayen1,Sayvian20,Scott1,Scottie2,Scout1,Sealthiel9,Seamus1,Séamus25,Sean60,Sebastian2,Sebastián1,Sebastiàn6,Sebastien1,Sebastiene1,Sedar1,Sedem1,Sediq1,Seeyar1,Sefa1,Sefwan4,Sehaj1,Sehajpreet1,Sehej1,Sehjdeep1,Seiji1,Seki1,Selmon1,Seme#,Baby Boy Names1,Senuja1,Sepand1,Serge1,Sergio70,Seth1,Sethodus1,Seunghyun1,Severyn1,Seyed-Radean4,Shaan1,Shaanvir1,Shaarya2,Shade1,Shaden1,Shadraka4,Shae1,Shaeem1,Shaelann1,Shaelin1,Shaemus1,Shahab1,Shaheen3,Shaheer1,Shahfraz2,Shahmeer1,Shahmir1,Shahryar2,Shahzaib1,Shahzeb1,Shaine1,Shaka1,Shalin1,Shallon2,Shalom1,Sham1,Shaman1,Shameer1,Shamoin1,Shamous1,Shamus1,Shanahan10,Shane1,Shan-Singh1,Shant1,Shanvir1,Shaquan1,Sharmake1,Shaswata9,Shaun2,Shaurya#,Baby Boy Names1,Shavaiz1,Shavi8,Shawn3,Shay3,Shayaan4,Shayan1,Shayd1,Shayden1,Shaydin3,Shaye1,Shaymis2,Shayne11,Shea1,Sheamus1,Shehabaldean1,Sheikh1,Sheikhan3,Shelby1,Shelden14,Sheldon1,Shem1,Shemayah3,Shepard1,Sheperd2,Shepherd1,Sherman1,Shervon1,Sherwin1,Sheydon2,Shia1,Shiekh1,Shiffon1,Shihab2,Shiloh1,Shiraj1,Shiv2,Shiva1,Shivaan1,Shivam1,Shivang1,Shiven1,Shivraj2,Shlok1,Shooter1,Shourya1,Shreesh1,Shrey2,Shubh1,Shubhkarman1,Shune#,Baby Boy Names1,Shuvam1,Shuyler3,Shyne1,Shyzan1,Si1,Siddarth1,Siddhartha1,Sidhaant7,Sidney1,Sieffre1,Sieger1,Sihakseila27,Silas2,Silvanus2,Silver1,Simarpreet1,Simeon1,Sim'esihle36,Simon1,Simon-Rome1,Simrat2,Sincere1,Sin'cere1,Sinuhe1,Sir1,Sirat1,Skogan4,Sky2,Skye9,Skylar30,Skyler2,Skyy6,Slade1,Slayde1,Slayter4,Sloan1,Smaran1,Smith1,Sofian1,Sohail1,Soham1,Sohan1,Sohrab2,Sol11,Solomon1,Som1,Soma8,Soren1,Sota1,Souta#,Baby Boy Names37,Spencer1,Stadler1,Stanleigh4,Stanley1,Stardel1,Starr5,Steele1,Stef4,Stefan1,Stefen1,Stellan4,Stephan13,Stephen5,Sterling2,Stetson3,Stevan20,Steven1,Stevie-Gene-Brock1,Stewart1,Stire1,Stirling1,Stockton1,Stoic1,Stone2,Storm1,Streiter1,Strider1,Stryder4,Stuart1,Stylez1,Suchan1,Suffy1,Sufian2,Sufyan1,Suhaan3,Suhaib1,Suhandan1,Suhhrob1,Sukhbir1,Sukhjot1,Sukhman1,Sukhmeet1,Sukhraj1,Sukhvir1,Sulayman1,Suleyman1,Sulgi12,Sullivan1,Sully1,Sultan#,Baby Boy Names1,Sundance1,Sungho1,Sunnie2,Sunny1,Surafel3,Surya2,Sutton1,Sy1,Syah5,Sydney14,Syed1,SyedTaha6,Sylas1,Sylaz3,Sylis1,Sylus1,Sylvain1,Sylvan1,Synceare1,Syncere1,Syrus1,Szymon1,Tachoma1,Tadence1,Tadhg1,Tae1,Taeo-Antonio3,Taeven1,Taevin1,Taevon1,Taeyo1,Tagen2,Taggart9,Taha1,Tahawur1,Taher1,Tahi1,Tahir1,Tahmid1,Tahren1,Tahseen1,Tah'Shy1,Tai1,Taidan1,Taigh1,Taihgan1,Taim2,Taio3,Tait1,Taiten#,Baby Boy Names2,Taiven2,Taiyo1,Taiz1,Taizyn1,Tajuddin2,Tajveer1,Taka1,Takashi1,Takeru1,Takoda1,Tal1,Talaal1,Talal1,Talan5,Talen2,Talha1,Tallin1,Tallinn10,Talon1,Talson1,Talyn1,Tam1,Tamerlan1,Tamim1,Tamoor1,Tanaka2,Tanatswa1,Tanish1,Tanjeev43,Tanner1,Tanush1,Tanveer1,Tanzeel1,Taqi1,Taral4,Taran1,Taranveer1,Taranvir2,Tarek1,Tareq1,Tarick1,Tarig2,Tarik1,Tariq1,Tarn1,Tarrex1,Tarshaan1,Taru1,Tarun1,Tas#,Baby Boy Names1,Tasen1,Tashif1,Tason13,Tate1,Taten5,Tatum1,Tau1,Tavaris1,Taven2,Tavian1,Taviis6,Tavin2,Tavion1,Tavis2,Tavius1,Tavyn1,Tawkee1,Taycin1,Taydan4,Tayden1,Taye1,Tayhlor-lee2,Taylen3,Tayler1,Taylin1,Taylon35,Taylor1,Taynen2,Tayo2,Taysen2,Tayson1,Tayton6,Tayven4,Tayvin1,Tayyab1,Tayzer1,Tayzmon1,Taze1,Tazio1,Tazman1,T-boy9,Teagan2,Teagen1,Teaghan-Rocky1,Teagun1,Teamerat1,Tearin1,Teckie2,Ted2,Teddy#,Baby Boy Names5,Teegan1,Teeias1,Teejay1,Tegam5,Tegan1,Tegh1,Teghveer1,Teigen3,Tejas1,Tejasvir1,Tejbir1,Temesgen2,Temujin1,Tenecious1,Tengyal1,Tennyson1,Tensly2,Tenzin1,Teo1,Teodor2,Terance1,Teraq1,Teren1,Terin1,Terrace4,Terrance1,Terrell2,Terrence1,Terrenz1,Terrick6,Terry1,Tertius1,Tevin1,Tevinn1,Tewodros1,Teydon1,Teygan1,Teyo1,Thaddaeus1,Thaddeus1,Thade1,Thai1,Thando1,Thane1,Tharriss1,Tharun1,Thatcher1,Thayden1,Thaydius1,Thayin#,Baby Boy Names2,Thayne1,Theadore1,Theiren8,Theo1,Théo1,Theoden1,Théoden1,Theodor18,Theodore1,Theodrik3,Theoren2,Theoron1,Theren1,Thereon4,Theron1,Therron1,Thiago1,Thien1,Thiên1,Thijs77,Thomas1,Thompson1,Thomson1,Thoren1,Thorin1,Thorsten1,Thorton1,Thunder1,Thurston1,Thysen1,Tiago3,Tianyi1,Tiberius1,Tidus1,Tiegan2,Tiernan1,Tiernin1,Tieryn1,Tietjen3,Tiger1,Tikaida1,Tikhon1,Tiler1,Tilo2,Tim1,Timilehin1,Timmothy1,Timmy2,Timofey21,Timothy#,Baby Boy Names1,Timourr-Aaron1,Timur1,Tin-Huy1,Tirian1,Tirth1,Tito7,Titus2,Tobenna1,Tobey1,Tobi1,Tobiah14,Tobias2,Tobin10,Toby2,Todd1,Tolker1,Tollen1,Tolson4,Tom4,Tomas1,Tomick7,Tommy1,Tong1,Tonny9,Tony1,Toprak1,Toren1,Torence1,Torger1,Torien6,Torin1,Toro2,Torren1,Torsten1,Torvin1,Tory6,Trace1,Tracen1,Trae1,Traeden1,Traeton1,Traeven1,Trafford1,Trajan1,Trav1,Travez1,Travin27,Travis2,Trayce1,Traykel#,Baby Boy Names1,Traysen1,Traysin1,Trayson1,Trayton1,Treffen1,Trei1,Tréjuane1,Trenden1,Trendon7,Trent7,Trenton1,Trenyn1,Tresor1,Trésor3,Treston1,Trevan3,Trever2,Trevin1,Trevon11,Trevor1,Trew15,Trey1,Treyce1,Treydan2,Treyden1,Treysen3,Treyson3,Treyton1,Treyvon2,Trigg1,Trillian5,Tripp1,Trippett1,Triptjeet109,Tristan1,Tristano11,Tristen3,Tristian4,Tristin1,Tristinn2,Triston1,Tristyn1,Triton18,Troy1,Tru1,Truman1,Trusten1,Trustin1,Tryan1,Tryp#,Baby Boy Names8,Trystan3,Trysten1,Trytin1,Tuach1,Tualsiansum14,Tucker1,Tukker1,Tumi1,Turek1,Turgut3,Turner1,Tushaar1,Tustin1,Tuvia1,Tux36,Ty1,Tyberius3,Tyce1,Tycer10,Tye1,Tylan2,Tylen96,Tyler1,Tylor1,Tyquan1,Tyree1,Tyreese1,Tyrel7,Tyrell2,Tyren3,Tyrese1,Tyress1,Tyresse1,Tyrin1,Tyrius1,Tyron5,Tyrone1,Tyronne2,Tyrrell1,Tyse5,Tysen1,Tyshawn79,Tyson1,Tytan2,Tyus1,Tyzaya1,Tziyon1,Udamvir1,Udayveer1,Udhay#,Baby Boy Names1,Ugochukwu1,Ulises4,Umar1,Umer1,Unai1,Universe1,Urbano2,Uriah7,Urijah1,Usayd1,Usmaan6,Usman1,Ustaat1,Uzair1,Uzziah1,V1,Vadik1,Vahed1,Vahel2,Vaibhav1,Vaisega1,Valen1,Valentine1,Valentino1,Valin1,Valontine1,Valor4,Van5,Vance1,Vandam1,Vanden1,Vanko1,Vann1,Vansh1,Varden1,Varen1,Varick1,Varinderjit1,Varun1,Vasco1,Vash1,Vasili11,Vaughn1,Vaulten1,Vaun1,Vaven1,Veasna1,Vedaant1,Vedan1,Vedant#,Baby Boy Names3,Veer1,Veerin1,Vence1,Vernon1,Vicente19,Victor1,Vidak1,Vidyut1,Viet1,Vihan1,Vijetra1,Vikrm7,Viktor1,Viktorious1,Vilém1,Vince19,Vincent1,Vincente1,Vincenzo1,Vincenzo-Michael1,Vindar1,Vinncent1,Vinson1,Vishvaraja2,Vitali1,Vito1,Vittorio1,Vivaan4,Vivek3,Vladimir1,Vuong1,Vyacheslav1,Vyom1,Vyshnav1,Wace1,Wacey6,Wade1,Wahab2,Wahid2,Waleed5,Walid13,Walker3,Wallace5,Walter1,Wan1,Wani1,Warfaa2,Waris4,Warner9,Warren#,Baby Boy Names1,Warrick1,Warrion1,Warsame1,Washington1,Wasiullah2,Wassim1,Watt1,Waukeen1,Waylen9,Waylon3,Wayne1,Wazea1,Wazir1,Wendell1,Weno1,Wesaam17,Wesley1,Wessan1,Wesson3,West1,Westen2,Westin3,Westley14,Weston1,Westyn1,Weyar1,Weylyn1,Whistler1,Whyatt2,Wil1,Wilden1,Wiley1,Wilfred1,Wilhelm11,Will1,Willaid1,Willard2,Willem1,Willfred1,Willi184,William4,Willie2,Willow4,Willy1,Willyam2,Wilson1,Wing2,Winston2,Wolfgang2,Wren#,Baby Boy Names1,Wryker1,Wuol96,Wyatt1,Wyett1,Wylde2,Wylder1,Wylee2,Wylie1,Wynn1,Wynston1,Wynton1,Wyse1,Xachary1,Xadyn2,Xaiver1,Xamsa44,Xander1,Xanderiah2,Xaver1,Xavi1,Xavian58,Xavier3,Xayden1,Xenos1,Xiao1,Xiathayne1,Xidorn1,Xinbo1,Xion1,Xiyuan1,Xuél1,Xyler1,Xyrus1,Xyruz1,Xzander2,Xzavier1,X-Zavier1,Xzyler1,Yaakov1,Yaaqub1,Yaask1,Yacine2,Yafet1,Yafiet1,Yagna2,Yahia5,Yahya1,Yahye1,Yaku1,Yakub#,Baby Boy Names1,Yan1,Yanic1,Yaniv1,Yannick1,Yannis1,Yap1,Yari1,Yasar7,Yaseen2,Yash1,Yasha1,Yashraj1,Yashvardhan2,Yasir1,Yasseen2,Yassin1,Yassir2,Yazan1,Yazin1,Yeab1,Yehuda2,Yehya1,Yejoon1,Yemaje1,Yemiru1,Yifeng1,Yiming1,Yoas1,Yoav2,Yohan1,Yohanes1,Yonata2,Yonis1,Yoram1,York1,Yosef1,Yoseph1,Yoshiya1,Yotin6,Yousef3,Yousif4,Youssef1,Youssif6,Yousuf1,Yslash1,Yuan1,Yudhveer1,Yug1,Yunus1,Yurek#,Baby Boy Names1,Yuro4,Yusef1,Yusof1,Yussuf11,Yusuf1,Yuta1,Yutaka10,Yuvraj1,Yves1,Yvo1,Zac1,Zacaryah3,Zach5,Zachariah2,Zacharie108,Zachary4,Zachery1,Zachiah1,Zachris19,Zack1,Zackaria1,Zackariya14,Zackary1,Zackeriah1,Zackerie8,Zackery1,Zackyry2,Zade2,Zaden1,Zaheerullah1,Zahidullah1,Zahkeem2,Zaid1,Zaidan3,Zaiden1,Zaidi1,Zaidyn9,Zain1,Zain-Ul-Abideen3,Zak1,Zakai2,Zakari10,Zakaria2,Zakariya2,Zakary1,Zakarya1,Zake-ullah1,Zaki1,Zakk2,Zakkary#,Baby Boy Names1,Zakre1,Zakry26,Zander1,Zandyn20,Zane1,Zarar1,Zarghun1,Zaron2,Zavier1,Zayaan4,Zayan1,Zayd7,Zayden1,Zaydien1,Zaydon1,Zaydyn1,Zayed2,Zayn10,Zayne1,Zealand1,Zebediah1,Zechariah1,Zedrhyx1,Zedriq1,Zeegen1,Zein1,Zekarias1,Zeke1,Zekirstos1,Zendarius2,Zenith1,Zenn2,Zennan1,Zennon1,Zennyn1,Zeno4,Zenon2,Zephan1,Zephaniah1,Zephran2,Zephyr1,Zerubabel1,Zervil2,Zeth1,Zethan1,Zeus2,Zev1,Zewz1,Zeyu1,Zheng#,Baby Boy Names1,Zi2,Zia3,Ziad1,Zidane1,Zieshan1,Zietsman7,Zion1,Zirak1,Ziyad1,Zohaan3,Zohair1,Zoltán1,Zopa1,Zoravar1,Zoren1,Zrain1,Zubair1,Zubayr1,Zuriel1,Zurrin1,Zwok1,Zyan1,Zyrone